zone,changed_date,column,old,new,delta
sebs,1982-04-01,area_frac,0.019166789948940277,0.018937041983008385,-0.0002297479659318924
sebs,1983-03-01,area_frac,0.012168226763606071,0.012146485038101673,-2.1741725504398346e-05
sebs,1984-01-01,area_frac,0.16717566549777985,0.1670347899198532,-0.00014087557792663574
sebs,1985-01-01,area_frac,0.23685547709465027,0.23340094089508057,-0.003454536199569702
sebs,1985-02-01,area_frac,0.16054591536521912,0.1581255942583084,-0.0024203211069107056
sebs,1987-01-01,area_frac,0.0007613773341290653,0.0007386537618003786,-2.2723572328686714e-05
sebs,1987-04-01,area_frac,0.08363284915685654,0.08379621058702469,0.00016336143016815186
sebs,1987-12-01,area_frac,0.00018048663332592696,0.0001579258096171543,-2.256082370877266e-05
sebs,1988-01-01,area_frac,0.0026148573961108923,0.0009615991730242968,-0.0016532582230865955
sebs,1988-02-01,area_frac,0.017208334058523178,0.01662207394838333,-0.0005862601101398468
sebs,1989-04-01,area_frac,0.0,9.054200199898332e-05,9.054200199898332e-05
sebs,1989-05-01,area_frac,0.0,0.00015333725605159998,0.00015333725605159998
sebs,1993-12-01,area_frac,0.04392500966787338,0.04381139203906059,-0.00011361762881278992
sebs,1994-01-01,area_frac,0.002794372383505106,0.0026132373604923487,-0.0001811350230127573
sebs,1994-02-01,area_frac,0.004429621156305075,0.0038546365685760975,-0.0005749845877289772
sebs,1995-03-01,area_frac,0.0003351283958181739,0.0003130585828330368,-2.2069812985137105e-05
sebs,1995-12-01,area_frac,0.007183353882282972,0.007161448244005442,-2.190563827753067e-05
sebs,1996-01-01,area_frac,0.18189705908298492,0.18178753554821014,-0.00010952353477478027
sebs,1996-05-01,area_frac,0.013649795204401016,0.013605820946395397,-4.397425800561905e-05
sebs,1997-05-01,area_frac,0.007379904855042696,0.007357834838330746,-2.2070016711950302e-05
sebs,1997-06-01,area_frac,0.14079013466835022,0.14069890975952148,-9.122490882873535e-05
sebs,1998-03-01,area_frac,0.10040546953678131,0.10015713423490524,-0.0002483353018760681
sebs,1998-04-01,area_frac,0.007815089076757431,0.007906989194452763,9.190011769533157e-05
sebs,2000-12-01,area_frac,0.001207280089147389,0.0008121616556309164,-0.0003951184335164726
sebs,2001-01-01,area_frac,0.19634731113910675,0.19209347665309906,-0.00425383448600769
sebs,2001-02-01,area_frac,0.15590736269950867,0.14594349265098572,-0.00996387004852295
sebs,2001-03-01,area_frac,0.002639452461153269,0.002369212917983532,-0.00027023954316973686
sebs,2001-04-01,area_frac,0.019932806491851807,0.019879769533872604,-5.303695797920227e-05
sebs,2002-06-01,area_frac,0.0009767264127731323,0.0009540908504277468,-2.263556234538555e-05
sebs,2002-12-01,area_frac,0.06713994592428207,0.06645447760820389,-0.000685468316078186
sebs,2003-01-01,area_frac,0.13929550349712372,0.13844013214111328,-0.000855371356010437
sebs,2003-02-01,area_frac,0.18737387657165527,0.18390654027462006,-0.0034673362970352173
sebs,2003-03-01,area_frac,0.27697333693504333,0.2753879427909851,-0.0015853941440582275
sebs,2003-04-01,area_frac,0.15551652014255524,0.1544654369354248,-0.0010510832071304321
sebs,2003-05-01,area_frac,0.09182970970869064,0.09125114232301712,-0.000578567385673523
sebs,2003-06-01,area_frac,0.09372332692146301,0.09370069205760956,-2.263486385345459e-05
sebs,2004-03-01,area_frac,0.012961985543370247,0.01294008083641529,-2.1904706954956055e-05
sebs,2004-06-01,area_frac,0.09276507049798965,0.09265188872814178,-0.00011318176984786987
sebs,2014-02-01,area_frac,0.0011217874707654119,0.0009665404795669019,-0.00015524699119850993
sebs,2014-12-01,area_frac,0.3083909749984741,0.3083677589893341,-2.321600914001465e-05
sebs,2015-01-01,area_frac,0.6641752123832703,0.6624763607978821,-0.0016988515853881836
sebs,2015-02-01,area_frac,0.30096063017845154,0.30093511939048767,-2.5510787963867188e-05
sebs,2015-03-01,area_frac,0.27007827162742615,0.26998576521873474,-9.250640869140625e-05
sebs,2015-12-01,area_frac,0.1434224247932434,0.14339984953403473,-2.25752592086792e-05
sebs,2016-01-01,area_frac,0.018587956205010414,0.01845064014196396,-0.00013731606304645538
sebs,2016-02-01,area_frac,0.2042522132396698,0.20285505056381226,-0.001397162675857544
sebs,2016-03-01,area_frac,0.15610265731811523,0.155338853597641,-0.0007638037204742432
sebs,2016-04-01,area_frac,0.4155839681625366,0.4121517539024353,-0.0034322142601013184
sebs,2016-05-01,area_frac,0.6534022092819214,0.6530284881591797,-0.0003737211227416992
sebs,2016-06-01,area_frac,0.7663206458091736,0.7662980556488037,-2.2590160369873047e-05
sebs,2017-01-01,area_frac,0.32701388001441956,0.326859712600708,-0.00015416741371154785
sebs,2017-02-01,area_frac,0.042743515223264694,0.041331056505441666,-0.0014124587178230286
sebs,2017-05-01,area_frac,0.01244747918099165,0.012292005121707916,-0.00015547405928373337
sebs,2018-01-01,area_frac,0.0747380331158638,0.07404551655054092,-0.000692516565322876
sebs,2018-02-01,area_frac,0.34633833169937134,0.34591788053512573,-0.00042045116424560547
sebs,2018-03-01,area_frac,0.28306204080581665,0.28225070238113403,-0.0008113384246826172
sebs,2018-04-01,area_frac,0.11338308453559875,0.11184903234243393,-0.0015340521931648254
sebs,2018-05-01,area_frac,0.04249203950166702,0.04070489853620529,-0.001787140965461731
sebs,2019-02-01,area_frac,0.20717474818229675,0.2069501131772995,-0.00022463500499725342
sebs,2019-03-01,area_frac,0.2594480812549591,0.25782203674316406,-0.001626044511795044
sebs,2019-04-01,area_frac,0.5327072143554688,0.531725287437439,-0.0009819269180297852
sebs,2019-05-01,area_frac,0.569058358669281,0.5681808590888977,-0.0008774995803833008
sebs,2019-12-01,area_frac,0.22266046702861786,0.22254765033721924,-0.0001128166913986206
sebs,2020-04-01,area_frac,0.02585182525217533,0.02578306943178177,-6.875582039356232e-05
sebs,2021-04-01,area_frac,0.046473342925310135,0.046077873557806015,-0.0003954693675041199
sebs,2021-05-01,area_frac,0.01869124546647072,0.018491966649889946,-0.0001992788165807724
sebs,2023-02-01,area_frac,0.3559986650943756,0.3554345965385437,-0.0005640685558319092
sebs,2023-12-01,area_frac,0.09295923262834549,0.09291493147611618,-4.430115222930908e-05
sebs,2024-01-01,area_frac,0.12873098254203796,0.12862145900726318,-0.00010952353477478027
sebs,2025-01-01,area_frac,0.24199949204921722,0.24050316214561462,-0.0014963299036026
sebs,2025-02-01,area_frac,0.13321934640407562,0.1309708058834076,-0.00224854052066803
sebs,2025-04-01,area_frac,0.08125902712345123,0.0810265764594078,-0.00023245066404342651
sebs,2025-05-01,area_frac,0.02058868110179901,0.02056644670665264,-2.2234395146369934e-05
sebs,1982-03-01,Ibar,1.21318781375885,1.2131870985031128,-7.152557373046875e-07
sebs,1982-04-01,Ibar,0.9976802468299866,0.9944859147071838,-0.0031943321228027344
sebs,1983-02-01,Ibar,0.37013354897499084,0.36991995573043823,-0.0002135932445526123
sebs,1983-03-01,Ibar,1.0725739002227783,1.0742818117141724,0.001707911491394043
sebs,1983-04-01,Ibar,1.2023202180862427,1.202356219291687,3.600120544433594e-05
sebs,1983-05-01,Ibar,0.7465338110923767,0.7465611696243286,2.7358531951904297e-05
sebs,1983-12-01,Ibar,0.8024898171424866,0.8024138808250427,-7.593631744384766e-05
sebs,1984-01-01,Ibar,1.2197610139846802,1.2162007093429565,-0.003560304641723633
sebs,1984-02-01,Ibar,0.8274859189987183,0.8272677659988403,-0.0002181529998779297
sebs,1984-12-01,Ibar,1.1977109909057617,1.1976242065429688,-8.678436279296875e-05
sebs,1985-01-01,Ibar,1.4307197332382202,1.437127947807312,0.006408214569091797
sebs,1985-02-01,Ibar,0.9226390719413757,0.9246781468391418,0.0020390748977661133
sebs,1985-03-01,Ibar,0.7582822442054749,0.7581043243408203,-0.00017791986465454102
sebs,1985-12-01,Ibar,0.09452809393405914,0.09292805939912796,-0.0016000345349311829
sebs,1986-01-01,Ibar,0.29069003462791443,0.28338274359703064,-0.007307291030883789
sebs,1986-02-01,Ibar,0.5337957739830017,0.5207415819168091,-0.013054192066192627
sebs,1986-12-01,Ibar,0.9241187572479248,0.9241815209388733,6.276369094848633e-05
sebs,1987-01-01,Ibar,0.5826210975646973,0.539983868598938,-0.04263722896575928
sebs,1987-02-01,Ibar,0.8373104333877563,0.82737797498703,-0.009932458400726318
sebs,1987-03-01,Ibar,0.878585934638977,0.8785854578018188,-4.76837158203125e-07
sebs,1987-04-01,Ibar,1.3491203784942627,1.348613977432251,-0.0005064010620117188
sebs,1987-05-01,Ibar,0.4080188274383545,0.40793055295944214,-8.827447891235352e-05
sebs,1987-12-01,Ibar,0.34063130617141724,0.3008630871772766,-0.039768218994140625
sebs,1988-01-01,Ibar,0.6439334750175476,0.7438584566116333,0.0999249815940857
sebs,1988-02-01,Ibar,1.1866921186447144,1.187239408493042,0.0005472898483276367
sebs,1988-03-01,Ibar,0.3117939233779907,0.3086615800857544,-0.003132343292236328
sebs,1989-03-01,Ibar,0.11404317617416382,0.11308200657367706,-0.0009611696004867554
sebs,1989-04-01,Ibar,0.0,0.07374817878007889,0.07374817878007889
sebs,1989-05-01,Ibar,0.0,0.14934302866458893,0.14934302866458893
sebs,1990-12-01,Ibar,0.04545029252767563,0.04367547482252121,-0.001774817705154419
sebs,1991-01-01,Ibar,0.7292742729187012,0.7280991673469543,-0.0011751055717468262
sebs,1991-02-01,Ibar,0.09943848103284836,0.097658671438694,-0.001779809594154358
sebs,1991-03-01,Ibar,0.11016655713319778,0.10779484361410141,-0.0023717135190963745
sebs,1992-01-01,Ibar,0.16073857247829437,0.15195366740226746,-0.008784905076026917
sebs,1993-01-01,Ibar,0.19044290482997894,0.18216153979301453,-0.008281365036964417
sebs,1993-03-01,Ibar,0.27534350752830505,0.275343120098114,-3.8743019104003906e-07
sebs,1993-04-01,Ibar,0.8110065460205078,0.8106940984725952,-0.00031244754791259766
sebs,1993-05-01,Ibar,0.6053955554962158,0.6031879782676697,-0.0022075772285461426
sebs,1993-12-01,Ibar,1.654740333557129,1.671967625617981,0.01722729206085205
sebs,1994-01-01,Ibar,1.2321430444717407,1.2340158224105835,0.0018727779388427734
sebs,1994-02-01,Ibar,0.6689311265945435,0.6707093119621277,0.0017781853675842285
sebs,1995-02-01,Ibar,0.5231584310531616,0.49501875042915344,-0.02813968062400818
sebs,1995-03-01,Ibar,0.21062052249908447,0.19101354479789734,-0.019606977701187134
sebs,1995-12-01,Ibar,0.4532313048839569,0.45095738768577576,-0.0022739171981811523
sebs,1996-01-01,Ibar,1.3507992029190063,1.3511083126068115,0.0003091096878051758
sebs,1996-03-01,Ibar,0.5282841920852661,0.528272271156311,-1.1920928955078125e-05
sebs,1996-04-01,Ibar,0.7770885229110718,0.7770637273788452,-2.47955322265625e-05
sebs,1996-05-01,Ibar,0.8841688632965088,0.8830467462539673,-0.001122117042541504
sebs,1997-05-01,Ibar,0.37937453389167786,0.3793990910053253,2.4557113647460938e-05
sebs,1997-06-01,Ibar,1.6412208080291748,1.6413061618804932,8.535385131835938e-05
sebs,1998-03-01,Ibar,1.2345590591430664,1.232616901397705,-0.0019421577453613281
sebs,1998-04-01,Ibar,0.4401874244213104,0.4395279288291931,-0.0006594955921173096
sebs,1998-11-01,Ibar,0.5505123734474182,0.550491213798523,-2.1159648895263672e-05
sebs,1998-12-01,Ibar,0.19877372682094574,0.1985931694507599,-0.00018055737018585205
sebs,2000-12-01,Ibar,0.32732895016670227,0.38332363963127136,0.05599468946456909
sebs,2001-01-01,Ibar,1.583705186843872,1.6182010173797607,0.03449583053588867
sebs,2001-02-01,Ibar,1.8836100101470947,1.8401437997817993,-0.04346621036529541
sebs,2001-03-01,Ibar,0.5901976227760315,0.5728260278701782,-0.01737159490585327
sebs,2001-04-01,Ibar,1.0357294082641602,1.0318782329559326,-0.003851175308227539
sebs,2002-01-01,Ibar,0.1473439484834671,0.14215809106826782,-0.00518585741519928
sebs,2002-05-01,Ibar,0.4360494613647461,0.43548262119293213,-0.0005668401718139648
sebs,2002-06-01,Ibar,0.12936200201511383,0.12975762784481049,0.0003956258296966553
sebs,2002-11-01,Ibar,2.0847394466400146,2.08473801612854,-1.430511474609375e-06
sebs,2002-12-01,Ibar,1.7503050565719604,1.7500094175338745,-0.0002956390380859375
sebs,2003-01-01,Ibar,1.4006098508834839,1.3995981216430664,-0.0010117292404174805
sebs,2003-02-01,Ibar,1.6639950275421143,1.6447393894195557,-0.019255638122558594
sebs,2003-03-01,Ibar,1.5562183856964111,1.5544720888137817,-0.0017462968826293945
sebs,2003-04-01,Ibar,1.2746944427490234,1.2701364755630493,-0.004557967185974121
sebs,2003-05-01,Ibar,1.915215015411377,1.9150866270065308,-0.0001283884048461914
sebs,2003-06-01,Ibar,2.2035763263702393,2.2036750316619873,9.870529174804688e-05
sebs,2003-12-01,Ibar,1.3725439310073853,1.3725438117980957,-1.1920928955078125e-07
sebs,2004-02-01,Ibar,0.4946921169757843,0.49200841784477234,-0.002683699131011963
sebs,2004-03-01,Ibar,0.7515437602996826,0.7531245350837708,0.0015807747840881348
sebs,2004-05-01,Ibar,1.2175416946411133,1.2166788578033447,-0.0008628368377685547
sebs,2004-06-01,Ibar,2.28202223777771,2.281323194503784,-0.0006990432739257812
sebs,2005-04-01,Ibar,1.1486603021621704,1.1477508544921875,-0.0009094476699829102
sebs,2014-02-01,Ibar,0.6065620183944702,0.5918253064155579,-0.014736711978912354
sebs,2014-04-01,Ibar,0.3766908645629883,0.3763814866542816,-0.00030937790870666504
sebs,2014-05-01,Ibar,2.2518012523651123,2.25174880027771,-5.245208740234375e-05
sebs,2014-11-01,Ibar,1.3009082078933716,1.3009079694747925,-2.384185791015625e-07
sebs,2014-12-01,Ibar,1.3605096340179443,1.3603215217590332,-0.0001881122589111328
sebs,2015-01-01,Ibar,1.533455491065979,1.5328253507614136,-0.0006301403045654297
sebs,2015-02-01,Ibar,1.5599956512451172,1.5599795579910278,-1.609325408935547e-05
sebs,2015-03-01,Ibar,1.51183021068573,1.511579990386963,-0.00025022029876708984
sebs,2015-04-01,Ibar,1.4858109951019287,1.485755205154419,-5.5789947509765625e-05
sebs,2015-05-01,Ibar,2.088590383529663,2.0885627269744873,-2.765655517578125e-05
sebs,2015-12-01,Ibar,1.7226067781448364,1.7223247289657593,-0.00028204917907714844
sebs,2016-01-01,Ibar,1.3486419916152954,1.3502917289733887,0.0016497373580932617
sebs,2016-02-01,Ibar,1.6341087818145752,1.6306462287902832,-0.003462553024291992
sebs,2016-03-01,Ibar,1.6795138120651245,1.6771800518035889,-0.0023337602615356445
sebs,2016-04-01,Ibar,1.9736183881759644,1.9780504703521729,0.004432082176208496
sebs,2016-05-01,Ibar,2.589968681335449,2.5904479026794434,0.0004792213439941406
sebs,2016-06-01,Ibar,2.8689286708831787,2.8689589500427246,3.0279159545898438e-05
sebs,2017-01-01,Ibar,1.5314440727233887,1.5331453084945679,0.0017012357711791992
sebs,2017-02-01,Ibar,0.9730620980262756,0.9988265633583069,0.02576446533203125
sebs,2017-04-01,Ibar,0.8714069128036499,0.86677485704422,-0.004632055759429932
sebs,2017-05-01,Ibar,2.0335628986358643,2.033097743988037,-0.00046515464782714844
sebs,2017-12-01,Ibar,1.2518459558486938,1.250590443611145,-0.0012555122375488281
sebs,2018-01-01,Ibar,1.2169972658157349,1.2119321823120117,-0.0050650835037231445
sebs,2018-02-01,Ibar,1.378360629081726,1.3780235052108765,-0.0003371238708496094
sebs,2018-03-01,Ibar,1.3293815851211548,1.3289153575897217,-0.00046622753143310547
sebs,2018-04-01,Ibar,1.3562430143356323,1.3416416645050049,-0.014601349830627441
sebs,2018-05-01,Ibar,1.9324017763137817,1.9447827339172363,0.01238095760345459
sebs,2018-12-01,Ibar,1.4501878023147583,1.4499075412750244,-0.0002802610397338867
sebs,2019-02-01,Ibar,1.2919683456420898,1.2918968200683594,-7.152557373046875e-05
sebs,2019-03-01,Ibar,1.4484949111938477,1.4475938081741333,-0.0009011030197143555
sebs,2019-04-01,Ibar,1.810794711112976,1.810588002204895,-0.0002067089080810547
sebs,2019-05-01,Ibar,2.3597142696380615,2.3608031272888184,0.001088857650756836
sebs,2019-06-01,Ibar,2.6819119453430176,2.681919574737549,7.62939453125e-06
sebs,2019-11-01,Ibar,1.6378697156906128,1.6378592252731323,-1.049041748046875e-05
sebs,2019-12-01,Ibar,1.690775990486145,1.6898574829101562,-0.0009185075759887695
sebs,2020-03-01,Ibar,0.9233658909797668,0.9233554005622864,-1.049041748046875e-05
sebs,2020-04-01,Ibar,1.1224257946014404,1.1209709644317627,-0.0014548301696777344
sebs,2020-05-01,Ibar,1.839363694190979,1.8393558263778687,-7.867813110351562e-06
sebs,2020-06-01,Ibar,2.224207878112793,2.2242166996002197,8.821487426757812e-06
sebs,2020-11-01,Ibar,1.2941921949386597,1.2941828966140747,-9.298324584960938e-06
sebs,2021-02-01,Ibar,1.201182246208191,1.201172113418579,-1.0132789611816406e-05
sebs,2021-03-01,Ibar,1.325136661529541,1.3251307010650635,-5.9604644775390625e-06
sebs,2021-04-01,Ibar,0.9800509810447693,0.9796985983848572,-0.0003523826599121094
sebs,2021-05-01,Ibar,1.9018312692642212,1.9048758745193481,0.003044605255126953
sebs,2022-05-01,Ibar,1.5192171335220337,1.5188407897949219,-0.0003763437271118164
sebs,2022-06-01,Ibar,3.266771078109741,3.266770124435425,-9.5367431640625e-07
sebs,2023-01-01,Ibar,1.214882731437683,1.2148789167404175,-3.814697265625e-06
sebs,2023-02-01,Ibar,1.3301855325698853,1.329966425895691,-0.00021910667419433594
sebs,2023-11-01,Ibar,1.1892145872116089,1.1892063617706299,-8.225440979003906e-06
sebs,2023-12-01,Ibar,0.4889027774333954,0.48884159326553345,-6.118416786193848e-05
sebs,2024-01-01,Ibar,1.1781458854675293,1.1781537532806396,7.867813110351562e-06
sebs,2024-04-01,Ibar,0.09587730467319489,0.0954865962266922,-0.00039070844650268555
sebs,2024-05-01,Ibar,0.21730197966098785,0.21649698913097382,-0.0008049905300140381
sebs,2025-01-01,Ibar,1.542088508605957,1.5402350425720215,-0.0018534660339355469
sebs,2025-02-01,Ibar,1.4056609869003296,1.397002100944519,-0.008658885955810547
sebs,2025-03-01,Ibar,1.1117795705795288,1.1116666793823242,-0.00011289119720458984
sebs,2025-04-01,Ibar,1.210688829421997,1.2082775831222534,-0.0024112462997436523
sebs,2025-05-01,Ibar,1.5684596300125122,1.5665905475616455,-0.0018690824508666992
sebs,2025-11-01,Ibar,0.9645618200302124,0.9645615220069885,-2.980232238769531e-07
sebs,2025-12-01,Ibar,0.918952226638794,0.9189505577087402,-1.6689300537109375e-06
sebs,1982-04-01,Dbar,3.7168116569519043,3.734076738357544,0.01726508140563965
sebs,1983-03-01,Dbar,8.1639986038208,8.163482666015625,-0.0005159378051757812
sebs,1984-01-01,Dbar,5.717655181884766,5.71428108215332,-0.0033740997314453125
sebs,1985-01-01,Dbar,8.174960136413574,8.214709281921387,0.0397491455078125
sebs,1985-02-01,Dbar,10.57878589630127,10.589715957641602,0.010930061340332031
sebs,1987-01-01,Dbar,1.4402295351028442,1.3548387289047241,-0.08539080619812012
sebs,1987-04-01,Dbar,7.952857971191406,7.949597358703613,-0.0032606124877929688
sebs,1987-12-01,Dbar,1.1612902879714966,0.9032257795333862,-0.25806450843811035
sebs,1988-01-01,Dbar,3.31986403465271,3.4125046730041504,0.09264063835144043
sebs,1988-02-01,Dbar,7.633239269256592,7.617021560668945,-0.016217708587646484
sebs,1989-04-01,Dbar,0.0,0.10000000149011612,0.10000000149011612
sebs,1989-05-01,Dbar,0.0,0.5806451439857483,0.5806451439857483
sebs,1993-12-01,Dbar,9.117682456970215,9.667034149169922,0.549351692199707
sebs,1994-01-01,Dbar,7.542480945587158,6.125267505645752,-1.4172134399414062
sebs,1994-02-01,Dbar,3.2222554683685303,3.1460037231445312,-0.07625174522399902
sebs,1995-03-01,Dbar,1.6920843124389648,1.451612949371338,-0.24047136306762695
sebs,1995-12-01,Dbar,1.207169771194458,1.2073454856872559,0.00017571449279785156
sebs,1996-01-01,Dbar,7.604711532592773,7.6044392585754395,-0.0002722740173339844
sebs,1996-05-01,Dbar,1.898036241531372,1.8960047960281372,-0.0020314455032348633
sebs,1997-05-01,Dbar,0.3425673842430115,0.3426080644130707,4.06801700592041e-05
sebs,1997-06-01,Dbar,6.233236312866211,6.233098983764648,-0.0001373291015625
sebs,1998-03-01,Dbar,6.138521671295166,6.11392879486084,-0.024592876434326172
sebs,1998-04-01,Dbar,2.5816802978515625,2.5698494911193848,-0.011830806732177734
sebs,2000-12-01,Dbar,0.6517907381057739,0.7161293029785156,0.0643385648727417
sebs,2001-01-01,Dbar,6.008739471435547,6.724142074584961,0.7154026031494141
sebs,2001-02-01,Dbar,17.49299430847168,17.22933006286621,-0.26366424560546875
sebs,2001-03-01,Dbar,1.8809479475021362,1.8865492343902588,0.005601286888122559
sebs,2001-04-01,Dbar,3.1479926109313965,3.1531147956848145,0.005122184753417969
sebs,2002-12-01,Dbar,8.618003845214844,8.645668983459473,0.027665138244628906
sebs,2003-01-01,Dbar,7.466162204742432,7.487671852111816,0.021509647369384766
sebs,2003-02-01,Dbar,6.907921314239502,6.847026824951172,-0.06089448928833008
sebs,2003-03-01,Dbar,13.407243728637695,13.352078437805176,-0.05516529083251953
sebs,2003-04-01,Dbar,10.201397895812988,10.21804428100586,0.016646385192871094
sebs,2003-05-01,Dbar,7.95086669921875,7.957396030426025,0.006529331207275391
sebs,2003-06-01,Dbar,5.6220173835754395,5.614455223083496,-0.007562160491943359
sebs,2004-03-01,Dbar,4.562753200531006,4.566760063171387,0.004006862640380859
sebs,2004-06-01,Dbar,5.782094955444336,5.784255027770996,0.0021600723266601562
sebs,2014-02-01,Dbar,1.6624680757522583,1.7021366357803345,0.03966856002807617
sebs,2014-12-01,Dbar,9.855447769165039,9.856223106384277,0.0007753372192382812
sebs,2015-01-01,Dbar,15.926504135131836,15.938551902770996,0.012047767639160156
sebs,2015-02-01,Dbar,22.96006965637207,22.960926055908203,0.0008563995361328125
sebs,2015-03-01,Dbar,16.698047637939453,16.700706481933594,0.002658843994140625
sebs,2015-12-01,Dbar,7.047396659851074,7.047731876373291,0.0003352165222167969
sebs,2016-01-01,Dbar,4.476590633392334,4.434107780456543,-0.042482852935791016
sebs,2016-02-01,Dbar,6.269937038421631,6.274653911590576,0.0047168731689453125
sebs,2016-03-01,Dbar,8.633770942687988,8.64364242553711,0.009871482849121094
sebs,2016-04-01,Dbar,11.279539108276367,11.331107139587402,0.051568031311035156
sebs,2016-05-01,Dbar,20.012479782104492,19.90215301513672,-0.11032676696777344
sebs,2016-06-01,Dbar,32.91058349609375,32.810001373291016,-0.10058212280273438
sebs,2016-07-01,Dbar,31.47566795349121,31.393230438232422,-0.08243751525878906
sebs,2016-08-01,Dbar,40.69374084472656,40.624427795410156,-0.06931304931640625
sebs,2016-09-01,Dbar,39.9428825378418,39.909812927246094,-0.033069610595703125
sebs,2017-01-01,Dbar,29.41486167907715,29.41704750061035,0.002185821533203125
sebs,2017-02-01,Dbar,4.510585784912109,4.548092365264893,0.0375065803527832
sebs,2017-05-01,Dbar,4.598580837249756,4.598186016082764,-0.0003948211669921875
sebs,2018-01-01,Dbar,4.609757423400879,4.622491836547852,0.012734413146972656
sebs,2018-02-01,Dbar,12.960343360900879,12.969447135925293,0.009103775024414062
sebs,2018-03-01,Dbar,31.555654525756836,31.554096221923828,-0.0015583038330078125
sebs,2018-04-01,Dbar,9.940520286560059,9.906832695007324,-0.033687591552734375
sebs,2018-05-01,Dbar,10.069222450256348,8.48161506652832,-1.5876073837280273
sebs,2019-02-01,Dbar,10.211835861206055,10.215659141540527,0.0038232803344726562
sebs,2019-03-01,Dbar,13.163217544555664,13.192105293273926,0.02888774871826172
sebs,2019-04-01,Dbar,12.900236129760742,12.938251495361328,0.03801536560058594
sebs,2019-05-01,Dbar,27.51742172241211,27.61054229736328,0.09312057495117188
sebs,2019-06-01,Dbar,21.78178596496582,21.8048095703125,0.023023605346679688
sebs,2019-07-01,Dbar,14.593392372131348,14.592033386230469,-0.0013589859008789062
sebs,2019-08-01,Dbar,15.3890380859375,15.388849258422852,-0.0001888275146484375
sebs,2019-12-01,Dbar,22.081668853759766,22.08741569519043,0.0057468414306640625
sebs,2020-04-01,Dbar,4.676487445831299,4.674379348754883,-0.0021080970764160156
sebs,2021-04-01,Dbar,3.0010976791381836,3.0020596981048584,0.0009620189666748047
sebs,2021-05-01,Dbar,5.2938456535339355,5.269876480102539,-0.023969173431396484
sebs,2023-02-01,Dbar,24.822755813598633,24.83210563659668,0.009349822998046875
sebs,2023-12-01,Dbar,4.926229476928711,4.926595687866211,0.0003662109375
sebs,2024-01-01,Dbar,7.385041236877441,7.385180950164795,0.00013971328735351562
sebs,2025-01-01,Dbar,12.056753158569336,12.11070442199707,0.053951263427734375
sebs,2025-02-01,Dbar,18.085180282592773,18.00591278076172,-0.07926750183105469
sebs,2025-04-01,Dbar,9.8391752243042,9.821147918701172,-0.018027305603027344
sebs,2025-05-01,Dbar,11.598746299743652,11.579607963562012,-0.019138336181640625
sebs,1982-03-01,Cbar,18.082048416137695,18.082042694091797,-5.7220458984375e-06
sebs,1982-04-01,Cbar,4.146758556365967,4.153067588806152,0.006309032440185547
sebs,1983-02-01,Cbar,1.0034327507019043,1.0029910802841187,-0.00044167041778564453
sebs,1983-03-01,Cbar,9.104684829711914,9.111828804016113,0.007143974304199219
sebs,1983-04-01,Cbar,8.758909225463867,8.759020805358887,0.00011157989501953125
sebs,1983-05-01,Cbar,6.4529008865356445,6.4529924392700195,9.1552734375e-05
sebs,1983-12-01,Cbar,3.2713091373443604,3.271200656890869,-0.00010848045349121094
sebs,1984-01-01,Cbar,7.246717929840088,7.225691795349121,-0.021026134490966797
sebs,1984-02-01,Cbar,13.094717025756836,13.0928955078125,-0.0018215179443359375
sebs,1984-12-01,Cbar,5.976451873779297,5.976016044616699,-0.00043582916259765625
sebs,1985-01-01,Cbar,11.799873352050781,11.90397834777832,0.10410499572753906
sebs,1985-02-01,Cbar,16.452905654907227,16.48904800415039,0.03614234924316406
sebs,1985-03-01,Cbar,2.7498440742492676,2.7491228580474854,-0.0007212162017822266
sebs,1985-12-01,Cbar,0.1486014425754547,0.1457587480545044,-0.0028426945209503174
sebs,1986-01-01,Cbar,0.9414744973182678,0.9241948127746582,-0.01727968454360962
sebs,1986-02-01,Cbar,2.2657744884490967,2.192758798599243,-0.07301568984985352
sebs,1986-12-01,Cbar,2.9693562984466553,2.9698984622955322,0.0005421638488769531
sebs,1987-01-01,Cbar,2.048856735229492,1.9363890886306763,-0.11246764659881592
sebs,1987-02-01,Cbar,5.650760173797607,5.533756732940674,-0.1170034408569336
sebs,1987-03-01,Cbar,3.7966411113739014,3.7966456413269043,4.5299530029296875e-06
sebs,1987-04-01,Cbar,11.267050743103027,11.259714126586914,-0.007336616516113281
sebs,1987-05-01,Cbar,1.4083424806594849,1.4078869819641113,-0.00045549869537353516
sebs,1987-12-01,Cbar,1.510672688484192,1.1959160566329956,-0.3147566318511963
sebs,1988-01-01,Cbar,3.067512273788452,3.647189140319824,0.5796768665313721
sebs,1988-02-01,Cbar,11.211395263671875,11.181404113769531,-0.02999114990234375
sebs,1988-03-01,Cbar,1.3182153701782227,1.301957607269287,-0.016257762908935547
sebs,1989-03-01,Cbar,0.3393179178237915,0.3360579013824463,-0.003260016441345215
sebs,1989-04-01,Cbar,0.0,0.10886459797620773,0.10886459797620773
sebs,1989-05-01,Cbar,0.0,0.6546176671981812,0.6546176671981812
sebs,1990-12-01,Cbar,0.06733483076095581,0.06469199061393738,-0.0026428401470184326
sebs,1991-01-01,Cbar,3.7667081356048584,3.7630817890167236,-0.0036263465881347656
sebs,1991-02-01,Cbar,0.1593184620141983,0.15637388825416565,-0.002944573760032654
sebs,1991-03-01,Cbar,0.6091431379318237,0.5935088396072388,-0.01563429832458496
sebs,1992-01-01,Cbar,0.645469605922699,0.6095679998397827,-0.03590160608291626
sebs,1993-01-01,Cbar,0.7398777008056641,0.7074623107910156,-0.03241539001464844
sebs,1993-03-01,Cbar,0.8630650639533997,0.8630646467208862,-4.172325134277344e-07
sebs,1993-04-01,Cbar,3.8261797428131104,3.825023889541626,-0.001155853271484375
sebs,1993-05-01,Cbar,1.4526662826538086,1.4454797506332397,-0.007186532020568848
sebs,1993-12-01,Cbar,15.134757995605469,16.16075325012207,1.0259952545166016
sebs,1994-01-01,Cbar,10.765164375305176,8.52320671081543,-2.241957664489746
sebs,1994-02-01,Cbar,3.7145164012908936,3.548919200897217,-0.16559720039367676
sebs,1995-02-01,Cbar,3.0951526165008545,2.909407138824463,-0.1857454776763916
sebs,1995-03-01,Cbar,1.0680532455444336,0.921603262424469,-0.1464499831199646
sebs,1995-12-01,Cbar,1.1453055143356323,1.1385421752929688,-0.006763339042663574
sebs,1996-01-01,Cbar,10.716058731079102,10.716341972351074,0.00028324127197265625
sebs,1996-03-01,Cbar,1.6774344444274902,1.6774173974990845,-1.704692840576172e-05
sebs,1996-04-01,Cbar,3.760612964630127,3.7605581283569336,-5.4836273193359375e-05
sebs,1996-05-01,Cbar,3.017247438430786,3.009164333343506,-0.008083105087280273
sebs,1997-05-01,Cbar,0.6669630408287048,0.6670686602592468,0.00010561943054199219
sebs,1997-06-01,Cbar,15.308923721313477,15.308836936950684,-8.678436279296875e-05
sebs,1998-03-01,Cbar,7.792725563049316,7.746480464935303,-0.04624509811401367
sebs,1998-04-01,Cbar,3.30533766746521,3.2868432998657227,-0.018494367599487305
sebs,1998-11-01,Cbar,1.9105114936828613,1.9104903936386108,-2.110004425048828e-05
sebs,1998-12-01,Cbar,0.7867470383644104,0.7862628102302551,-0.00048422813415527344
sebs,2000-12-01,Cbar,0.9342907667160034,1.1799496412277222,0.24565887451171875
sebs,2001-01-01,Cbar,10.850752830505371,12.39183521270752,1.5410823822021484
sebs,2001-02-01,Cbar,36.81813430786133,35.93435287475586,-0.8837814331054688
sebs,2001-03-01,Cbar,2.48229718208313,2.4089746475219727,-0.07332253456115723
sebs,2001-04-01,Cbar,4.322969913482666,4.31207275390625,-0.010897159576416016
sebs,2002-01-01,Cbar,0.454414039850235,0.43905824422836304,-0.015355795621871948
sebs,2002-05-01,Cbar,1.5692647695541382,1.5668017864227295,-0.0024629831314086914
sebs,2002-06-01,Cbar,1.1262460947036743,1.1286793947219849,0.002433300018310547
sebs,2002-11-01,Cbar,21.921077728271484,21.92107582092285,-1.9073486328125e-06
sebs,2002-12-01,Cbar,17.080806732177734,17.146665573120117,0.06585884094238281
sebs,2003-01-01,Cbar,11.961969375610352,11.99449348449707,0.03252410888671875
sebs,2003-02-01,Cbar,10.972493171691895,10.739480018615723,-0.23301315307617188
sebs,2003-03-01,Cbar,24.885574340820312,24.711763381958008,-0.1738109588623047
sebs,2003-04-01,Cbar,12.70457935333252,12.680754661560059,-0.023824691772460938
sebs,2003-05-01,Cbar,15.63129997253418,15.643891334533691,0.012591361999511719
sebs,2003-06-01,Cbar,12.989607810974121,12.97272777557373,-0.016880035400390625
sebs,2004-02-01,Cbar,2.263078212738037,2.2537944316864014,-0.009283781051635742
sebs,2004-03-01,Cbar,4.735383987426758,4.748183250427246,0.012799263000488281
sebs,2004-05-01,Cbar,3.7381808757781982,3.734367609024048,-0.0038132667541503906
sebs,2004-06-01,Cbar,13.520112991333008,13.521944046020508,0.0018310546875
sebs,2005-04-01,Cbar,4.3646979331970215,4.361917018890381,-0.002780914306640625
sebs,2014-02-01,Cbar,2.1716530323028564,2.1806294918060303,0.008976459503173828
sebs,2014-04-01,Cbar,0.9656320810317993,0.9648461937904358,-0.0007858872413635254
sebs,2014-05-01,Cbar,15.245362281799316,15.245011329650879,-0.0003509521484375
sebs,2014-12-01,Cbar,13.415029525756836,13.41547679901123,0.00044727325439453125
sebs,2015-01-01,Cbar,23.612863540649414,23.625967025756836,0.013103485107421875
sebs,2015-02-01,Cbar,31.302318572998047,31.303598403930664,0.0012798309326171875
sebs,2015-03-01,Cbar,24.6129150390625,24.614490509033203,0.001575469970703125
sebs,2015-04-01,Cbar,21.32602882385254,21.325769424438477,-0.0002593994140625
sebs,2015-05-01,Cbar,11.392110824584961,11.3919677734375,-0.0001430511474609375
sebs,2015-12-01,Cbar,13.492632865905762,13.491194725036621,-0.001438140869140625
sebs,2016-01-01,Cbar,7.843119144439697,7.765737056732178,-0.07738208770751953
sebs,2016-02-01,Cbar,10.046236038208008,10.037944793701172,-0.008291244506835938
sebs,2016-03-01,Cbar,15.75117015838623,15.742603302001953,-0.008566856384277344
sebs,2016-04-01,Cbar,20.680173873901367,20.79167938232422,0.11150550842285156
sebs,2016-05-01,Cbar,49.690765380859375,49.52523422241211,-0.16553115844726562
sebs,2016-06-01,Cbar,94.75466918945312,94.6029281616211,-0.15174102783203125
sebs,2016-07-01,Cbar,102.7849349975586,102.66130065917969,-0.12363433837890625
sebs,2016-08-01,Cbar,125.75035095214844,125.64981842041016,-0.10053253173828125
sebs,2016-09-01,Cbar,118.92887115478516,118.88207244873047,-0.0467987060546875
sebs,2016-10-01,Cbar,83.08032989501953,83.0807876586914,0.000457763671875
sebs,2016-11-01,Cbar,96.08313751220703,96.08328247070312,0.00014495849609375
sebs,2017-01-01,Cbar,57.7047004699707,57.71207809448242,0.00737762451171875
sebs,2017-02-01,Cbar,5.703968048095703,5.828466892242432,0.12449884414672852
sebs,2017-04-01,Cbar,3.08054256439209,3.06565260887146,-0.014889955520629883
sebs,2017-05-01,Cbar,11.001033782958984,11.001232147216797,0.0001983642578125
sebs,2017-12-01,Cbar,9.981219291687012,9.974881172180176,-0.0063381195068359375
sebs,2018-01-01,Cbar,5.58044958114624,5.578514575958252,-0.0019350051879882812
sebs,2018-02-01,Cbar,17.59821891784668,17.60493278503418,0.0067138671875
sebs,2018-03-01,Cbar,45.35297393798828,45.336097717285156,-0.016876220703125
sebs,2018-04-01,Cbar,14.924389839172363,14.766280174255371,-0.1581096649169922
sebs,2018-05-01,Cbar,19.32131004333496,16.387956619262695,-2.9333534240722656
sebs,2018-12-01,Cbar,19.843278884887695,19.842592239379883,-0.0006866455078125
sebs,2019-02-01,Cbar,13.286559104919434,13.291727066040039,0.005167961120605469
sebs,2019-03-01,Cbar,20.860836029052734,20.895647048950195,0.03481101989746094
sebs,2019-04-01,Cbar,23.22571563720703,23.27851676940918,0.05280113220214844
sebs,2019-05-01,Cbar,61.765140533447266,61.938541412353516,0.17340087890625
sebs,2019-06-01,Cbar,56.032344818115234,56.08473587036133,0.05239105224609375
sebs,2019-07-01,Cbar,47.69804000854492,47.69926834106445,0.00122833251953125
sebs,2019-08-01,Cbar,44.67421340942383,44.67438507080078,0.000171661376953125
sebs,2019-11-01,Cbar,22.397235870361328,22.397218704223633,-1.71661376953125e-05
sebs,2019-12-01,Cbar,41.459930419921875,41.4632453918457,0.003314971923828125
sebs,2020-03-01,Cbar,3.909883975982666,3.909869432449341,-1.4543533325195312e-05
sebs,2020-04-01,Cbar,5.642686367034912,5.632668495178223,-0.010017871856689453
sebs,2020-05-01,Cbar,9.947936058044434,9.947907447814941,-2.86102294921875e-05
sebs,2020-06-01,Cbar,22.509258270263672,22.50931739807129,5.91278076171875e-05
sebs,2020-11-01,Cbar,13.2117280960083,13.211718559265137,-9.5367431640625e-06
sebs,2021-02-01,Cbar,6.497872829437256,6.497838497161865,-3.4332275390625e-05
sebs,2021-03-01,Cbar,22.20733070373535,22.207477569580078,0.0001468658447265625
sebs,2021-04-01,Cbar,4.310144424438477,4.3098578453063965,-0.0002865791320800781
sebs,2021-05-01,Cbar,9.523109436035156,9.484871864318848,-0.038237571716308594
sebs,2022-05-01,Cbar,4.880289554595947,4.879157066345215,-0.0011324882507324219
sebs,2022-06-01,Cbar,71.47412872314453,71.47410583496094,-2.288818359375e-05
sebs,2023-01-01,Cbar,10.043818473815918,10.043808937072754,-9.5367431640625e-06
sebs,2023-02-01,Cbar,31.77278709411621,31.78470802307129,0.011920928955078125
sebs,2023-11-01,Cbar,8.525107383728027,8.525094985961914,-1.239776611328125e-05
sebs,2023-12-01,Cbar,6.333672523498535,6.333425045013428,-0.0002474784851074219
sebs,2024-01-01,Cbar,8.76951789855957,8.769683837890625,0.0001659393310546875
sebs,2024-04-01,Cbar,0.14701531827449799,0.1464291661977768,-0.0005861520767211914
sebs,2024-05-01,Cbar,0.8633250594139099,0.8594338297843933,-0.0038912296295166016
sebs,2025-01-01,Cbar,19.623977661132812,19.70440101623535,0.08042335510253906
sebs,2025-02-01,Cbar,32.629425048828125,32.40109634399414,-0.22832870483398438
sebs,2025-03-01,Cbar,5.601334095001221,5.59947395324707,-0.0018601417541503906
sebs,2025-04-01,Cbar,11.531726837158203,11.497818946838379,-0.03390789031982422
sebs,2025-05-01,Cbar,16.907682418823242,16.85052490234375,-0.05715751647949219
sebs,2025-12-01,Cbar,10.928521156311035,10.928516387939453,-4.76837158203125e-06
sebs,1982-03-01,Obar,0.0076907905749976635,0.007690854836255312,6.426125764846802e-08
sebs,1982-04-01,Obar,0.026024507358670235,0.02587679587304592,-0.00014771148562431335
sebs,1983-02-01,Obar,0.014036222361028194,0.014043292962014675,7.070600986480713e-06
sebs,1983-03-01,Obar,0.04780687764286995,0.04780716821551323,2.905726432800293e-07
sebs,1983-04-01,Obar,0.02476917766034603,0.02477048709988594,1.3094395399093628e-06
sebs,1983-05-01,Obar,0.027840085327625275,0.027833901345729828,-6.183981895446777e-06
sebs,1983-12-01,Obar,0.018793359398841858,0.0187922902405262,-1.0691583156585693e-06
sebs,1984-01-01,Obar,0.022605808451771736,0.022761879488825798,0.0001560710370540619
sebs,1984-12-01,Obar,0.024818072095513344,0.02481773868203163,-3.334134817123413e-07
sebs,1985-01-01,Obar,0.011768002063035965,0.01136821135878563,-0.0003997907042503357
sebs,1985-02-01,Obar,0.0010938209015876055,0.0010893982835114002,-4.422618076205254e-06
sebs,1985-03-01,Obar,0.017556561157107353,0.017570719122886658,1.4157965779304504e-05
sebs,1985-12-01,Obar,0.004425154998898506,0.004391969181597233,-3.3185817301273346e-05
sebs,1986-01-01,Obar,0.0038629015907645226,0.0037904472555965185,-7.245433516800404e-05
sebs,1986-12-01,Obar,0.02680530585348606,0.026790723204612732,-1.4582648873329163e-05
sebs,1987-01-01,Obar,0.011391659267246723,0.006299586035311222,-0.005092073231935501
sebs,1987-02-01,Obar,0.010946914553642273,0.010953339748084545,6.425194442272186e-06
sebs,1987-03-01,Obar,0.023789122700691223,0.023788869380950928,-2.5331974029541016e-07
sebs,1987-04-01,Obar,0.0134073281660676,0.013407258316874504,-6.984919309616089e-08
sebs,1987-05-01,Obar,0.0051720030605793,0.0050536589697003365,-0.00011834409087896347
sebs,1987-12-01,Obar,0.0014650947414338589,0.0009274969925172627,-0.0005375977489165962
sebs,1988-01-01,Obar,0.008893956430256367,0.005987757816910744,-0.002906198613345623
sebs,1988-02-01,Obar,0.016231782734394073,0.016270572319626808,3.878958523273468e-05
sebs,1988-03-01,Obar,0.003775377059355378,0.0038374802097678185,6.21031504124403e-05
sebs,1989-03-01,Obar,0.001204616972245276,0.0012436406686902046,3.9023696444928646e-05
sebs,1989-04-01,Obar,0.0,0.0056617301888763905,0.0056617301888763905
sebs,1990-12-01,Obar,0.0009349171887151897,0.0008988335030153394,-3.608368569985032e-05
sebs,1991-02-01,Obar,0.01897197775542736,0.019057197496294975,8.521974086761475e-05
sebs,1992-01-01,Obar,0.001222061226144433,0.0012411796487867832,1.9118422642350197e-05
sebs,1993-01-01,Obar,0.0037301427219063044,0.0037057502195239067,-2.439250238239765e-05
sebs,1993-04-01,Obar,0.029241029173135757,0.0292392298579216,-1.7993152141571045e-06
sebs,1993-05-01,Obar,0.03956050053238869,0.039643794298172,8.329376578330994e-05
sebs,1993-12-01,Obar,0.01327805407345295,0.009867685846984386,-0.003410368226468563
sebs,1994-01-01,Obar,0.01384655013680458,0.016426483169198036,0.0025799330323934555
sebs,1994-02-01,Obar,0.009695188142359257,0.010269260965287685,0.0005740728229284286
sebs,1995-02-01,Obar,0.003436410566791892,0.003494787961244583,5.837739445269108e-05
sebs,1995-03-01,Obar,0.003185369772836566,0.001938183675520122,-0.001247186097316444
sebs,1995-12-01,Obar,0.017911845818161964,0.01762665994465351,-0.00028518587350845337
sebs,1996-01-01,Obar,0.018051326274871826,0.018069351091980934,1.802481710910797e-05
sebs,1996-03-01,Obar,0.01583615504205227,0.015832416713237762,-3.7383288145065308e-06
sebs,1996-05-01,Obar,0.055697251111269,0.05571554973721504,1.8298625946044922e-05
sebs,1997-05-01,Obar,0.026633013039827347,0.02663542702794075,2.4139881134033203e-06
sebs,1997-06-01,Obar,0.014220110140740871,0.014233161695301533,1.3051554560661316e-05
sebs,1998-03-01,Obar,0.02443627454340458,0.024600248783826828,0.00016397424042224884
sebs,1998-04-01,Obar,0.004909053910523653,0.004834445659071207,-7.460825145244598e-05
sebs,1998-11-01,Obar,0.008848194032907486,0.008838001638650894,-1.0192394256591797e-05
sebs,2000-12-01,Obar,0.012498254887759686,0.011470857076346874,-0.0010273978114128113
sebs,2001-01-01,Obar,0.017586946487426758,0.01626661606132984,-0.0013203304260969162
sebs,2001-02-01,Obar,0.004743583500385284,0.006024970673024654,0.00128138717263937
sebs,2001-03-01,Obar,0.010403107851743698,0.012310468591749668,0.00190736074000597
sebs,2001-04-01,Obar,0.0188584104180336,0.019030839204788208,0.00017242878675460815
sebs,2002-01-01,Obar,0.004336117301136255,0.004312925972044468,-2.3191329091787338e-05
sebs,2002-05-01,Obar,0.028280265629291534,0.028317883610725403,3.761798143386841e-05
sebs,2002-11-01,Obar,0.01190334651619196,0.011903071776032448,-2.7474015951156616e-07
sebs,2002-12-01,Obar,0.013869238086044788,0.013807181268930435,-6.205681711435318e-05
sebs,2003-01-01,Obar,0.018069839105010033,0.018010374158620834,-5.94649463891983e-05
sebs,2003-02-01,Obar,0.01140028890222311,0.01121995598077774,-0.00018033292144536972
sebs,2003-03-01,Obar,0.012182449921965599,0.012636133469641209,0.0004536835476756096
sebs,2003-04-01,Obar,0.011464153416454792,0.01158764399588108,0.0001234905794262886
sebs,2003-05-01,Obar,0.021320302039384842,0.021281002089381218,-3.929995000362396e-05
sebs,2003-06-01,Obar,0.04376186057925224,0.043762095272541046,2.3469328880310059e-07
sebs,2004-02-01,Obar,0.013670289888978004,0.01368802972137928,1.7739832401275635e-05
sebs,2004-03-01,Obar,0.005556129850447178,0.005556365475058556,2.3562461137771606e-07
sebs,2004-05-01,Obar,0.045009545981884,0.04501226544380188,2.7194619178771973e-06
sebs,2004-06-01,Obar,0.0661814957857132,0.06619857996702194,1.7084181308746338e-05
sebs,2005-03-01,Obar,0.019856618717312813,0.019856616854667664,-1.862645149230957e-09
sebs,2014-02-01,Obar,0.0216808021068573,0.021729182451963425,4.838034510612488e-05
sebs,2014-04-01,Obar,0.0487096905708313,0.048683203756809235,-2.648681402206421e-05
sebs,2014-05-01,Obar,0.050078053027391434,0.050078049302101135,-3.725290298461914e-09
sebs,2014-11-01,Obar,0.021121682599186897,0.021121660247445107,-2.2351741790771484e-08
sebs,2014-12-01,Obar,0.009726458229124546,0.009729607030749321,3.148801624774933e-06
sebs,2015-01-01,Obar,0.006057644262909889,0.006049707066267729,-7.937196642160416e-06
sebs,2015-02-01,Obar,0.00821562111377716,0.008207770064473152,-7.851049304008484e-06
sebs,2015-03-01,Obar,0.01160611491650343,0.011596983298659325,-9.131617844104767e-06
sebs,2015-04-01,Obar,0.028516076505184174,0.028515925630927086,-1.5087425708770752e-07
sebs,2015-05-01,Obar,0.06552187353372574,0.065522201359272,3.2782554626464844e-07
sebs,2015-12-01,Obar,0.019975721836090088,0.019970810040831566,-4.911795258522034e-06
sebs,2016-01-01,Obar,0.04455919936299324,0.04487267881631851,0.0003134794533252716
sebs,2016-02-01,Obar,0.023735085502266884,0.023542528972029686,-0.00019255653023719788
sebs,2016-03-01,Obar,0.012305986136198044,0.01234013494104147,3.414880484342575e-05
sebs,2016-04-01,Obar,0.007152368780225515,0.0072740246541798115,0.00012165587395429611
sebs,2016-05-01,Obar,0.012019905261695385,0.012076662853360176,5.675759166479111e-05
sebs,2016-06-01,Obar,0.009502233937382698,0.009502477012574673,2.430751919746399e-07
sebs,2016-12-01,Obar,0.003571657696738839,0.003571540815755725,-1.1688098311424255e-07
sebs,2017-01-01,Obar,0.018644705414772034,0.018610555678606033,-3.4149736166000366e-05
sebs,2017-02-01,Obar,0.025558313354849815,0.02577829733490944,0.00021998398005962372
sebs,2017-04-01,Obar,0.011567952111363411,0.011565533466637135,-2.4186447262763977e-06
sebs,2017-05-01,Obar,0.04632902145385742,0.04632231220602989,-6.709247827529907e-06
sebs,2017-12-01,Obar,0.023923464119434357,0.023931222036480904,7.757917046546936e-06
sebs,2018-01-01,Obar,0.02196120098233223,0.021346665918827057,-0.0006145350635051727
sebs,2018-02-01,Obar,0.005196329206228256,0.005225762724876404,2.9433518648147583e-05
sebs,2018-03-01,Obar,0.006005290895700455,0.005964547861367464,-4.0743034332990646e-05
sebs,2018-04-01,Obar,0.01562659442424774,0.01590249128639698,0.0002758968621492386
sebs,2018-05-01,Obar,0.019138647243380547,0.0205608569085598,0.0014222096651792526
sebs,2018-12-01,Obar,0.011321207508444786,0.011304485611617565,-1.6721896827220917e-05
sebs,2019-02-01,Obar,0.007817699573934078,0.0077712200582027435,-4.6479515731334686e-05
sebs,2019-03-01,Obar,0.010768995620310307,0.010489294305443764,-0.0002797013148665428
sebs,2019-04-01,Obar,0.008319158107042313,0.008206774480640888,-0.00011238362640142441
sebs,2019-05-01,Obar,0.0063432129099965096,0.0063635120168328285,2.029910683631897e-05
sebs,2019-06-01,Obar,0.010592822916805744,0.01059282198548317,-9.313225746154785e-10
sebs,2019-11-01,Obar,0.010466814041137695,0.01046680472791195,-9.313225746154785e-09
sebs,2019-12-01,Obar,0.0051823086105287075,0.0051800827495753765,-2.2258609533309937e-06
sebs,2020-03-01,Obar,0.017364876344799995,0.017363648861646652,-1.2274831533432007e-06
sebs,2020-04-01,Obar,0.03497735410928726,0.03498812019824982,1.0766088962554932e-05
sebs,2020-05-01,Obar,0.042727936059236526,0.04272812232375145,1.862645149230957e-07
sebs,2020-06-01,Obar,0.031226586550474167,0.03122561238706112,-9.741634130477905e-07
sebs,2021-02-01,Obar,0.015369871631264687,0.015369974076747894,1.0244548320770264e-07
sebs,2021-04-01,Obar,0.017844291403889656,0.017855795100331306,1.150369644165039e-05
sebs,2021-05-01,Obar,0.03137641400098801,0.031083595007658005,-0.00029281899333000183
sebs,2022-05-01,Obar,0.03581224009394646,0.03581623733043671,3.997236490249634e-06
sebs,2023-01-01,Obar,0.009028424508869648,0.009028417989611626,-6.51925802230835e-09
sebs,2023-02-01,Obar,0.0008074852521531284,0.0008057886734604836,-1.6965786926448345e-06
sebs,2023-11-01,Obar,0.008466132916510105,0.008465179242193699,-9.5367431640625e-07
sebs,2024-01-01,Obar,0.01863165944814682,0.01863524504005909,3.5855919122695923e-06
sebs,2024-04-01,Obar,0.00691268453374505,0.0069150556810200214,2.3711472749710083e-06
sebs,2024-12-01,Obar,0.008455177769064903,0.00849448423832655,3.930646926164627e-05
sebs,2025-01-01,Obar,0.003181557869538665,0.0030589753296226263,-0.0001225825399160385
sebs,2025-02-01,Obar,0.006324755493551493,0.006360907107591629,3.615161404013634e-05
sebs,2025-03-01,Obar,0.01896350085735321,0.018969701603055,6.200745701789856e-06
sebs,2025-04-01,Obar,0.008285759016871452,0.008300798013806343,1.5038996934890747e-05
sebs,2025-05-01,Obar,0.01921914890408516,0.01921922154724598,7.264316082000732e-08
sebs,2025-12-01,Obar,0.009778590872883797,0.00977857131510973,-1.955777406692505e-08
nbs,1982-02-01,area_frac,0.004980421159416437,0.005930860992521048,0.0009504398331046104
nbs,1982-03-01,area_frac,0.04236063361167908,0.04231255128979683,-4.8082321882247925e-05
nbs,1982-04-01,area_frac,0.0010789531515911222,0.0007588124717585742,-0.0003201406798325479
nbs,1982-05-01,area_frac,7.745339826215059e-05,0.0,-7.745339826215059e-05
nbs,1983-04-01,area_frac,0.0022362798918038607,0.0022759928833693266,3.971299156546593e-05
nbs,1983-05-01,area_frac,0.001641182927414775,0.0014624368632212281,-0.00017874606419354677
nbs,1983-12-01,area_frac,0.009956005960702896,0.010176204144954681,0.00022019818425178528
nbs,1984-01-01,area_frac,0.015675360336899757,0.017196064814925194,0.0015207044780254364
nbs,1984-03-01,area_frac,0.0018065276090055704,0.0018416729290038347,3.514531999826431e-05
nbs,1984-12-01,area_frac,0.003210332477465272,0.0033646514639258385,0.00015431898646056652
nbs,1985-01-01,area_frac,0.04360321909189224,0.04387310892343521,0.00026988983154296875
nbs,1985-02-01,area_frac,0.0905623510479927,0.09220661967992783,0.0016442686319351196
nbs,1986-01-01,area_frac,0.004262008238583803,0.0038463666569441557,-0.0004156415816396475
nbs,1986-02-01,area_frac,0.00019287770555820316,0.0002693565038498491,7.647879829164594e-05
nbs,1986-04-01,area_frac,0.0027970033697783947,0.002760999370366335,-3.6003999412059784e-05
nbs,1987-12-01,area_frac,0.02267499454319477,3.5145352740073577e-05,-0.022639849190454697
nbs,1988-01-01,area_frac,0.043590933084487915,0.0011008188594132662,-0.04249011422507465
nbs,1988-02-01,area_frac,0.0016254603397101164,0.0017362803919240832,0.00011082005221396685
nbs,1988-04-01,area_frac,0.0009960751049220562,0.0010308200726285577,3.4744967706501484e-05
nbs,1989-02-01,area_frac,0.005611243657767773,0.006232816725969315,0.0006215730682015419
nbs,1989-04-01,area_frac,0.0037624516990035772,0.003574641887098551,-0.00018780981190502644
nbs,1989-05-01,area_frac,0.0008419129881076515,0.0008055626531131566,-3.6350334994494915e-05
nbs,1990-12-01,area_frac,0.0006363686406984925,0.0006039731088094413,-3.23955318890512e-05
nbs,1991-01-01,area_frac,0.002636341378092766,0.002375103533267975,-0.00026123784482479095
nbs,1991-03-01,area_frac,0.0012357705272734165,0.0012709158472716808,3.514531999826431e-05
nbs,1992-02-01,area_frac,0.0004132608592044562,0.0006011067307554185,0.00018784587155096233
nbs,1992-04-01,area_frac,0.0006098657031543553,0.00043141513015143573,-0.00017845057300291955
nbs,1992-06-01,area_frac,0.001944432849995792,0.0017722903285175562,-0.00017214252147823572
nbs,1993-02-01,area_frac,0.003137705149129033,0.003341079456731677,0.00020337430760264397
nbs,1993-03-01,area_frac,0.0032864357344806194,0.003189248964190483,-9.718677029013634e-05
nbs,1993-04-01,area_frac,0.0036219439934939146,0.003825340885668993,0.0002033968921750784
nbs,1994-01-01,area_frac,0.0006023814785294235,0.0006442716694436967,4.189019091427326e-05
nbs,1994-02-01,area_frac,0.009658155962824821,0.010150997899472713,0.000492841936647892
nbs,1994-04-01,area_frac,0.0004907930269837379,0.0006613504374399781,0.00017055741045624018
nbs,1994-05-01,area_frac,0.0020234447438269854,0.0022208925802260637,0.00019744783639907837
nbs,1994-06-01,area_frac,0.010504032485187054,0.01040138490498066,-0.0001026475802063942
nbs,1995-03-01,area_frac,0.0002690252149477601,0.0004762581374961883,0.00020723292254842818
nbs,1995-04-01,area_frac,0.0030147721990942955,0.003037150949239731,2.2378750145435333e-05
nbs,1995-05-01,area_frac,0.013699479401111603,0.013033653609454632,-0.000665825791656971
nbs,1996-01-01,area_frac,0.0400829091668129,0.04018411412835121,0.00010120496153831482
nbs,1996-02-01,area_frac,0.00894041545689106,0.009235781617462635,0.00029536616057157516
nbs,1996-03-01,area_frac,0.0016585414996370673,0.0016930804122239351,3.453891258686781e-05
nbs,1996-04-01,area_frac,0.0003240268852096051,0.0003612786822486669,3.7251797039061785e-05
nbs,1996-05-01,area_frac,0.0042146374471485615,0.0038924412801861763,-0.0003221961669623852
nbs,1996-06-01,area_frac,7.881629426265135e-05,3.940814713132568e-05,-3.940814713132568e-05
nbs,1997-04-01,area_frac,0.001846099621616304,0.0018670137505978346,2.0914128981530666e-05
nbs,1997-05-01,area_frac,0.0028744328301399946,0.002990429289638996,0.0001159964594990015
nbs,1998-03-01,area_frac,0.02198835462331772,0.02134832926094532,-0.0006400253623723984
nbs,1998-04-01,area_frac,0.004973567556589842,0.007463797926902771,0.002490230370312929
nbs,1998-05-01,area_frac,3.5145352740073577e-05,7.029070548014715e-05,3.5145352740073577e-05
nbs,2000-02-01,area_frac,0.001856275019235909,0.0017458385555073619,-0.0001104364637285471
nbs,2000-03-01,area_frac,0.002963858190923929,0.0029302341863512993,-3.362400457262993e-05
nbs,2000-12-01,area_frac,0.03285626322031021,0.03186171129345894,-0.0009945519268512726
nbs,2001-01-01,area_frac,0.006589220371097326,0.00667502311989665,8.580274879932404e-05
nbs,2001-02-01,area_frac,0.1025470495223999,0.07736822217702866,-0.025178827345371246
nbs,2001-03-01,area_frac,0.005347108468413353,0.005127917975187302,-0.00021919049322605133
nbs,2001-04-01,area_frac,0.0012303033145144582,0.001400826033204794,0.00017052271869033575
nbs,2001-05-01,area_frac,0.0,6.479115108959377e-05,6.479115108959377e-05
nbs,2002-04-01,area_frac,0.001119991415180266,0.0010069959098473191,-0.00011299550533294678
nbs,2002-05-01,area_frac,0.008004067465662956,0.00785896647721529,-0.00014510098844766617
nbs,2002-06-01,area_frac,0.004779242444783449,0.004739224910736084,-4.001753404736519e-05
nbs,2002-12-01,area_frac,0.07606478035449982,0.073722705245018,-0.0023420751094818115
nbs,2003-01-01,area_frac,0.009145424701273441,0.010920904576778412,0.0017754798755049706
nbs,2003-02-01,area_frac,0.004709153901785612,0.005214338656514883,0.0005051847547292709
nbs,2003-03-01,area_frac,0.005305343773216009,0.005447446368634701,0.00014210259541869164
nbs,2003-04-01,area_frac,0.022608432918787003,0.02157815732061863,-0.001030275598168373
nbs,2003-05-01,area_frac,0.05843188613653183,0.05464567616581917,-0.0037862099707126617
nbs,2003-12-01,area_frac,0.12230883538722992,0.12227188795804977,-3.6947429180145264e-05
nbs,2004-01-01,area_frac,0.09425896406173706,0.09430668503046036,4.772096872329712e-05
nbs,2004-02-01,area_frac,0.002176692010834813,0.0021048057824373245,-7.18862283974886e-05
nbs,2004-05-01,area_frac,0.010241035372018814,0.010353398509323597,0.00011236313730478287
nbs,2004-06-01,area_frac,0.2651660740375519,0.2639247477054596,-0.0012413263320922852
nbs,2004-12-01,area_frac,0.004564197733998299,0.004396077245473862,-0.00016812048852443695
nbs,2005-05-01,area_frac,0.0026381711941212416,0.002410829532891512,-0.00022734166122972965
nbs,2007-01-01,area_frac,0.0006482817698270082,0.0006125325453467667,-3.574922448024154e-05
nbs,2007-02-01,area_frac,0.0008249884122051299,0.0006270910380408168,-0.00019789737416431308
nbs,2007-05-01,area_frac,0.0007277574623003602,0.000695053837262094,-3.270362503826618e-05
nbs,2007-06-01,area_frac,0.003761556465178728,0.0035894138272851706,-0.00017214263789355755
nbs,2008-05-01,area_frac,0.0006580681074410677,0.0005590366781689227,-9.903142927214503e-05
nbs,2008-06-01,area_frac,0.0016635152278468013,0.0014263279736042023,-0.000237187254242599
nbs,2015-01-01,area_frac,0.07616017013788223,0.07567759603261948,-0.00048257410526275635
nbs,2016-02-01,area_frac,0.0004967700806446373,0.0002897825324907899,-0.00020698754815384746
nbs,2016-04-01,area_frac,0.014094650745391846,0.012392455711960793,-0.0017021950334310532
nbs,2016-05-01,area_frac,0.12499822676181793,0.12146639823913574,-0.00353182852268219
nbs,2016-06-01,area_frac,0.20071308314800262,0.2002909630537033,-0.0004221200942993164
nbs,2016-12-01,area_frac,0.3996683955192566,0.40127673745155334,0.001608341932296753
nbs,2017-01-01,area_frac,0.28459426760673523,0.2501274049282074,-0.03446686267852783
nbs,2017-02-01,area_frac,0.09773476421833038,0.01388166006654501,-0.08385310415178537
nbs,2017-05-01,area_frac,0.062035415321588516,0.06082342192530632,-0.001211993396282196
nbs,2017-06-01,area_frac,0.31193438172340393,0.31060707569122314,-0.0013273060321807861
nbs,2017-12-01,area_frac,0.006090639159083366,0.00713083241134882,0.0010401932522654533
nbs,2018-01-01,area_frac,0.012523148208856583,0.012369419448077679,-0.00015372876077890396
nbs,2018-02-01,area_frac,0.09144087135791779,0.09013408422470093,-0.001306787133216858
nbs,2018-03-01,area_frac,0.07759995013475418,0.07601939141750336,-0.001580558717250824
nbs,2018-04-01,area_frac,0.07444165647029877,0.06796375662088394,-0.0064778998494148254
nbs,2018-05-01,area_frac,0.14732807874679565,0.1299213320016861,-0.017406746745109558
nbs,2018-06-01,area_frac,0.15880370140075684,0.1587643027305603,-3.93986701965332e-05
nbs,2018-12-01,area_frac,0.017344197258353233,0.017235148698091507,-0.00010904856026172638
nbs,2019-03-01,area_frac,0.01404256746172905,0.013576271012425423,-0.000466296449303627
nbs,2019-04-01,area_frac,0.055329833179712296,0.0535261444747448,-0.0018036887049674988
nbs,2019-05-01,area_frac,0.1261671632528305,0.1208636686205864,-0.00530349463224411
nbs,2019-06-01,area_frac,0.7167654037475586,0.7168465256690979,8.112192153930664e-05
nbs,2019-12-01,area_frac,0.12864142656326294,0.12849004566669464,-0.00015138089656829834
nbs,2020-05-01,area_frac,0.0036526068579405546,0.0037268020678311586,7.419520989060402e-05
nbs,2020-06-01,area_frac,0.34308722615242004,0.3428012728691101,-0.0002859532833099365
nbs,2020-12-01,area_frac,0.058487243950366974,0.05793212354183197,-0.0005551204085350037
nbs,2021-01-01,area_frac,0.006128062028437853,0.006089335307478905,-3.8726720958948135e-05
nbs,2023-12-01,area_frac,0.016735170036554337,0.016696736216545105,-3.843382000923157e-05
nbs,2024-01-01,area_frac,0.0072647701017558575,0.007033295463770628,-0.0002314746379852295
nbs,2024-12-01,area_frac,0.0018669026903808117,0.0018287658458575606,-3.813684452325106e-05
nbs,2025-04-01,area_frac,0.003356912173330784,0.0027966657653450966,-0.0005602464079856873
nbs,2025-06-01,area_frac,0.054589562118053436,0.054419003427028656,-0.00017055869102478027
nbs,2025-12-01,area_frac,0.007044084835797548,0.006903503090143204,-0.00014058174565434456
nbs,2026-01-01,area_frac,0.0069589694030582905,0.00650207931175828,-0.0004568900913000107
nbs,2026-06-01,area_frac,0.08683881163597107,0.08666983991861343,-0.0001689717173576355
nbs,1982-02-01,Ibar,1.2203484773635864,1.076079249382019,-0.14426922798156738
nbs,1982-03-01,Ibar,1.188030481338501,1.186660885810852,-0.0013695955276489258
nbs,1982-04-01,Ibar,0.45809438824653625,0.27467110753059387,-0.18342328071594238
nbs,1982-05-01,Ibar,0.041103068739175797,0.0,-0.041103068739175797
nbs,1983-03-01,Ibar,0.18301799893379211,0.18302679061889648,8.791685104370117e-06
nbs,1983-04-01,Ibar,0.3948653042316437,0.39561405777931213,0.000748753547668457
nbs,1983-05-01,Ibar,0.3698648512363434,0.3801088035106659,0.01024395227432251
nbs,1983-06-01,Ibar,1.488883137702942,1.4889158010482788,3.266334533691406e-05
nbs,1983-11-01,Ibar,0.03285497426986694,0.03285012021660805,-4.854053258895874e-06
nbs,1983-12-01,Ibar,1.1296708583831787,1.134230375289917,0.004559516906738281
nbs,1984-01-01,Ibar,0.977593719959259,0.8607747554779053,-0.11681896448135376
nbs,1984-03-01,Ibar,0.4451013207435608,0.45516324043273926,0.010061919689178467
nbs,1984-04-01,Ibar,0.19583187997341156,0.19600433111190796,0.00017245113849639893
nbs,1984-06-01,Ibar,0.6903249621391296,0.6913347840309143,0.001009821891784668
nbs,1984-07-01,Ibar,0.29095908999443054,0.29095637798309326,-2.7120113372802734e-06
nbs,1984-12-01,Ibar,0.5690197348594666,0.5558568239212036,-0.01316291093826294
nbs,1985-01-01,Ibar,1.080324411392212,1.079984426498413,-0.0003399848937988281
nbs,1985-02-01,Ibar,0.9969677329063416,0.9405769109725952,-0.05639082193374634
nbs,1985-03-01,Ibar,0.5197144746780396,0.523160457611084,0.0034459829330444336
nbs,1985-12-01,Ibar,0.8559805154800415,0.8535478711128235,-0.0024326443672180176
nbs,1986-01-01,Ibar,0.45934009552001953,0.4692634046077728,0.009923309087753296
nbs,1986-02-01,Ibar,0.07430465519428253,0.10892744362354279,0.034622788429260254
nbs,1986-03-01,Ibar,0.5522813200950623,0.5549437403678894,0.0026624202728271484
nbs,1986-04-01,Ibar,0.5823167562484741,0.5868140459060669,0.0044972896575927734
nbs,1986-06-01,Ibar,0.34046095609664917,0.3388134837150574,-0.0016474723815917969
nbs,1986-07-01,Ibar,0.5723716020584106,0.5723523497581482,-1.9252300262451172e-05
nbs,1986-12-01,Ibar,0.26827725768089294,0.2682407796382904,-3.647804260253906e-05
nbs,1987-01-01,Ibar,0.07751830667257309,0.07896824926137924,0.0014499425888061523
nbs,1987-04-01,Ibar,0.22814200818538666,0.22917014360427856,0.0010281354188919067
nbs,1987-12-01,Ibar,0.20319779217243195,0.015060325153172016,-0.18813746701925993
nbs,1988-01-01,Ibar,0.38291117548942566,0.38930147886276245,0.006390303373336792
nbs,1988-02-01,Ibar,0.32496270537376404,0.3701721727848053,0.04520946741104126
nbs,1988-03-01,Ibar,0.30979403853416443,0.30973580479621887,-5.823373794555664e-05
nbs,1988-04-01,Ibar,0.29096826910972595,0.2734263837337494,-0.017541885375976562
nbs,1989-01-01,Ibar,0.1637752801179886,0.16319620609283447,-0.0005790740251541138
nbs,1989-02-01,Ibar,0.7852954864501953,0.7542299032211304,-0.03106558322906494
nbs,1989-03-01,Ibar,0.7718311548233032,0.7762444019317627,0.004413247108459473
nbs,1989-04-01,Ibar,0.7412359714508057,0.709588348865509,-0.03164762258529663
nbs,1989-05-01,Ibar,0.1998966485261917,0.19902822375297546,-0.0008684247732162476
nbs,1989-12-01,Ibar,0.3678406774997711,0.36609017848968506,-0.0017504990100860596
nbs,1990-06-01,Ibar,0.3448179066181183,0.34481847286224365,5.662441253662109e-07
nbs,1990-12-01,Ibar,0.26099032163619995,0.25999343395233154,-0.0009968876838684082
nbs,1991-01-01,Ibar,0.5827878713607788,0.5789473056793213,-0.0038405656814575195
nbs,1991-02-01,Ibar,0.24030864238739014,0.23788781464099884,-0.0024208277463912964
nbs,1991-03-01,Ibar,0.33517858386039734,0.35018858313560486,0.01500999927520752
nbs,1991-06-01,Ibar,0.5180270671844482,0.5151242613792419,-0.002902805805206299
nbs,1992-01-01,Ibar,0.19327116012573242,0.18857167661190033,-0.004699483513832092
nbs,1992-02-01,Ibar,0.11201801896095276,0.10553598403930664,-0.006482034921646118
nbs,1992-04-01,Ibar,0.34237080812454224,0.20176228880882263,-0.1406085193157196
nbs,1992-06-01,Ibar,0.7703046202659607,0.7097917199134827,-0.06051290035247803
nbs,1992-12-01,Ibar,0.06471355259418488,0.06383299082517624,-0.0008805617690086365
nbs,1993-01-01,Ibar,0.41645514965057373,0.4148418605327606,-0.0016132891178131104
nbs,1993-02-01,Ibar,0.36355137825012207,0.36321091651916504,-0.00034046173095703125
nbs,1993-03-01,Ibar,0.5356331467628479,0.5339726805686951,-0.001660466194152832
nbs,1993-04-01,Ibar,0.6450138092041016,0.6696812510490417,0.024667441844940186
nbs,1993-12-01,Ibar,0.6493526697158813,0.6454673409461975,-0.003885328769683838
nbs,1994-01-01,Ibar,0.15111196041107178,0.12827929854393005,-0.022832661867141724
nbs,1994-02-01,Ibar,0.5910037159919739,0.581608235836029,-0.009395480155944824
nbs,1994-03-01,Ibar,0.16789034008979797,0.16603639721870422,-0.00185394287109375
nbs,1994-04-01,Ibar,0.18489065766334534,0.30662801861763,0.12173736095428467
nbs,1994-05-01,Ibar,0.39372697472572327,0.4418165683746338,0.04808959364891052
nbs,1994-06-01,Ibar,0.6715198159217834,0.6706246733665466,-0.0008951425552368164
nbs,1994-12-01,Ibar,0.05541383847594261,0.054688166826963425,-0.000725671648979187
nbs,1995-01-01,Ibar,0.2998758554458618,0.2981037497520447,-0.0017721056938171387
nbs,1995-02-01,Ibar,0.30966219305992126,0.30537256598472595,-0.0042896270751953125
nbs,1995-03-01,Ibar,0.1525055468082428,0.14710156619548798,-0.005403980612754822
nbs,1995-04-01,Ibar,0.49264806509017944,0.5160447359085083,0.023396670818328857
nbs,1995-05-01,Ibar,0.701585054397583,0.6450542211532593,-0.05653083324432373
nbs,1995-11-01,Ibar,0.21235068142414093,0.21229241788387299,-5.8263540267944336e-05
nbs,1995-12-01,Ibar,0.37695828080177307,0.3734376132488251,-0.003520667552947998
nbs,1996-01-01,Ibar,1.4623608589172363,1.45655357837677,-0.005807280540466309
nbs,1996-02-01,Ibar,1.070363998413086,1.0929423570632935,0.02257835865020752
nbs,1996-03-01,Ibar,0.5819810628890991,0.5834903120994568,0.001509249210357666
nbs,1996-04-01,Ibar,0.09190785139799118,0.09010238945484161,-0.0018054619431495667
nbs,1996-05-01,Ibar,1.0155028104782104,0.9942953586578369,-0.021207451820373535
nbs,1996-06-01,Ibar,0.0632079467177391,0.0641084611415863,0.0009005144238471985
nbs,1996-12-01,Ibar,0.8047720789909363,0.8048193454742432,4.7266483306884766e-05
nbs,1997-02-01,Ibar,0.08459360152482986,0.08233077079057693,-0.0022628307342529297
nbs,1997-03-01,Ibar,0.3086450695991516,0.30919793248176575,0.0005528628826141357
nbs,1997-04-01,Ibar,0.6705858111381531,0.64817875623703,-0.022407054901123047
nbs,1997-05-01,Ibar,0.4711562991142273,0.4609880745410919,-0.010168224573135376
nbs,1997-06-01,Ibar,2.151434898376465,2.15047025680542,-0.0009646415710449219
nbs,1998-01-01,Ibar,0.14955157041549683,0.1470586657524109,-0.0024929046630859375
nbs,1998-03-01,Ibar,0.6953576803207397,0.6995461583137512,0.004188477993011475
nbs,1998-04-01,Ibar,1.0939726829528809,1.0760314464569092,-0.01794123649597168
nbs,1998-05-01,Ibar,0.04574406147003174,0.09265584498643875,0.04691178351640701
nbs,1999-01-01,Ibar,0.15330101549625397,0.1487666219472885,-0.004534393548965454
nbs,2000-02-01,Ibar,0.349776953458786,0.3582233190536499,0.008446365594863892
nbs,2000-03-01,Ibar,0.5798499584197998,0.5819623470306396,0.0021123886108398438
nbs,2000-11-01,Ibar,1.8137893676757812,1.8136062622070312,-0.00018310546875
nbs,2000-12-01,Ibar,1.3592095375061035,1.361906886100769,0.0026973485946655273
nbs,2001-01-01,Ibar,0.6892562508583069,0.6402713656425476,-0.04898488521575928
nbs,2001-02-01,Ibar,1.084304928779602,0.8268613815307617,-0.25744354724884033
nbs,2001-03-01,Ibar,0.5401501059532166,0.5196436643600464,-0.020506441593170166
nbs,2001-04-01,Ibar,0.34662288427352905,0.41918450593948364,0.07256162166595459
nbs,2001-05-01,Ibar,0.0,0.05100322887301445,0.05100322887301445
nbs,2001-06-01,Ibar,0.8184776306152344,0.8179124593734741,-0.0005651712417602539
nbs,2002-02-01,Ibar,0.021205201745033264,0.02099517546594143,-0.00021002627909183502
nbs,2002-03-01,Ibar,0.5420599579811096,0.5407479405403137,-0.0013120174407958984
nbs,2002-04-01,Ibar,0.31366074085235596,0.3044673502445221,-0.009193390607833862
nbs,2002-05-01,Ibar,0.6155701875686646,0.6052436828613281,-0.010326504707336426
nbs,2002-06-01,Ibar,0.9376261234283447,0.9384211301803589,0.0007950067520141602
nbs,2002-11-01,Ibar,1.9056953191757202,1.9056884050369263,-6.9141387939453125e-06
nbs,2002-12-01,Ibar,1.4943548440933228,1.5227376222610474,0.02838277816772461
nbs,2003-01-01,Ibar,0.6169226765632629,0.5979284644126892,-0.01899421215057373
nbs,2003-02-01,Ibar,0.7425963282585144,0.720241129398346,-0.022355198860168457
nbs,2003-03-01,Ibar,0.7936703562736511,0.7502465844154358,-0.04342377185821533
nbs,2003-04-01,Ibar,1.3122575283050537,1.270269513130188,-0.04198801517486572
nbs,2003-05-01,Ibar,1.8877934217453003,1.8573614358901978,-0.03043198585510254
nbs,2003-06-01,Ibar,2.245323896408081,2.24532413482666,2.384185791015625e-07
nbs,2003-11-01,Ibar,1.837759017944336,1.8377386331558228,-2.0384788513183594e-05
nbs,2003-12-01,Ibar,1.5532684326171875,1.5529279708862305,-0.00034046173095703125
nbs,2004-01-01,Ibar,1.5734676122665405,1.5699344873428345,-0.0035331249237060547
nbs,2004-02-01,Ibar,0.4554482698440552,0.4280824065208435,-0.02736586332321167
nbs,2004-03-01,Ibar,0.16202203929424286,0.1617306023836136,-0.00029143691062927246
nbs,2004-04-01,Ibar,0.5564935207366943,0.5567982792854309,0.00030475854873657227
nbs,2004-05-01,Ibar,1.295055627822876,1.2944350242614746,-0.0006206035614013672
nbs,2004-06-01,Ibar,2.661937952041626,2.663472890853882,0.0015349388122558594
nbs,2004-07-01,Ibar,3.0758492946624756,3.075838804244995,-1.049041748046875e-05
nbs,2004-11-01,Ibar,0.2133617252111435,0.21327559649944305,-8.612871170043945e-05
nbs,2004-12-01,Ibar,0.6079143285751343,0.6121804714202881,0.004266142845153809
nbs,2005-03-01,Ibar,0.723118245601654,0.7231095433235168,-8.702278137207031e-06
nbs,2005-04-01,Ibar,0.568027675151825,0.5661866664886475,-0.0018410086631774902
nbs,2005-05-01,Ibar,0.990193247795105,0.9313062429428101,-0.05888700485229492
nbs,2007-01-01,Ibar,0.4516218602657318,0.441691130399704,-0.009930729866027832
nbs,2007-02-01,Ibar,0.5315749049186707,0.4040812849998474,-0.12749361991882324
nbs,2007-05-01,Ibar,0.2906569242477417,0.25162333250045776,-0.039033591747283936
nbs,2007-06-01,Ibar,0.5181679129600525,0.521541178226471,0.003373265266418457
nbs,2007-07-01,Ibar,2.9677839279174805,2.9676544666290283,-0.00012946128845214844
nbs,2008-05-01,Ibar,0.10653112083673477,0.1081506609916687,0.0016195401549339294
nbs,2008-06-01,Ibar,0.31167542934417725,0.31541892886161804,0.003743499517440796
nbs,2009-06-01,Ibar,1.3550585508346558,1.3549494743347168,-0.00010907649993896484
nbs,2009-07-01,Ibar,2.3164796829223633,2.3163623809814453,-0.00011730194091796875
nbs,2011-03-01,Ibar,0.7460604906082153,0.7460530400276184,-7.450580596923828e-06
nbs,2013-06-01,Ibar,1.5289584398269653,1.5266220569610596,-0.0023363828659057617
nbs,2014-12-01,Ibar,1.6595399379730225,1.659515619277954,-2.4318695068359375e-05
nbs,2015-01-01,Ibar,1.484771966934204,1.4845141172409058,-0.00025784969329833984
nbs,2015-02-01,Ibar,1.454232931137085,1.4542678594589233,3.4928321838378906e-05
nbs,2015-04-01,Ibar,0.5128724575042725,0.5074917674064636,-0.005380690097808838
nbs,2015-06-01,Ibar,3.858126163482666,3.857567548751831,-0.0005586147308349609
nbs,2015-12-01,Ibar,0.9424138069152832,0.9424228072166443,9.000301361083984e-06
nbs,2016-02-01,Ibar,0.30431389808654785,0.27910277247428894,-0.02521112561225891
nbs,2016-04-01,Ibar,0.6203742623329163,0.6705588102340698,0.050184547901153564
nbs,2016-05-01,Ibar,2.960811138153076,2.971862554550171,0.011051416397094727
nbs,2016-06-01,Ibar,2.9711155891418457,2.972785234451294,0.0016696453094482422
nbs,2016-07-01,Ibar,3.0903143882751465,3.0903117656707764,-2.6226043701171875e-06
nbs,2016-11-01,Ibar,2.2251927852630615,2.225189685821533,-3.0994415283203125e-06
nbs,2016-12-01,Ibar,2.123734474182129,2.1166117191314697,-0.00712275505065918
nbs,2017-01-01,Ibar,1.6387031078338623,1.7352551221847534,0.09655201435089111
nbs,2017-02-01,Ibar,0.37829312682151794,0.8488020896911621,0.47050896286964417
nbs,2017-04-01,Ibar,0.17329229414463043,0.10849390923976898,-0.06479838490486145
nbs,2017-05-01,Ibar,1.5191041231155396,1.5061153173446655,-0.012988805770874023
nbs,2017-06-01,Ibar,3.2095823287963867,3.2129156589508057,0.0033333301544189453
nbs,2017-12-01,Ibar,0.9136295318603516,0.9473623633384705,0.033732831478118896
nbs,2018-01-01,Ibar,1.0615814924240112,1.03785240650177,-0.02372908592224121
nbs,2018-02-01,Ibar,1.4473942518234253,1.4479913711547852,0.0005971193313598633
nbs,2018-03-01,Ibar,1.4327963590621948,1.4353452920913696,0.0025489330291748047
nbs,2018-04-01,Ibar,1.507304072380066,1.4470620155334473,-0.06024205684661865
nbs,2018-05-01,Ibar,1.6841758489608765,1.6741132736206055,-0.010062575340270996
nbs,2018-06-01,Ibar,3.21468186378479,3.2145731449127197,-0.0001087188720703125
nbs,2018-07-01,Ibar,3.3626859188079834,3.362680196762085,-5.7220458984375e-06
nbs,2018-11-01,Ibar,2.071009397506714,2.0709762573242188,-3.314018249511719e-05
nbs,2018-12-01,Ibar,0.7202516198158264,0.7141554355621338,-0.006096184253692627
nbs,2019-02-01,Ibar,0.208758145570755,0.20502273738384247,-0.0037354081869125366
nbs,2019-03-01,Ibar,0.7073542475700378,0.6834853887557983,-0.023868858814239502
nbs,2019-04-01,Ibar,1.1019834280014038,0.997981607913971,-0.10400182008743286
nbs,2019-05-01,Ibar,2.0776891708374023,2.076568365097046,-0.0011208057403564453
nbs,2019-06-01,Ibar,3.497901678085327,3.496917486190796,-0.00098419189453125
nbs,2019-07-01,Ibar,2.935285806655884,2.9352855682373047,-2.384185791015625e-07
nbs,2019-12-01,Ibar,1.4746313095092773,1.476048231124878,0.001416921615600586
nbs,2020-03-01,Ibar,0.2488260567188263,0.24879123270511627,-3.482401371002197e-05
nbs,2020-04-01,Ibar,0.06894517689943314,0.06886448711156845,-8.068978786468506e-05
nbs,2020-05-01,Ibar,0.4619010090827942,0.45989251136779785,-0.002008497714996338
nbs,2020-06-01,Ibar,2.8506507873535156,2.8521223068237305,0.0014715194702148438
nbs,2020-11-01,Ibar,1.7146759033203125,1.7143374681472778,-0.00033843517303466797
nbs,2020-12-01,Ibar,1.4152376651763916,1.4138084650039673,-0.0014292001724243164
nbs,2021-01-01,Ibar,0.7985944151878357,0.7986095547676086,1.5139579772949219e-05
nbs,2021-03-01,Ibar,0.224785715341568,0.22476860880851746,-1.710653305053711e-05
nbs,2021-04-01,Ibar,0.3828486502170563,0.3816651701927185,-0.0011834800243377686
nbs,2021-05-01,Ibar,0.5490508079528809,0.5441195368766785,-0.004931271076202393
nbs,2021-06-01,Ibar,2.1357245445251465,2.131601333618164,-0.004123210906982422
nbs,2022-05-01,Ibar,1.7078640460968018,1.7049061059951782,-0.002957940101623535
nbs,2022-06-01,Ibar,4.344672203063965,4.344506740570068,-0.00016546249389648438
nbs,2023-01-01,Ibar,0.5522904992103577,0.552276611328125,-1.3887882232666016e-05
nbs,2023-05-01,Ibar,0.1891610026359558,0.18573255836963654,-0.003428444266319275
nbs,2023-11-01,Ibar,1.4909204244613647,1.4908572435379028,-6.318092346191406e-05
nbs,2023-12-01,Ibar,0.49651387333869934,0.4957357943058014,-0.0007780790328979492
nbs,2024-01-01,Ibar,0.36211714148521423,0.36253800988197327,0.0004208683967590332
nbs,2024-12-01,Ibar,0.6478647589683533,0.6491090655326843,0.0012443065643310547
nbs,2025-04-01,Ibar,0.8533037900924683,0.8446490168571472,-0.008654773235321045
nbs,2025-05-01,Ibar,0.5566601753234863,0.5441721677780151,-0.012488007545471191
nbs,2025-06-01,Ibar,4.107905864715576,4.110668659210205,0.0027627944946289062
nbs,2025-07-01,Ibar,1.9193984270095825,1.9193977117538452,-7.152557373046875e-07
nbs,2025-12-01,Ibar,0.964480459690094,0.9746824502944946,0.010201990604400635
nbs,2026-01-01,Ibar,0.9302120804786682,0.9218533635139465,-0.00835871696472168
nbs,2026-06-01,Ibar,4.264215469360352,4.272516250610352,0.00830078125
nbs,1982-02-01,Dbar,3.6830496788024902,3.942518711090088,0.25946903228759766
nbs,1982-03-01,Dbar,6.816983222961426,6.876039505004883,0.05905628204345703
nbs,1982-04-01,Dbar,1.2666666507720947,0.9333333373069763,-0.3333333134651184
nbs,1982-05-01,Dbar,0.16129031777381897,0.0,-0.16129031777381897
nbs,1983-12-01,Dbar,3.687997579574585,3.7375311851501465,0.04953360557556152
nbs,1984-01-01,Dbar,5.5400004386901855,4.685524940490723,-0.8544754981994629
nbs,1984-03-01,Dbar,6.6795334815979,6.835829734802246,0.1562962532043457
nbs,1984-12-01,Dbar,2.084151268005371,2.1844539642333984,0.10030269622802734
nbs,1985-01-01,Dbar,4.360980033874512,4.734094142913818,0.37311410903930664
nbs,1985-02-01,Dbar,10.740256309509277,11.047075271606445,0.30681896209716797
nbs,1986-01-01,Dbar,2.577679395675659,2.688965320587158,0.11128592491149902
nbs,1986-02-01,Dbar,0.5357142686843872,0.6428571343421936,0.1071428656578064
nbs,1986-03-01,Dbar,6.658536911010742,6.863492488861084,0.2049555778503418
nbs,1986-04-01,Dbar,7.796785831451416,7.746567249298096,-0.05021858215332031
nbs,1987-12-01,Dbar,3.6185245513916016,0.032258063554763794,-3.5862664878368378
nbs,1988-01-01,Dbar,4.945903778076172,2.788111686706543,-2.157792091369629
nbs,1988-02-01,Dbar,2.16792368888855,2.298954725265503,0.13103103637695312
nbs,1988-04-01,Dbar,2.584514856338501,2.533926248550415,-0.05058860778808594
nbs,1989-02-01,Dbar,7.421690464019775,7.884047508239746,0.4623570442199707
nbs,1989-03-01,Dbar,12.983180046081543,14.909491539001465,1.9263114929199219
nbs,1989-04-01,Dbar,9.698368072509766,10.50808048248291,0.8097124099731445
nbs,1989-05-01,Dbar,0.8465220928192139,0.8374426960945129,-0.009079396724700928
nbs,1990-12-01,Dbar,1.2673996686935425,1.2757656574249268,0.008365988731384277
nbs,1991-01-01,Dbar,3.8290839195251465,3.824392795562744,-0.004691123962402344
nbs,1991-03-01,Dbar,3.1682119369506836,3.426276445388794,0.25806450843811035
nbs,1992-02-01,Dbar,0.6379310488700867,0.6609196066856384,0.022988557815551758
nbs,1992-04-01,Dbar,1.349274754524231,0.8492746353149414,-0.5000001192092896
nbs,1992-06-01,Dbar,0.940048336982727,0.8699319958686829,-0.07011634111404419
nbs,1993-02-01,Dbar,1.9977294206619263,1.993850827217102,-0.0038785934448242188
nbs,1993-03-01,Dbar,4.302717685699463,3.913550615310669,-0.38916707038879395
nbs,1993-04-01,Dbar,3.5470170974731445,3.8611063957214355,0.314089298248291
nbs,1994-01-01,Dbar,0.6867103576660156,0.6372281908988953,-0.04948216676712036
nbs,1994-02-01,Dbar,3.653394937515259,4.70263671875,1.0492417812347412
nbs,1994-04-01,Dbar,1.096868634223938,2.930202007293701,1.8333333730697632
nbs,1994-05-01,Dbar,0.8153058886528015,1.1528068780899048,0.33750098943710327
nbs,1994-06-01,Dbar,1.160016655921936,1.1544651985168457,-0.005551457405090332
nbs,1995-03-01,Dbar,0.9032257795333862,0.9440894722938538,0.04086369276046753
nbs,1995-04-01,Dbar,4.733129024505615,5.08497428894043,0.35184526443481445
nbs,1995-05-01,Dbar,3.7998881340026855,3.3661890029907227,-0.4336991310119629
nbs,1996-01-01,Dbar,7.264146327972412,7.206674098968506,-0.05747222900390625
nbs,1996-02-01,Dbar,13.777364730834961,13.751184463500977,-0.026180267333984375
nbs,1996-03-01,Dbar,3.4469876289367676,4.247969150543213,0.8009815216064453
nbs,1996-04-01,Dbar,0.30931296944618225,0.3145853579044342,0.005272388458251953
nbs,1996-05-01,Dbar,2.103353261947632,2.116145133972168,0.012791872024536133
nbs,1997-04-01,Dbar,2.466675043106079,2.4526491165161133,-0.01402592658996582
nbs,1997-05-01,Dbar,0.8958012461662292,0.939480721950531,0.04367947578430176
nbs,1997-06-01,Dbar,5.271551132202148,5.266357421875,-0.0051937103271484375
nbs,1998-03-01,Dbar,5.291774749755859,5.295924186706543,0.004149436950683594
nbs,1998-04-01,Dbar,12.719463348388672,11.237997055053711,-1.481466293334961
nbs,1998-05-01,Dbar,0.29032257199287415,0.6129032373428345,0.3225806653499603
nbs,2000-02-01,Dbar,2.178509473800659,2.120779514312744,-0.05772995948791504
nbs,2000-03-01,Dbar,4.308668613433838,4.356194972991943,0.04752635955810547
nbs,2000-12-01,Dbar,8.117040634155273,8.522770881652832,0.4057302474975586
nbs,2001-01-01,Dbar,3.61293625831604,3.800788640975952,0.1878523826599121
nbs,2001-02-01,Dbar,4.850121974945068,5.009219646453857,0.15909767150878906
nbs,2001-03-01,Dbar,3.7183010578155518,3.6832408905029297,-0.03506016731262207
nbs,2001-04-01,Dbar,1.6938835382461548,2.200000047683716,0.506116509437561
nbs,2001-05-01,Dbar,0.0,0.5483871102333069,0.5483871102333069
nbs,2002-04-01,Dbar,1.4358718395233154,1.4423295259475708,0.006457686424255371
nbs,2002-05-01,Dbar,1.4940491914749146,1.4762645959854126,-0.017784595489501953
nbs,2002-12-01,Dbar,6.752443313598633,6.9945244789123535,0.2420811653137207
nbs,2003-01-01,Dbar,6.881891250610352,7.345655918121338,0.46376466751098633
nbs,2003-02-01,Dbar,9.859456062316895,10.322427749633789,0.46297168731689453
nbs,2003-03-01,Dbar,4.938487529754639,4.494930744171143,-0.4435567855834961
nbs,2003-04-01,Dbar,7.344532489776611,7.070420265197754,-0.2741122245788574
nbs,2003-05-01,Dbar,6.648377895355225,6.299618721008301,-0.34875917434692383
nbs,2003-06-01,Dbar,6.47391939163208,6.256297588348389,-0.2176218032836914
nbs,2003-12-01,Dbar,18.473966598510742,18.474960327148438,0.0009937286376953125
nbs,2004-01-01,Dbar,21.690746307373047,21.133441925048828,-0.5573043823242188
nbs,2004-02-01,Dbar,3.756751298904419,3.510388135910034,-0.24636316299438477
nbs,2004-05-01,Dbar,2.9053220748901367,2.9033517837524414,-0.0019702911376953125
nbs,2004-06-01,Dbar,7.6585235595703125,7.670125484466553,0.011601924896240234
nbs,2005-05-01,Dbar,2.7771060466766357,2.583557605743408,-0.19354844093322754
nbs,2007-01-01,Dbar,1.9808738231658936,1.9486157894134521,-0.032258033752441406
nbs,2007-02-01,Dbar,3.4107143878936768,2.6964285373687744,-0.7142858505249023
nbs,2007-05-01,Dbar,0.8277890682220459,0.7096773982048035,-0.11811167001724243
nbs,2007-06-01,Dbar,0.8415796756744385,0.8463709950447083,0.004791319370269775
nbs,2008-05-01,Dbar,0.08193763345479965,0.08213138580322266,0.00019375234842300415
nbs,2008-06-01,Dbar,0.5340316891670227,0.536096453666687,0.0020647644996643066
nbs,2015-01-01,Dbar,8.302319526672363,8.292725563049316,-0.009593963623046875
nbs,2016-04-01,Dbar,0.9400131106376648,0.8815231323242188,-0.058489978313446045
nbs,2016-05-01,Dbar,11.116992950439453,10.966432571411133,-0.1505603790283203
nbs,2016-06-01,Dbar,11.315268516540527,11.304959297180176,-0.010309219360351562
nbs,2016-07-01,Dbar,17.614931106567383,17.616731643676758,0.001800537109375
nbs,2016-08-01,Dbar,27.94585418701172,27.949682235717773,0.0038280487060546875
nbs,2016-09-01,Dbar,36.65476989746094,36.65998077392578,0.00521087646484375
nbs,2016-12-01,Dbar,37.35616683959961,37.21938705444336,-0.13677978515625
nbs,2017-01-01,Dbar,55.146602630615234,60.01063537597656,4.864032745361328
nbs,2017-02-01,Dbar,12.873446464538574,15.8154878616333,2.9420413970947266
nbs,2017-05-01,Dbar,5.550021171569824,5.382706642150879,-0.1673145294189453
nbs,2017-06-01,Dbar,8.981310844421387,8.976053237915039,-0.005257606506347656
nbs,2017-12-01,Dbar,3.2045605182647705,3.441819190979004,0.2372586727142334
nbs,2018-01-01,Dbar,2.4936161041259766,2.4860804080963135,-0.007535696029663086
nbs,2018-02-01,Dbar,9.638532638549805,9.706011772155762,0.06747913360595703
nbs,2018-03-01,Dbar,19.661678314208984,19.771793365478516,0.11011505126953125
nbs,2018-04-01,Dbar,11.234586715698242,11.401118278503418,0.16653156280517578
nbs,2018-05-01,Dbar,9.09701919555664,7.901232719421387,-1.195786476135254
nbs,2018-06-01,Dbar,5.228639125823975,5.223639965057373,-0.0049991607666015625
nbs,2018-07-01,Dbar,13.195570945739746,13.195094108581543,-0.000476837158203125
nbs,2018-12-01,Dbar,7.1158905029296875,7.105509281158447,-0.010381221771240234
nbs,2019-03-01,Dbar,2.666914939880371,2.660640239715576,-0.006274700164794922
nbs,2019-04-01,Dbar,4.319619655609131,3.861353874206543,-0.4582657814025879
nbs,2019-05-01,Dbar,7.395822525024414,7.171000003814697,-0.2248225212097168
nbs,2019-06-01,Dbar,12.218734741210938,12.075397491455078,-0.14333724975585938
nbs,2019-07-01,Dbar,24.999937057495117,24.96046257019043,-0.0394744873046875
nbs,2019-08-01,Dbar,13.417963027954102,13.413311004638672,-0.0046520233154296875
nbs,2019-12-01,Dbar,10.354769706726074,10.344735145568848,-0.010034561157226562
nbs,2020-05-01,Dbar,0.17473922669887543,0.17362450063228607,-0.0011147260665893555
nbs,2020-06-01,Dbar,8.906136512756348,8.902109146118164,-0.004027366638183594
nbs,2020-12-01,Dbar,9.1480073928833,9.124395370483398,-0.023612022399902344
nbs,2021-01-01,Dbar,5.324435710906982,5.306458473205566,-0.017977237701416016
nbs,2023-12-01,Dbar,2.230332136154175,2.2276697158813477,-0.0026624202728271484
nbs,2024-01-01,Dbar,0.9358884692192078,0.9262101054191589,-0.009678363800048828
nbs,2024-12-01,Dbar,1.901893138885498,1.899204969406128,-0.002688169479370117
nbs,2025-04-01,Dbar,4.046026706695557,4.024028301239014,-0.02199840545654297
nbs,2025-06-01,Dbar,4.558717250823975,4.55996561050415,0.0012483596801757812
nbs,2025-12-01,Dbar,8.58632755279541,8.632590293884277,0.04626274108886719
nbs,2026-01-01,Dbar,7.4495849609375,4.02732515335083,-3.42225980758667
nbs,2026-06-01,Dbar,7.30782413482666,7.310468673706055,0.0026445388793945312
nbs,1982-02-01,Cbar,4.72755765914917,4.3144097328186035,-0.4131479263305664
nbs,1982-03-01,Cbar,13.10637092590332,13.136734962463379,0.030364036560058594
nbs,1982-04-01,Cbar,1.5886174440383911,1.123424768447876,-0.46519267559051514
nbs,1982-05-01,Cbar,0.21087831258773804,0.0,-0.21087831258773804
nbs,1983-03-01,Cbar,0.6056638956069946,0.6056745648384094,1.0669231414794922e-05
nbs,1983-04-01,Cbar,2.3985986709594727,2.396763324737549,-0.0018353462219238281
nbs,1983-05-01,Cbar,1.3576921224594116,1.3894869089126587,0.03179478645324707
nbs,1983-06-01,Cbar,7.277410507202148,7.277693748474121,0.00028324127197265625
nbs,1983-11-01,Cbar,0.03285497426986694,0.03285012021660805,-4.854053258895874e-06
nbs,1983-12-01,Cbar,4.438901901245117,4.495157241821289,0.056255340576171875
nbs,1984-01-01,Cbar,6.31106424331665,5.906519889831543,-0.4045443534851074
nbs,1984-03-01,Cbar,4.694752216339111,4.740500450134277,0.045748233795166016
nbs,1984-04-01,Cbar,2.427037000656128,2.4263217449188232,-0.0007152557373046875
nbs,1984-06-01,Cbar,1.7256417274475098,1.7294830083847046,0.0038412809371948242
nbs,1984-07-01,Cbar,1.0634225606918335,1.0633418560028076,-8.07046890258789e-05
nbs,1984-12-01,Cbar,2.337332010269165,2.406114339828491,0.06878232955932617
nbs,1985-01-01,Cbar,4.845873832702637,5.159900665283203,0.3140268325805664
nbs,1985-02-01,Cbar,15.182538986206055,15.008661270141602,-0.17387771606445312
nbs,1985-03-01,Cbar,2.9691038131713867,2.991860866546631,0.02275705337524414
nbs,1985-12-01,Cbar,4.5329389572143555,4.5251336097717285,-0.007805347442626953
nbs,1986-01-01,Cbar,2.892416477203369,3.0755462646484375,0.18312978744506836
nbs,1986-02-01,Cbar,0.22441469132900238,0.276377409696579,0.0519627183675766
nbs,1986-03-01,Cbar,3.8007559776306152,3.907395124435425,0.10663914680480957
nbs,1986-04-01,Cbar,6.6083984375,6.678343296051025,0.06994485855102539
nbs,1986-06-01,Cbar,1.003656029701233,0.9986547827720642,-0.005001246929168701
nbs,1986-07-01,Cbar,1.7926710844039917,1.7926055192947388,-6.556510925292969e-05
nbs,1986-12-01,Cbar,0.8460264801979065,0.8459073305130005,-0.00011914968490600586
nbs,1987-01-01,Cbar,0.24022862315177917,0.24427618086338043,0.004047557711601257
nbs,1987-04-01,Cbar,0.9023016691207886,0.9050843119621277,0.0027826428413391113
nbs,1987-12-01,Cbar,0.9672349691390991,0.015060325153172016,-0.9521746439859271
nbs,1988-01-01,Cbar,2.859947681427002,1.9744154214859009,-0.8855322599411011
nbs,1988-02-01,Cbar,1.606652021408081,1.5763825178146362,-0.030269503593444824
nbs,1988-03-01,Cbar,1.5681779384613037,1.567999005317688,-0.00017893314361572266
nbs,1988-04-01,Cbar,1.7803938388824463,1.7008801698684692,-0.07951366901397705
nbs,1989-01-01,Cbar,0.5639238953590393,0.5624949336051941,-0.0014289617538452148
nbs,1989-02-01,Cbar,7.124868869781494,7.044369220733643,-0.08049964904785156
nbs,1989-03-01,Cbar,11.41335391998291,12.567103385925293,1.1537494659423828
nbs,1989-04-01,Cbar,6.706254005432129,6.974272727966309,0.2680187225341797
nbs,1989-05-01,Cbar,0.9583674669265747,0.9439157247543335,-0.014451742172241211
nbs,1989-12-01,Cbar,1.33522367477417,1.3291743993759155,-0.0060492753982543945
nbs,1990-06-01,Cbar,1.0429149866104126,1.0429178476333618,2.86102294921875e-06
nbs,1990-12-01,Cbar,1.0463346242904663,1.052220106124878,0.005885481834411621
nbs,1991-01-01,Cbar,2.855747699737549,2.8366403579711914,-0.019107341766357422
nbs,1991-02-01,Cbar,0.6978902220726013,0.6831963658332825,-0.014693856239318848
nbs,1991-03-01,Cbar,2.0115768909454346,2.131093740463257,0.11951684951782227
nbs,1991-06-01,Cbar,1.8428982496261597,1.8309117555618286,-0.011986494064331055
nbs,1992-01-01,Cbar,0.814982533454895,0.7953155040740967,-0.01966702938079834
nbs,1992-02-01,Cbar,0.3415757119655609,0.3387555778026581,-0.002820134162902832
nbs,1992-04-01,Cbar,1.2243529558181763,0.8058244585990906,-0.4185284972190857
nbs,1992-06-01,Cbar,2.185637950897217,2.048590898513794,-0.13704705238342285
nbs,1992-12-01,Cbar,0.1145525872707367,0.11295931786298752,-0.001593269407749176
nbs,1993-01-01,Cbar,3.597362756729126,3.5894968509674072,-0.00786590576171875
nbs,1993-02-01,Cbar,1.3486239910125732,1.3657071590423584,0.017083168029785156
nbs,1993-03-01,Cbar,2.49284029006958,2.2464041709899902,-0.24643611907958984
nbs,1993-04-01,Cbar,3.217379093170166,3.4629786014556885,0.24559950828552246
nbs,1993-12-01,Cbar,2.655344247817993,2.6433286666870117,-0.012015581130981445
nbs,1994-01-01,Cbar,0.6409687995910645,0.6032408475875854,-0.037727952003479004
nbs,1994-02-01,Cbar,3.095973253250122,3.675546646118164,0.579573392868042
nbs,1994-03-01,Cbar,0.7349425554275513,0.7262193560600281,-0.008723199367523193
nbs,1994-04-01,Cbar,0.7708142995834351,2.1425695419311523,1.3717552423477173
nbs,1994-05-01,Cbar,1.2442606687545776,1.7743191719055176,0.5300585031509399
nbs,1994-06-01,Cbar,2.5346295833587646,2.517094850540161,-0.017534732818603516
nbs,1994-12-01,Cbar,0.08116037398576736,0.08007321506738663,-0.0010871589183807373
nbs,1995-01-01,Cbar,1.994563102722168,1.9863163232803345,-0.008246779441833496
nbs,1995-02-01,Cbar,1.4082937240600586,1.3799241781234741,-0.028369545936584473
nbs,1995-03-01,Cbar,0.5826297402381897,0.5322297215461731,-0.0504000186920166
nbs,1995-04-01,Cbar,3.0091335773468018,3.2351202964782715,0.22598671913146973
nbs,1995-05-01,Cbar,4.015971660614014,3.4510724544525146,-0.564899206161499
nbs,1995-11-01,Cbar,0.5225074887275696,0.5224187970161438,-8.869171142578125e-05
nbs,1995-12-01,Cbar,1.3819082975387573,1.371933937072754,-0.009974360466003418
nbs,1996-01-01,Cbar,11.345613479614258,11.21574878692627,-0.12986469268798828
nbs,1996-02-01,Cbar,22.912324905395508,22.597579956054688,-0.3147449493408203
nbs,1996-03-01,Cbar,2.2860612869262695,2.691502094268799,0.4054408073425293
nbs,1996-04-01,Cbar,0.3158373534679413,0.31414172053337097,-0.0016956329345703125
nbs,1996-05-01,Cbar,3.1989893913269043,3.09958553314209,-0.09940385818481445
nbs,1996-06-01,Cbar,0.34322044253349304,0.34911659359931946,0.005896151065826416
nbs,1996-12-01,Cbar,4.612873554229736,4.612838268280029,-3.528594970703125e-05
nbs,1997-02-01,Cbar,0.25570282340049744,0.24866507947444916,-0.007037743926048279
nbs,1997-03-01,Cbar,1.2837423086166382,1.2861807346343994,0.0024384260177612305
nbs,1997-04-01,Cbar,2.1127426624298096,2.043936014175415,-0.06880664825439453
nbs,1997-05-01,Cbar,1.2926148176193237,1.2815719842910767,-0.01104283332824707
nbs,1997-06-01,Cbar,13.483678817749023,13.467852592468262,-0.01582622528076172
nbs,1998-01-01,Cbar,0.45125794410705566,0.44384127855300903,-0.007416665554046631
nbs,1998-03-01,Cbar,5.3197174072265625,5.335564613342285,0.015847206115722656
nbs,1998-04-01,Cbar,13.201874732971191,11.608593940734863,-1.5932807922363281
nbs,1998-05-01,Cbar,0.48724108934402466,1.0436718463897705,0.5564307570457458
nbs,1999-01-01,Cbar,0.5524557828903198,0.5372260212898254,-0.015229761600494385
nbs,2000-02-01,Cbar,1.5536391735076904,1.5493801832199097,-0.004258990287780762
nbs,2000-03-01,Cbar,3.098036527633667,3.1506874561309814,0.05265092849731445
nbs,2000-11-01,Cbar,14.844773292541504,14.844462394714355,-0.0003108978271484375
nbs,2000-12-01,Cbar,12.301948547363281,13.06036376953125,0.7584152221679688
nbs,2001-01-01,Cbar,3.4446189403533936,3.6055877208709717,0.16096878051757812
nbs,2001-02-01,Cbar,5.509479999542236,4.5113091468811035,-0.9981708526611328
nbs,2001-03-01,Cbar,2.771904706954956,2.5890817642211914,-0.18282294273376465
nbs,2001-04-01,Cbar,1.5824707746505737,1.8337455987930298,0.25127482414245605
nbs,2001-05-01,Cbar,0.0,0.4119398593902588,0.4119398593902588
nbs,2001-06-01,Cbar,4.209989070892334,4.206206321716309,-0.0037827491760253906
nbs,2002-02-01,Cbar,0.021205201745033264,0.02099517546594143,-0.00021002627909183502
nbs,2002-03-01,Cbar,2.6030993461608887,2.5978775024414062,-0.005221843719482422
nbs,2002-04-01,Cbar,1.3093135356903076,1.2924797534942627,-0.016833782196044922
nbs,2002-05-01,Cbar,2.499176502227783,2.4225246906280518,-0.07665181159973145
nbs,2002-06-01,Cbar,4.304097652435303,4.30923318862915,0.005135536193847656
nbs,2002-11-01,Cbar,16.23419761657715,16.234188079833984,-9.5367431640625e-06
nbs,2002-12-01,Cbar,11.568408012390137,12.193060874938965,0.6246528625488281
nbs,2003-01-01,Cbar,6.534269332885742,6.821166038513184,0.2868967056274414
nbs,2003-02-01,Cbar,7.353348731994629,7.407007694244385,0.05365896224975586
nbs,2003-03-01,Cbar,4.239487171173096,3.7537872791290283,-0.4856998920440674
nbs,2003-04-01,Cbar,10.393828392028809,9.790129661560059,-0.60369873046875
nbs,2003-05-01,Cbar,13.324443817138672,12.482039451599121,-0.8424043655395508
nbs,2003-06-01,Cbar,14.623185157775879,14.169137954711914,-0.45404720306396484
nbs,2003-11-01,Cbar,33.602760314941406,33.60272979736328,-3.0517578125e-05
nbs,2003-12-01,Cbar,31.88603401184082,31.886493682861328,0.0004596710205078125
nbs,2004-01-01,Cbar,39.079307556152344,37.970638275146484,-1.1086692810058594
nbs,2004-02-01,Cbar,4.2527337074279785,4.075838565826416,-0.1768951416015625
nbs,2004-03-01,Cbar,0.6601039171218872,0.6587947010993958,-0.001309216022491455
nbs,2004-04-01,Cbar,2.5013911724090576,2.5016961097717285,0.00030493736267089844
nbs,2004-05-01,Cbar,5.848374366760254,5.84083366394043,-0.007540702819824219
nbs,2004-06-01,Cbar,19.37383270263672,19.402141571044922,0.028308868408203125
nbs,2004-07-01,Cbar,37.283485412597656,37.277557373046875,-0.00592803955078125
nbs,2004-08-01,Cbar,62.336700439453125,62.333213806152344,-0.00348663330078125
nbs,2004-09-01,Cbar,26.657983779907227,26.65730857849121,-0.000675201416015625
nbs,2004-11-01,Cbar,0.38314974308013916,0.38305574655532837,-9.399652481079102e-05
nbs,2004-12-01,Cbar,2.5528910160064697,2.5648486614227295,0.011957645416259766
nbs,2005-03-01,Cbar,3.729383945465088,3.7293403148651123,-4.363059997558594e-05
nbs,2005-04-01,Cbar,1.5568751096725464,1.552883505821228,-0.003991603851318359
nbs,2005-05-01,Cbar,4.525386810302734,4.1498589515686035,-0.37552785873413086
nbs,2007-01-01,Cbar,2.2581968307495117,2.2482662200927734,-0.009930610656738281
nbs,2007-02-01,Cbar,3.1650888919830322,2.7251973152160645,-0.4398915767669678
nbs,2007-05-01,Cbar,0.8622130155563354,0.7178011536598206,-0.1444118618965149
nbs,2007-06-01,Cbar,1.903486967086792,1.925732970237732,0.02224600315093994
nbs,2007-07-01,Cbar,18.785606384277344,18.785348892211914,-0.0002574920654296875
nbs,2008-05-01,Cbar,0.13268502056598663,0.13509860634803772,0.0024135857820510864
nbs,2008-06-01,Cbar,1.1776708364486694,1.1965848207473755,0.018913984298706055
nbs,2009-06-01,Cbar,6.1179070472717285,6.117447853088379,-0.0004591941833496094
nbs,2009-07-01,Cbar,10.912985801696777,10.910953521728516,-0.0020322799682617188
nbs,2011-03-01,Cbar,2.763033628463745,2.763026237487793,-7.3909759521484375e-06
nbs,2013-06-01,Cbar,5.333199501037598,5.325692176818848,-0.00750732421875
nbs,2014-12-01,Cbar,20.179187774658203,20.17905044555664,-0.0001373291015625
nbs,2015-01-01,Cbar,13.179564476013184,13.174657821655273,-0.004906654357910156
nbs,2015-02-01,Cbar,15.46684455871582,15.466949462890625,0.0001049041748046875
nbs,2015-04-01,Cbar,2.777352809906006,2.75380802154541,-0.023544788360595703
nbs,2015-06-01,Cbar,31.78223419189453,31.7807559967041,-0.0014781951904296875
nbs,2015-12-01,Cbar,4.03294563293457,4.032971382141113,2.574920654296875e-05
nbs,2016-02-01,Cbar,1.199462652206421,1.115938425064087,-0.08352422714233398
nbs,2016-04-01,Cbar,1.5575264692306519,1.5924166440963745,0.034890174865722656
nbs,2016-05-01,Cbar,30.341001510620117,30.33956527709961,-0.0014362335205078125
nbs,2016-06-01,Cbar,35.34608459472656,35.368896484375,0.0228118896484375
nbs,2016-07-01,Cbar,56.59501647949219,56.59876251220703,0.00374603271484375
nbs,2016-08-01,Cbar,83.39846801757812,83.40679168701172,0.00832366943359375
nbs,2016-09-01,Cbar,110.2484130859375,110.25985717773438,0.011444091796875
nbs,2016-10-01,Cbar,36.28125762939453,36.2812614440918,3.814697265625e-06
nbs,2016-12-01,Cbar,80.1402359008789,79.79536437988281,-0.34487152099609375
nbs,2017-01-01,Cbar,122.66443634033203,134.85153198242188,12.187095642089844
nbs,2017-02-01,Cbar,12.337420463562012,33.28831481933594,20.950894355773926
nbs,2017-04-01,Cbar,0.5192134380340576,0.32568588852882385,-0.19352754950523376
nbs,2017-05-01,Cbar,9.476408958435059,9.142406463623047,-0.3340024948120117
nbs,2017-06-01,Cbar,31.42064094543457,31.4188289642334,-0.001811981201171875
nbs,2017-12-01,Cbar,3.530015468597412,3.6833183765411377,0.15330290794372559
nbs,2018-01-01,Cbar,3.775357484817505,3.708864212036133,-0.06649327278137207
nbs,2018-02-01,Cbar,14.848273277282715,14.962318420410156,0.1140451431274414
nbs,2018-03-01,Cbar,32.46602249145508,32.66331100463867,0.19728851318359375
nbs,2018-04-01,Cbar,18.072261810302734,18.062725067138672,-0.0095367431640625
nbs,2018-05-01,Cbar,15.549647331237793,13.457695960998535,-2.091951370239258
nbs,2018-06-01,Cbar,17.19725799560547,17.18494415283203,-0.0123138427734375
nbs,2018-07-01,Cbar,50.4924201965332,50.489891052246094,-0.002529144287109375
nbs,2018-08-01,Cbar,37.01737594604492,37.01723861694336,-0.0001373291015625
nbs,2018-11-01,Cbar,112.82099914550781,112.8209457397461,-5.340576171875e-05
nbs,2018-12-01,Cbar,14.718427658081055,14.679933547973633,-0.038494110107421875
nbs,2019-02-01,Cbar,0.41923293471336365,0.4127998948097229,-0.006433039903640747
nbs,2019-03-01,Cbar,3.366895914077759,3.2586145401000977,-0.10828137397766113
nbs,2019-04-01,Cbar,5.1617536544799805,4.404171466827393,-0.7575821876525879
nbs,2019-05-01,Cbar,14.124859809875488,13.778605461120605,-0.3462543487548828
nbs,2019-06-01,Cbar,41.26772689819336,41.03050231933594,-0.23722457885742188
nbs,2019-07-01,Cbar,83.0352554321289,82.98697662353516,-0.04827880859375
nbs,2019-08-01,Cbar,36.35536193847656,36.35254669189453,-0.00281524658203125
nbs,2019-12-01,Cbar,19.237836837768555,19.225671768188477,-0.012165069580078125
nbs,2020-03-01,Cbar,0.8696291446685791,0.869573175907135,-5.59687614440918e-05
nbs,2020-04-01,Cbar,0.4187864363193512,0.4186020493507385,-0.0001843869686126709
nbs,2020-05-01,Cbar,0.6270189881324768,0.6208123564720154,-0.006206631660461426
nbs,2020-06-01,Cbar,27.610414505004883,27.624475479125977,0.01406097412109375
nbs,2020-11-01,Cbar,20.479106903076172,20.478498458862305,-0.0006084442138671875
nbs,2020-12-01,Cbar,13.978753089904785,13.93666934967041,-0.042083740234375
nbs,2021-01-01,Cbar,7.643423557281494,7.612961292266846,-0.030462265014648438
nbs,2021-02-01,Cbar,2.2381207942962646,2.2381227016448975,1.9073486328125e-06
nbs,2021-03-01,Cbar,0.590533435344696,0.5905109643936157,-2.2470951080322266e-05
nbs,2021-04-01,Cbar,2.035128355026245,2.0317695140838623,-0.0033588409423828125
nbs,2021-05-01,Cbar,1.424456238746643,1.4133318662643433,-0.011124372482299805
nbs,2021-06-01,Cbar,9.94794750213623,9.927373886108398,-0.02057361602783203
nbs,2021-07-01,Cbar,21.331912994384766,21.331859588623047,-5.340576171875e-05
nbs,2022-05-01,Cbar,5.567677974700928,5.557428359985352,-0.010249614715576172
nbs,2022-06-01,Cbar,53.96607208251953,53.96526336669922,-0.0008087158203125
nbs,2023-01-01,Cbar,2.5959088802337646,2.595856189727783,-5.269050598144531e-05
nbs,2023-05-01,Cbar,0.5673754811286926,0.5551928877830505,-0.01218259334564209
nbs,2023-11-01,Cbar,10.271159172058105,10.271066665649414,-9.250640869140625e-05
nbs,2023-12-01,Cbar,3.422816038131714,3.4160640239715576,-0.00675201416015625
nbs,2024-01-01,Cbar,1.3640146255493164,1.3523746728897095,-0.011639952659606934
nbs,2024-12-01,Cbar,2.5841150283813477,2.586874485015869,0.0027594566345214844
nbs,2025-04-01,Cbar,5.073583126068115,5.018586158752441,-0.05499696731567383
nbs,2025-05-01,Cbar,3.982520341873169,3.895646572113037,-0.08687376976013184
nbs,2025-06-01,Cbar,19.848180770874023,19.860994338989258,0.012813568115234375
nbs,2025-07-01,Cbar,33.18608856201172,33.18608093261719,-7.62939453125e-06
nbs,2025-12-01,Cbar,10.603069305419922,10.675286293029785,0.07221698760986328
nbs,2026-01-01,Cbar,5.5311126708984375,5.205228805541992,-0.3258838653564453
nbs,2026-06-01,Cbar,32.33938980102539,32.37024688720703,0.030857086181640625
nbs,2026-07-01,Cbar,56.442813873291016,56.442020416259766,-0.00079345703125
nbs,1982-02-01,Obar,0.03567672148346901,0.03083108365535736,-0.0048456378281116486
nbs,1982-03-01,Obar,0.008145593106746674,0.007959181442856789,-0.00018641166388988495
nbs,1982-04-01,Obar,0.03371340408921242,0.018928777426481247,-0.01478462666273117
nbs,1983-03-01,Obar,0.007508792448788881,0.00751081295311451,2.0205043256282806e-06
nbs,1983-04-01,Obar,0.011514480225741863,0.011519639752805233,5.159527063369751e-06
nbs,1983-05-01,Obar,0.038353607058525085,0.040380366146564484,0.002026759088039398
nbs,1983-06-01,Obar,0.04457699880003929,0.04456580430269241,-1.1194497346878052e-05
nbs,1983-11-01,Obar,0.014148903079330921,0.01414682436734438,-2.078711986541748e-06
nbs,1983-12-01,Obar,0.04110252857208252,0.02776973694562912,-0.0133327916264534
nbs,1984-01-01,Obar,0.010284979827702045,0.010098205879330635,-0.00018677394837141037
nbs,1984-03-01,Obar,0.0025286846794188023,0.0032400859054178,0.0007114012259989977
nbs,1984-04-01,Obar,0.0015487911878153682,0.001557661802507937,8.870614692568779e-06
nbs,1984-06-01,Obar,0.06162780895829201,0.0616031289100647,-2.468004822731018e-05
nbs,1984-12-01,Obar,0.04172668606042862,0.040520891547203064,-0.0012057945132255554
nbs,1985-01-01,Obar,0.023601550608873367,0.01639610528945923,-0.007205445319414139
nbs,1985-02-01,Obar,0.039984025061130524,0.03968760371208191,-0.0002964213490486145
nbs,1985-03-01,Obar,0.0019366730703040957,0.001924371812492609,-1.2301257811486721e-05
nbs,1985-12-01,Obar,0.024330036714673042,0.024312006309628487,-1.8030405044555664e-05
nbs,1986-01-01,Obar,0.0035401456989347935,0.001923612435348332,-0.0016165332635864615
nbs,1986-02-01,Obar,0.002059498568996787,0.004004777874797583,0.0019452793058007956
nbs,1986-03-01,Obar,0.005505125503987074,0.004541564267128706,-0.0009635612368583679
nbs,1986-04-01,Obar,0.005111783742904663,0.005090687889605761,-2.109585329890251e-05
nbs,1986-06-01,Obar,0.0071099502965807915,0.007114518899470568,4.56860288977623e-06
nbs,1986-07-01,Obar,0.03394089639186859,0.033952496945858,1.16005539894104e-05
nbs,1986-12-01,Obar,0.0045073688961565495,0.004507369361817837,4.656612873077393e-10
nbs,1987-01-01,Obar,0.002013837220147252,0.0020367472898215055,2.2910069674253464e-05
nbs,1987-04-01,Obar,0.0026598991826176643,0.0026926954742521048,3.279629163444042e-05
nbs,1987-12-01,Obar,0.006444416008889675,0.0015086667845025659,-0.004935749224387109
nbs,1988-01-01,Obar,0.0026104652788490057,0.012978735379874706,0.0103682701010257
nbs,1988-02-01,Obar,0.004747177008539438,0.003875268157571554,-0.0008719088509678841
nbs,1988-03-01,Obar,0.007830501534044743,0.007839791476726532,9.289942681789398e-06
nbs,1988-04-01,Obar,0.010227859020233154,0.009174513630568981,-0.0010533453896641731
nbs,1989-01-01,Obar,0.0035076101776212454,0.0035201527643948793,1.2542586773633957e-05
nbs,1989-02-01,Obar,0.014578071422874928,0.015383696183562279,0.0008056247606873512
nbs,1989-03-01,Obar,0.007758227176964283,0.00774920592084527,-9.021256119012833e-06
nbs,1989-04-01,Obar,0.018747810274362564,0.019087688997387886,0.00033987872302532196
nbs,1989-12-01,Obar,0.006206833757460117,0.006191407795995474,-1.542596146464348e-05
nbs,1990-06-01,Obar,0.00559832202270627,0.00559738464653492,-9.373761713504791e-07
nbs,1990-12-01,Obar,0.005925338715314865,0.0060396259650588036,0.00011428724974393845
nbs,1991-01-01,Obar,0.012562653981149197,0.011336286552250385,-0.0012263674288988113
nbs,1991-02-01,Obar,0.026029203087091446,0.025972412899136543,-5.679018795490265e-05
nbs,1991-03-01,Obar,0.0015427627367898822,0.0016332264058291912,9.046366903930902e-05
nbs,1991-06-01,Obar,0.01579488441348076,0.015903564170002937,0.00010867975652217865
nbs,1992-01-01,Obar,0.00452348031103611,0.004563712514936924,4.0232203900814056e-05
nbs,1992-02-01,Obar,0.004913753364235163,0.003562618512660265,-0.0013511348515748978
nbs,1992-04-01,Obar,0.008337979204952717,0.006480298470705748,-0.0018576807342469692
nbs,1992-06-01,Obar,0.02671406976878643,0.025443922728300095,-0.0012701470404863358
nbs,1992-12-01,Obar,0.0016095410101115704,0.0016474178992211819,3.787688910961151e-05
nbs,1993-01-01,Obar,0.00043189298594370484,0.0004302292945794761,-1.6636913642287254e-06
nbs,1993-02-01,Obar,0.011418786831200123,0.012191563844680786,0.0007727770134806633
nbs,1993-03-01,Obar,0.014805260114371777,0.014681912027299404,-0.00012334808707237244
nbs,1993-04-01,Obar,0.01752552203834057,0.01720377616584301,-0.0003217458724975586
nbs,1993-12-01,Obar,0.009607579559087753,0.009554952383041382,-5.262717604637146e-05
nbs,1994-01-01,Obar,0.0062919980846345425,0.0045097870752215385,-0.001782211009413004
nbs,1994-02-01,Obar,0.027421588078141212,0.014360545203089714,-0.013061042875051498
nbs,1994-03-01,Obar,0.0023212532978504896,0.002356578130275011,3.5324832424521446e-05
nbs,1994-04-01,Obar,0.0022631878964602947,0.0012672902084887028,-0.000995897687971592
nbs,1994-05-01,Obar,0.016403354704380035,0.016812659800052643,0.0004093050956726074
nbs,1994-06-01,Obar,0.01757097616791725,0.017681796103715897,0.00011081993579864502
nbs,1994-12-01,Obar,0.0034441857133060694,0.003441805252805352,-2.380460500717163e-06
nbs,1995-02-01,Obar,0.0032174240332096815,0.003254636889323592,3.7212856113910675e-05
nbs,1995-03-01,Obar,0.0019132522866129875,0.0023784672375768423,0.0004652149509638548
nbs,1995-04-01,Obar,0.03989589586853981,0.03682054206728935,-0.0030753538012504578
nbs,1995-05-01,Obar,0.015518896281719208,0.014714869670569897,-0.0008040266111493111
nbs,1995-11-01,Obar,0.0025107497349381447,0.002501007402315736,-9.742332622408867e-06
nbs,1995-12-01,Obar,0.007313185837119818,0.00724708242341876,-6.610341370105743e-05
nbs,1996-01-01,Obar,0.012966074980795383,0.013061699457466602,9.562447667121887e-05
nbs,1996-02-01,Obar,0.006614417769014835,0.007062779273837805,0.00044836150482296944
nbs,1996-03-01,Obar,0.010608930140733719,0.010020284913480282,-0.000588645227253437
nbs,1996-04-01,Obar,0.013074839487671852,0.013133463449776173,5.8623962104320526e-05
nbs,1996-05-01,Obar,0.03987284004688263,0.03940225765109062,-0.00047058239579200745
nbs,1996-12-01,Obar,0.014880548231303692,0.014883320778608322,2.7725473046302795e-06
nbs,1997-02-01,Obar,0.004369043745100498,0.004398182034492493,2.9138289391994476e-05
nbs,1997-03-01,Obar,0.006215214729309082,0.006183147896081209,-3.206683322787285e-05
nbs,1997-04-01,Obar,0.020903408527374268,0.021475566551089287,0.0005721580237150192
nbs,1997-05-01,Obar,0.017705434933304787,0.018088018521666527,0.0003825835883617401
nbs,1997-06-01,Obar,0.025754736736416817,0.025781087577342987,2.635084092617035e-05
nbs,1998-01-01,Obar,0.00666758744046092,0.006658296566456556,-9.290874004364014e-06
nbs,1998-03-01,Obar,0.03981587290763855,0.035653967410326004,-0.004161905497312546
nbs,1998-04-01,Obar,0.045535389333963394,0.04300348088145256,-0.0025319084525108337
nbs,1999-01-01,Obar,0.0027791811153292656,0.0027586116921156645,-2.0569423213601112e-05
nbs,2000-02-01,Obar,0.004493377637118101,0.004384805914014578,-0.00010857172310352325
nbs,2000-03-01,Obar,0.00811278261244297,0.008114645257592201,1.862645149230957e-06
nbs,2000-11-01,Obar,0.023573223501443863,0.02356923557817936,-3.987923264503479e-06
nbs,2000-12-01,Obar,0.01660413295030594,0.019436247646808624,0.0028321146965026855
nbs,2001-01-01,Obar,0.02359635755419731,0.014445764943957329,-0.009150592610239983
nbs,2001-02-01,Obar,0.030238110572099686,0.03118780255317688,0.0009496919810771942
nbs,2001-03-01,Obar,0.007760544773191214,0.007897721603512764,0.00013717683032155037
nbs,2001-04-01,Obar,0.01912294514477253,0.01583566889166832,-0.00328727625310421
nbs,2001-06-01,Obar,0.014420893043279648,0.014444766566157341,2.3873522877693176e-05
nbs,2002-02-01,Obar,0.0013461665948852897,0.0013716534012928605,2.548680640757084e-05
nbs,2002-03-01,Obar,0.020743917673826218,0.020317740738391876,-0.00042617693543434143
nbs,2002-04-01,Obar,0.014137779362499714,0.013540316373109818,-0.0005974629893898964
nbs,2002-05-01,Obar,0.027405692264437675,0.027589216828346252,0.00018352456390857697
nbs,2002-11-01,Obar,0.03769776597619057,0.03769225999712944,-5.505979061126709e-06
nbs,2002-12-01,Obar,0.02619255520403385,0.024234771728515625,-0.0019577834755182266
nbs,2003-01-01,Obar,0.005302985664457083,0.00560246966779232,0.0002994840033352375
nbs,2003-02-01,Obar,0.004648655652999878,0.0049237338826060295,0.0002750782296061516
nbs,2003-03-01,Obar,0.02533883973956108,0.02569560706615448,0.00035676732659339905
nbs,2003-04-01,Obar,0.03722432628273964,0.03774130716919899,0.0005169808864593506
nbs,2003-05-01,Obar,0.017971111461520195,0.01942346803843975,0.0014523565769195557
nbs,2003-06-01,Obar,0.028603719547390938,0.028596872463822365,-6.847083568572998e-06
nbs,2003-12-01,Obar,0.007559573277831078,0.007556574419140816,-2.998858690261841e-06
nbs,2004-01-01,Obar,0.0025141790974885225,0.002462640404701233,-5.153869278728962e-05
nbs,2004-02-01,Obar,0.002684688661247492,0.0026471028104424477,-3.7585850805044174e-05
nbs,2004-03-01,Obar,0.004057138226926327,0.004061612766236067,4.4745393097400665e-06
nbs,2004-04-01,Obar,0.010968259535729885,0.010960757732391357,-7.5018033385276794e-06
nbs,2004-05-01,Obar,0.07601393759250641,0.07608615607023239,7.221847772598267e-05
nbs,2004-06-01,Obar,0.04113655537366867,0.040881361812353134,-0.0002551935613155365
nbs,2004-11-01,Obar,0.007756167557090521,0.0077242678962647915,-3.189966082572937e-05
nbs,2004-12-01,Obar,0.004138271789997816,0.004164449404925108,2.617761492729187e-05
nbs,2005-03-01,Obar,0.012301508337259293,0.01232111919671297,1.961085945367813e-05
nbs,2005-04-01,Obar,0.055344145745038986,0.05529945716261864,-4.468858242034912e-05
nbs,2005-05-01,Obar,0.01805584691464901,0.01860104128718376,0.0005451943725347519
nbs,2007-01-01,Obar,0.009770260192453861,0.0021989960223436356,-0.007571264170110226
nbs,2007-05-01,Obar,0.025404993444681168,0.019209111109375954,-0.006195882335305214
nbs,2007-06-01,Obar,0.023604704067111015,0.023308809846639633,-0.00029589422047138214
nbs,2007-07-01,Obar,0.09048371762037277,0.09050445258617401,2.0734965801239014e-05
nbs,2008-05-01,Obar,0.02938951924443245,0.029592590406537056,0.00020307116210460663
nbs,2009-06-01,Obar,0.04665606841444969,0.046659257262945175,3.1888484954833984e-06
nbs,2009-07-01,Obar,0.05568120628595352,0.055688586086034775,7.379800081253052e-06
nbs,2013-06-01,Obar,0.0711125060915947,0.07112280279397964,1.029670238494873e-05
nbs,2014-12-01,Obar,0.022626299411058426,0.02262599766254425,-3.0174851417541504e-07
nbs,2015-01-01,Obar,0.03313811868429184,0.03345278277993202,0.0003146640956401825
nbs,2015-02-01,Obar,0.007147930562496185,0.007147893775254488,-3.67872416973114e-08
nbs,2015-04-01,Obar,0.005109542980790138,0.005087024066597223,-2.2518914192914963e-05
nbs,2015-06-01,Obar,0.10408078134059906,0.10408937931060791,8.597970008850098e-06
nbs,2015-12-01,Obar,0.011827155016362667,0.011827255599200726,1.0058283805847168e-07
nbs,2016-02-01,Obar,0.005953437183052301,0.004398048855364323,-0.0015553883276879787
nbs,2016-04-01,Obar,0.023287681862711906,0.027089202776551247,0.00380152091383934
nbs,2016-05-01,Obar,0.050867777317762375,0.05208189785480499,0.0012141205370426178
nbs,2016-06-01,Obar,0.03991417959332466,0.04011978581547737,0.00020560622215270996
nbs,2016-07-01,Obar,0.008721473626792431,0.008721733465790749,2.598389983177185e-07
nbs,2016-09-01,Obar,0.00718224560841918,0.007182247471064329,1.862645149230957e-09
nbs,2016-10-01,Obar,0.011947247199714184,0.011947598308324814,3.511086106300354e-07
nbs,2016-11-01,Obar,0.00248499633744359,0.0024852652568370104,2.689193934202194e-07
nbs,2016-12-01,Obar,0.0044243792071938515,0.004741746000945568,0.0003173667937517166
nbs,2017-01-01,Obar,0.015367059968411922,0.005406996235251427,-0.009960063733160496
nbs,2017-02-01,Obar,0.015393060632050037,0.020507866516709328,0.00511480588465929
nbs,2017-04-01,Obar,0.009883454069495201,0.006759400945156813,-0.0031240531243383884
nbs,2017-05-01,Obar,0.04704389348626137,0.04809275269508362,0.0010488592088222504
nbs,2017-06-01,Obar,0.029410123825073242,0.029607664793729782,0.00019754096865653992
nbs,2017-12-01,Obar,0.019873322919011116,0.021209929138422012,0.0013366062194108963
nbs,2018-01-01,Obar,0.03101515769958496,0.033054329454898834,0.0020391717553138733
nbs,2018-02-01,Obar,0.023923490196466446,0.023148950189352036,-0.0007745400071144104
nbs,2018-03-01,Obar,0.008311535231769085,0.008326294831931591,1.4759600162506104e-05
nbs,2018-04-01,Obar,0.03323614224791527,0.03491923585534096,0.0016830936074256897
nbs,2018-05-01,Obar,0.018139611929655075,0.020717797800898552,0.002578185871243477
nbs,2018-06-01,Obar,0.06321132183074951,0.06329302489757538,8.17030668258667e-05
nbs,2018-07-01,Obar,0.030128613114356995,0.030128614977002144,1.862645149230957e-09
nbs,2018-11-01,Obar,0.002797388471662998,0.002797335386276245,-5.3085386753082275e-08
nbs,2018-12-01,Obar,0.0071988156996667385,0.007320965174585581,0.00012214947491884232
nbs,2019-02-01,Obar,0.020425423979759216,0.020439373329281807,1.3949349522590637e-05
nbs,2019-03-01,Obar,0.01898098923265934,0.01922542415559292,0.0002444349229335785
nbs,2019-04-01,Obar,0.027847101911902428,0.027287682518363,-0.0005594193935394287
nbs,2019-05-01,Obar,0.03207409009337425,0.03296772390604019,0.0008936338126659393
nbs,2019-06-01,Obar,0.022390061989426613,0.022290686145424843,-9.937584400177002e-05
nbs,2019-07-01,Obar,0.01381464023143053,0.01381472498178482,8.475035429000854e-08
nbs,2019-12-01,Obar,0.009780260734260082,0.009781801141798496,1.5404075384140015e-06
nbs,2020-03-01,Obar,0.011395549401640892,0.011392150074243546,-3.3993273973464966e-06
nbs,2020-05-01,Obar,0.0708046406507492,0.07147273421287537,0.0006680935621261597
nbs,2020-06-01,Obar,0.031966906040906906,0.03166663274168968,-0.0003002732992172241
nbs,2020-11-01,Obar,0.011123960837721825,0.011114880442619324,-9.080395102500916e-06
nbs,2020-12-01,Obar,0.00959343183785677,0.009598569013178349,5.1371753215789795e-06
nbs,2021-01-01,Obar,0.0011763944057747722,0.001176169840618968,-2.2456515580415726e-07
nbs,2021-04-01,Obar,0.004853908438235521,0.0048459903337061405,-7.918104529380798e-06
nbs,2021-05-01,Obar,0.05409534275531769,0.05264338478446007,-0.0014519579708576202
nbs,2021-06-01,Obar,0.06824371963739395,0.06824878603219986,5.066394805908203e-06
nbs,2022-05-01,Obar,0.07798822224140167,0.07801248133182526,2.4259090423583984e-05
nbs,2022-06-01,Obar,0.03312835097312927,0.033133503049612045,5.152076482772827e-06
nbs,2022-07-01,Obar,0.006904572248458862,0.006904594134539366,2.1886080503463745e-08
nbs,2023-05-01,Obar,0.010828973725438118,0.010788296349346638,-4.0677376091480255e-05
nbs,2023-11-01,Obar,0.013110954314470291,0.013099496252834797,-1.1458061635494232e-05
nbs,2024-01-01,Obar,0.00922314915806055,0.009723852388560772,0.0005007032305002213
nbs,2024-12-01,Obar,0.007365052122622728,0.007361020427197218,-4.0316954255104065e-06
nbs,2025-04-01,Obar,0.03233383968472481,0.03268585726618767,0.0003520175814628601
nbs,2025-05-01,Obar,0.0009733270853757858,0.0009875190444290638,1.419195905327797e-05
nbs,2025-06-01,Obar,0.06021179258823395,0.06021558865904808,3.7960708141326904e-06
nbs,2025-07-01,Obar,0.010683726519346237,0.010684004984796047,2.784654498100281e-07
nbs,2025-12-01,Obar,0.002215444343164563,0.002190261147916317,-2.5183195248246193e-05
nbs,2026-01-01,Obar,0.006231323350220919,0.006238442379981279,7.119029760360718e-06
nbs,2026-06-01,Obar,0.03471954166889191,0.03478395938873291,6.441771984100342e-05
wgoa,1987-12-01,area_frac,0.0017548612086102366,0.0016377909341827035,-0.00011707027442753315
wgoa,1988-01-01,area_frac,0.005212738644331694,0.004686614964157343,-0.0005261236801743507
wgoa,1987-12-01,Ibar,1.2676883935928345,1.2875155210494995,0.01982712745666504
wgoa,1988-01-01,Ibar,1.2268450260162354,1.2482835054397583,0.02143847942352295
wgoa,1987-12-01,Dbar,3.67470383644104,3.8152382373809814,0.1405344009399414
wgoa,1988-01-01,Dbar,3.816455125808716,3.9213016033172607,0.10484647750854492
wgoa,1987-12-01,Cbar,7.173468589782715,7.503651142120361,0.3301825523376465
wgoa,1988-01-01,Cbar,7.01224422454834,7.384687900543213,0.37244367599487305
wgoa,1987-12-01,Obar,0.006363472435623407,0.006101673468947411,-0.0002617989666759968
wgoa,1988-01-01,Obar,0.009632336907088757,0.0101670753210783,0.0005347384139895439
chukchi,1982-01-01,area_frac,0.002402046462520957,0.002474806271493435,7.275980897247791e-05
chukchi,1982-02-01,area_frac,0.010541430674493313,0.01101775374263525,0.00047632306814193726
chukchi,1983-01-01,area_frac,0.0008497685194015503,0.0005159308784641325,-0.00033383764093741775
chukchi,1983-02-01,area_frac,0.0006048097275197506,0.0005040081450715661,-0.00010080158244818449
chukchi,1984-01-01,area_frac,0.0,0.0001874595764093101,0.0001874595764093101
chukchi,1985-01-01,area_frac,0.00041167117888107896,0.0007468765834346414,0.0003352054045535624
chukchi,1985-02-01,area_frac,0.0017136750975623727,0.002453448483720422,0.0007397733861580491
chukchi,1985-03-01,area_frac,0.0004873948928434402,0.00044990298920311034,-3.749190364032984e-05
chukchi,1985-12-01,area_frac,0.0013378584990277886,0.0012654700549319386,-7.238844409584999e-05
chukchi,1986-01-01,area_frac,0.003787354566156864,0.00378920859657228,1.8540304154157639e-06
chukchi,1986-02-01,area_frac,0.0021091720554977655,0.003187584225088358,0.0010784121695905924
chukchi,1986-03-01,area_frac,0.0035513732582330704,0.0033639136236160994,-0.00018745963461697102
chukchi,1986-04-01,area_frac,0.0008910578326322138,0.0009297995129600167,3.8741680327802896e-05
chukchi,1987-01-01,area_frac,0.003066197969019413,0.0037031907122582197,0.0006369927432388067
chukchi,1987-02-01,area_frac,0.0,0.000249053438892588,0.000249053438892588
chukchi,1987-12-01,area_frac,0.010863196104764938,0.0006382962455973029,-0.010224899859167635
chukchi,1988-01-01,area_frac,0.05489696189761162,0.012363079003989697,-0.04253388289362192
chukchi,1988-02-01,area_frac,0.004564326256513596,0.004780430346727371,0.00021610409021377563
chukchi,1988-04-01,area_frac,0.0014979304978623986,0.001279196934774518,-0.0002187335630878806
chukchi,1988-05-01,area_frac,0.0015149032697081566,0.00151604984421283,1.146574504673481e-06
chukchi,1989-02-01,area_frac,0.013576303608715534,0.01410689763724804,0.000530594028532505
chukchi,1989-03-01,area_frac,0.008619983680546284,0.008656734600663185,3.67509201169014e-05
chukchi,1989-04-01,area_frac,0.008899180218577385,0.009347338229417801,0.00044815801084041595
chukchi,1989-05-01,area_frac,0.0014787395484745502,0.001548514817841351,6.977526936680079e-05
chukchi,1991-01-01,area_frac,0.000667726038955152,0.0008971384959295392,0.00022941245697438717
chukchi,1991-02-01,area_frac,0.0,0.0003320712421555072,0.0003320712421555072
chukchi,1991-05-01,area_frac,0.0012049946235492826,0.00142327428329736,0.0002182796597480774
chukchi,1992-02-01,area_frac,0.0,0.0002333334559807554,0.0002333334559807554
chukchi,1992-04-01,area_frac,0.0011094376677647233,0.0009486951166763902,-0.00016074255108833313
chukchi,1993-01-01,area_frac,0.00361668411642313,0.0037666517309844494,0.00014996761456131935
chukchi,1993-02-01,area_frac,0.003285054350271821,0.0031580585055053234,-0.0001269958447664976
chukchi,1993-05-01,area_frac,0.0009936452843248844,0.0010258961701765656,3.225088585168123e-05
chukchi,1993-06-01,area_frac,0.001221085200086236,0.0012834112858399749,6.232608575373888e-05
chukchi,1993-12-01,area_frac,0.0044467635452747345,0.004414512775838375,-3.2250769436359406e-05
chukchi,1994-01-01,area_frac,0.004638687241822481,0.004643179941922426,4.492700099945068e-06
chukchi,1994-02-01,area_frac,0.01617169752717018,0.017034221440553665,0.0008625239133834839
chukchi,1994-03-01,area_frac,0.0012660210486501455,0.0013024009531363845,3.6379904486238956e-05
chukchi,1994-04-01,area_frac,0.0031498484313488007,0.003268764354288578,0.00011891592293977737
chukchi,1994-05-01,area_frac,0.0020023209508508444,0.002420061966404319,0.0004177410155534744
chukchi,1995-03-01,area_frac,0.0038888005074113607,0.003926292527467012,3.7492020055651665e-05
chukchi,1995-04-01,area_frac,0.0001549665757920593,0.00011622493912000209,-3.874163667205721e-05
chukchi,1995-05-01,area_frac,0.017323894426226616,0.016335126012563705,-0.0009887684136629105
chukchi,1995-06-01,area_frac,0.0007483125082217157,0.00041275605326518416,-0.0003355564549565315
chukchi,1996-01-01,area_frac,0.0018184710061177611,0.0018192158313468099,7.448252290487289e-07
chukchi,1996-02-01,area_frac,0.0003511263057589531,0.0003110487596131861,-4.0077546145766973e-05
chukchi,1996-04-01,area_frac,0.002833117265254259,0.002847028197720647,1.3910932466387749e-05
chukchi,1996-05-01,area_frac,0.0017135816160589457,0.002132357330992818,0.0004187757149338722
chukchi,1997-02-01,area_frac,0.0006695989286527038,0.0006343124550767243,-3.528647357597947e-05
chukchi,1997-04-01,area_frac,0.00279528577812016,0.0029115108773112297,0.0001162250991910696
chukchi,1997-05-01,area_frac,0.0011550701456144452,0.0012300539528951049,7.498380728065968e-05
chukchi,1998-01-01,area_frac,0.003156468505039811,0.003123081987723708,-3.338651731610298e-05
chukchi,1998-04-01,area_frac,0.0008507870952598751,0.000889528717380017,3.874162212014198e-05
chukchi,1998-12-01,area_frac,0.0013988849241286516,0.0013655002694576979,-3.338465467095375e-05
chukchi,1999-05-01,area_frac,0.0015134200220927596,0.0018776063807308674,0.0003641863586381078
chukchi,2000-12-01,area_frac,0.007683672476559877,0.007724167313426733,4.049483686685562e-05
chukchi,2001-01-01,area_frac,0.006846965756267309,0.006547271274030209,-0.0002996944822371006
chukchi,2001-02-01,area_frac,0.012802138924598694,0.01297198049724102,0.00016984157264232635
chukchi,2001-03-01,area_frac,0.008535992354154587,0.008572745136916637,3.675278276205063e-05
chukchi,2001-04-01,area_frac,0.002025753725320101,0.0017062431434169412,-0.0003195105819031596
chukchi,2001-05-01,area_frac,0.0006128979148343205,0.0006477855495177209,3.488763468340039e-05
chukchi,2002-02-01,area_frac,0.00544736860319972,0.005346566904336214,-0.00010080169886350632
chukchi,2002-06-01,area_frac,0.0,3.1360505090560764e-05,3.1360505090560764e-05
chukchi,2002-12-01,area_frac,0.012093937955796719,0.011913190595805645,-0.0001807473599910736
chukchi,2003-01-01,area_frac,0.00764956371858716,0.00886562094092369,0.0012160572223365307
chukchi,2003-02-01,area_frac,0.0027640198823064566,0.0027324825059622526,-3.153737634420395e-05
chukchi,2003-04-01,area_frac,0.011798068881034851,0.011615710332989693,-0.00018235854804515839
chukchi,2003-05-01,area_frac,0.01856165938079357,0.014775061048567295,-0.0037865983322262764
chukchi,2003-12-01,area_frac,0.0010340550215914845,0.0011090388288721442,7.498380728065968e-05
chukchi,2004-01-01,area_frac,0.01040574163198471,0.010701575316488743,0.00029583368450403214
chukchi,2004-02-01,area_frac,0.004905894864350557,0.004800076130777597,-0.0001058187335729599
chukchi,2004-03-01,area_frac,0.0017020243685692549,0.001546467188745737,-0.0001555571798235178
chukchi,2004-04-01,area_frac,0.00120834494009614,0.0010186083381995559,-0.00018973660189658403
chukchi,2004-05-01,area_frac,0.002602554392069578,0.002631980460137129,2.942606806755066e-05
chukchi,2004-06-01,area_frac,0.01489688828587532,0.014783916063606739,-0.00011297222226858139
chukchi,2004-09-01,area_frac,0.05084143951535225,0.05064414441585541,-0.00019729509949684143
chukchi,2005-02-01,area_frac,0.00020344473887234926,0.0004068894777446985,0.00020344473887234926
chukchi,2007-07-01,area_frac,0.31861424446105957,0.3131992816925049,-0.0054149627685546875
chukchi,2008-08-01,area_frac,0.015505067072808743,0.01531878113746643,-0.00018628593534231186
chukchi,2008-09-01,area_frac,0.0405864343047142,0.040558651089668274,-2.7783215045928955e-05
chukchi,2009-05-01,area_frac,0.00384620507247746,0.003171720542013645,-0.0006744845304638147
chukchi,2009-11-01,area_frac,0.0001538190117571503,7.748328789602965e-05,-7.633572386112064e-05
chukchi,2009-12-01,area_frac,0.006388326175510883,0.00568042229861021,-0.0007079038769006729
chukchi,2011-01-01,area_frac,0.00025725914747454226,0.0003307617735117674,7.350262603722513e-05
chukchi,2011-07-01,area_frac,0.0031405205372720957,0.00298686814494431,-0.0001536523923277855
chukchi,2011-09-01,area_frac,0.19378824532032013,0.19343464076519012,-0.0003536045551300049
chukchi,2014-12-01,area_frac,0.005408072378486395,0.005336801987141371,-7.127039134502411e-05
chukchi,2015-06-01,area_frac,0.03381584212183952,0.03280647099018097,-0.001009371131658554
chukchi,2015-07-01,area_frac,0.034362487494945526,0.03420313075184822,-0.0001593567430973053
chukchi,2015-08-01,area_frac,0.05049578472971916,0.05035940557718277,-0.0001363791525363922
chukchi,2016-04-01,area_frac,0.053346529603004456,0.0,-0.053346529603004456
chukchi,2016-05-01,area_frac,0.039382752031087875,0.007296064868569374,-0.0320866871625185
chukchi,2016-06-01,area_frac,0.035858552902936935,0.011472390033304691,-0.024386162869632244
chukchi,2016-11-01,area_frac,0.32436591386795044,0.3242937922477722,-7.212162017822266e-05
chukchi,2016-12-01,area_frac,0.015138796530663967,0.01243347767740488,-0.0027053188532590866
chukchi,2017-01-01,area_frac,0.08079293370246887,0.0,-0.08079293370246887
chukchi,2017-02-01,area_frac,0.19183696806430817,0.0,-0.19183696806430817
chukchi,2017-06-01,area_frac,0.03296699747443199,0.03066372498869896,-0.0023032724857330322
chukchi,2017-07-01,area_frac,0.046366289258003235,0.04618648812174797,-0.00017980113625526428
chukchi,2017-12-01,area_frac,0.005656461697071791,0.0007262529688887298,-0.004930208728183061
chukchi,2018-05-01,area_frac,0.008939576335251331,0.0025698801036924124,-0.006369696231558919
chukchi,2018-06-01,area_frac,0.07789312303066254,0.07111282646656036,-0.006780296564102173
chukchi,2018-07-01,area_frac,0.13127771019935608,0.1311798244714737,-9.788572788238525e-05
chukchi,2019-06-01,area_frac,0.2635590434074402,0.2593972980976105,-0.004161745309829712
chukchi,2019-07-01,area_frac,0.4933820366859436,0.4876413941383362,-0.005740642547607422
chukchi,2019-08-01,area_frac,0.6494343280792236,0.6493528485298157,-8.147954940795898e-05
chukchi,2019-09-01,area_frac,0.8326905369758606,0.8326361775398254,-5.435943603515625e-05
chukchi,2020-06-01,area_frac,0.013566765002906322,0.01272964384406805,-0.0008371211588382721
chukchi,2020-11-01,area_frac,0.07302633672952652,0.07286953926086426,-0.00015679746866226196
chukchi,2022-12-01,area_frac,0.003567832289263606,0.0,-0.003567832289263606
chukchi,2024-04-01,area_frac,0.002437115414068103,0.0,-0.002437115414068103
chukchi,2025-06-01,area_frac,0.017674438655376434,0.01764189824461937,-3.254041075706482e-05
chukchi,2026-01-01,area_frac,0.0017993698129430413,0.001832377165555954,3.3007352612912655e-05
chukchi,2026-02-01,area_frac,0.004548667464405298,0.004319473635405302,-0.00022919382899999619
chukchi,1982-01-01,Ibar,0.0919131189584732,0.09233608841896057,0.0004229694604873657
chukchi,1982-02-01,Ibar,0.2181387096643448,0.2444377988576889,0.026299089193344116
chukchi,1982-03-01,Ibar,0.10770132392644882,0.10820267349481583,0.0005013495683670044
chukchi,1982-04-01,Ibar,0.11708300560712814,0.117365263402462,0.0002822577953338623
chukchi,1983-01-01,Ibar,0.053091324865818024,0.047454603016376495,-0.005636721849441528
chukchi,1983-02-01,Ibar,0.04740334674715996,0.04350096359848976,-0.0039023831486701965
chukchi,1983-04-01,Ibar,0.22437267005443573,0.22454525530338287,0.00017258524894714355
chukchi,1983-05-01,Ibar,0.3665922284126282,0.3707754909992218,0.004183262586593628
chukchi,1983-12-01,Ibar,0.18094715476036072,0.18091228604316711,-3.4868717193603516e-05
chukchi,1984-01-01,Ibar,0.0,0.01781812496483326,0.01781812496483326
chukchi,1984-12-01,Ibar,0.0041984934359788895,0.00436354847624898,0.0001650550402700901
chukchi,1985-01-01,Ibar,0.04129139333963394,0.04346507415175438,0.0021736808121204376
chukchi,1985-02-01,Ibar,0.08868186920881271,0.07620101422071457,-0.012480854988098145
chukchi,1985-03-01,Ibar,0.05818338692188263,0.052256278693675995,-0.0059271082282066345
chukchi,1985-12-01,Ibar,0.07845678180456161,0.0800899788737297,0.0016331970691680908
chukchi,1986-01-01,Ibar,0.2248488962650299,0.2345995306968689,0.00975063443183899
chukchi,1986-02-01,Ibar,0.14888283610343933,0.19555678963661194,0.04667395353317261
chukchi,1986-03-01,Ibar,0.23596392571926117,0.2392915040254593,0.00332757830619812
chukchi,1986-04-01,Ibar,0.104946568608284,0.11370306462049484,0.008756496012210846
chukchi,1986-06-01,Ibar,0.37148183584213257,0.3698965013027191,-0.0015853345394134521
chukchi,1986-07-01,Ibar,0.7712765336036682,0.7708514332771301,-0.00042510032653808594
chukchi,1986-12-01,Ibar,0.24330255389213562,0.24438633024692535,0.0010837763547897339
chukchi,1987-01-01,Ibar,0.16763192415237427,0.2048458307981491,0.03721390664577484
chukchi,1987-02-01,Ibar,0.0,0.01792926713824272,0.01792926713824272
chukchi,1987-12-01,Ibar,0.020763274282217026,0.017851362004876137,-0.002911912277340889
chukchi,1988-01-01,Ibar,0.25341659784317017,0.2970961034297943,0.043679505586624146
chukchi,1988-02-01,Ibar,0.10594415664672852,0.10757967829704285,0.001635521650314331
chukchi,1988-04-01,Ibar,0.23613715171813965,0.24450911581516266,0.00837196409702301
chukchi,1988-05-01,Ibar,0.259907990694046,0.42995452880859375,0.17004653811454773
chukchi,1989-01-01,Ibar,0.06350892782211304,0.06417790055274963,0.0006689727306365967
chukchi,1989-02-01,Ibar,0.3510964810848236,0.35022273659706116,-0.0008737444877624512
chukchi,1989-03-01,Ibar,0.29493433237075806,0.295676052570343,0.0007417201995849609
chukchi,1989-04-01,Ibar,0.5587683916091919,0.5629559755325317,0.004187583923339844
chukchi,1989-05-01,Ibar,0.4043988883495331,0.4359727203845978,0.0315738320350647
chukchi,1989-12-01,Ibar,0.1618170291185379,0.16132308542728424,-0.0004939436912536621
chukchi,1990-12-01,Ibar,0.038939300924539566,0.038823533803224564,-0.00011576712131500244
chukchi,1991-01-01,Ibar,0.05203397944569588,0.05835108458995819,0.006317105144262314
chukchi,1991-02-01,Ibar,0.0,0.022652897983789444,0.022652897983789444
chukchi,1991-04-01,Ibar,0.3159784972667694,0.3193020820617676,0.003323584794998169
chukchi,1991-05-01,Ibar,0.4786832332611084,0.4601752460002899,-0.01850798726081848
chukchi,1991-07-01,Ibar,0.8068772554397583,0.8068096041679382,-6.765127182006836e-05
chukchi,1991-12-01,Ibar,0.09819868206977844,0.09813083708286285,-6.784498691558838e-05
chukchi,1992-01-01,Ibar,0.0903497040271759,0.09251261502504349,0.0021629109978675842
chukchi,1992-02-01,Ibar,0.0,0.0314791165292263,0.0314791165292263
chukchi,1992-04-01,Ibar,0.10729304701089859,0.10790100693702698,0.0006079599261283875
chukchi,1992-12-01,Ibar,0.03538595139980316,0.0354342982172966,4.834681749343872e-05
chukchi,1993-01-01,Ibar,0.12169671058654785,0.12008587270975113,-0.0016108378767967224
chukchi,1993-02-01,Ibar,0.11536797136068344,0.11792988330125809,0.002561911940574646
chukchi,1993-03-01,Ibar,0.04737713187932968,0.04737887904047966,1.7471611499786377e-06
chukchi,1993-04-01,Ibar,0.44290217757225037,0.444770872592926,0.0018686950206756592
chukchi,1993-05-01,Ibar,0.787769079208374,0.8322364091873169,0.04446732997894287
chukchi,1993-06-01,Ibar,0.7803421020507812,0.7959341406822205,0.015592038631439209
chukchi,1993-12-01,Ibar,0.22930794954299927,0.22981834411621094,0.0005103945732116699
chukchi,1994-01-01,Ibar,0.2808423340320587,0.28258994221687317,0.0017476081848144531
chukchi,1994-02-01,Ibar,0.27206847071647644,0.2748658359050751,0.002797365188598633
chukchi,1994-03-01,Ibar,0.0912613719701767,0.09163876622915268,0.00037739425897598267
chukchi,1994-04-01,Ibar,0.3492964506149292,0.33909693360328674,-0.010199517011642456
chukchi,1994-05-01,Ibar,0.49946534633636475,0.7029222846031189,0.20345693826675415
chukchi,1995-01-01,Ibar,0.028408734127879143,0.029238447546958923,0.0008297134190797806
chukchi,1995-03-01,Ibar,0.21894490718841553,0.21956907212734222,0.0006241649389266968
chukchi,1995-04-01,Ibar,0.020330335944890976,0.013503048568964005,-0.0068272873759269714
chukchi,1995-05-01,Ibar,1.079537034034729,1.0642074346542358,-0.015329599380493164
chukchi,1995-06-01,Ibar,0.163471981883049,0.16839127242565155,0.004919290542602539
chukchi,1995-11-01,Ibar,0.5015273094177246,0.5015231370925903,-4.172325134277344e-06
chukchi,1995-12-01,Ibar,0.14053872227668762,0.14041085541248322,-0.00012786686420440674
chukchi,1996-01-01,Ibar,0.0995965451002121,0.09958412498235703,-1.2420117855072021e-05
chukchi,1996-02-01,Ibar,0.01432887651026249,0.014250676147639751,-7.820036262273788e-05
chukchi,1996-03-01,Ibar,0.23894165456295013,0.23966850340366364,0.000726848840713501
chukchi,1996-04-01,Ibar,0.546159565448761,0.5477093458175659,0.0015497803688049316
chukchi,1996-05-01,Ibar,0.5083535313606262,0.5121698379516602,0.0038163065910339355
chukchi,1996-12-01,Ibar,0.15770919620990753,0.15769800543785095,-1.119077205657959e-05
chukchi,1997-02-01,Ibar,0.06321384012699127,0.06479216367006302,0.0015783235430717468
chukchi,1997-04-01,Ibar,0.18116092681884766,0.18182311952114105,0.000662192702293396
chukchi,1997-05-01,Ibar,0.47026535868644714,0.4839487671852112,0.013683408498764038
chukchi,1997-11-01,Ibar,1.2638076543807983,1.2638061046600342,-1.5497207641601562e-06
chukchi,1997-12-01,Ibar,0.07565947622060776,0.07566245645284653,2.9802322387695312e-06
chukchi,1998-01-01,Ibar,0.07284478098154068,0.07383031398057938,0.0009855329990386963
chukchi,1998-03-01,Ibar,0.14007064700126648,0.14006544649600983,-5.200505256652832e-06
chukchi,1998-04-01,Ibar,0.14602182805538177,0.16301164031028748,0.0169898122549057
chukchi,1998-09-01,Ibar,1.240782380104065,1.2407572269439697,-2.5153160095214844e-05
chukchi,1998-12-01,Ibar,0.15595822036266327,0.1589605212211609,0.0030023008584976196
chukchi,1999-03-01,Ibar,0.05428048595786095,0.0542750209569931,-5.465000867843628e-06
chukchi,1999-04-01,Ibar,0.03552497923374176,0.03518928959965706,-0.00033568963408470154
chukchi,1999-05-01,Ibar,0.7560779452323914,0.7623273730278015,0.006249427795410156
chukchi,2000-03-01,Ibar,0.05461714789271355,0.054725345224142075,0.00010819733142852783
chukchi,2000-04-01,Ibar,0.16119669377803802,0.16228988766670227,0.0010931938886642456
chukchi,2000-11-01,Ibar,0.8375392556190491,0.8375386595726013,-5.960464477539062e-07
chukchi,2000-12-01,Ibar,0.2946138381958008,0.2939552962779999,-0.0006585419178009033
chukchi,2001-01-01,Ibar,0.25761836767196655,0.2611028254032135,0.0034844577312469482
chukchi,2001-02-01,Ibar,0.24410155415534973,0.24606426060199738,0.001962706446647644
chukchi,2001-03-01,Ibar,0.2378753125667572,0.23827768862247467,0.00040237605571746826
chukchi,2001-04-01,Ibar,0.3925226330757141,0.3776634931564331,-0.014859139919281006
chukchi,2001-05-01,Ibar,0.4561404883861542,0.4564688205718994,0.00032833218574523926
chukchi,2002-02-01,Ibar,0.18113254010677338,0.18520797789096832,0.004075437784194946
chukchi,2002-03-01,Ibar,0.2545298635959625,0.2546079158782959,7.805228233337402e-05
chukchi,2002-04-01,Ibar,0.07374461740255356,0.07379390299320221,4.928559064865112e-05
chukchi,2002-05-01,Ibar,0.6399574279785156,0.7975342869758606,0.15757685899734497
chukchi,2002-06-01,Ibar,0.0,0.03912806510925293,0.03912806510925293
chukchi,2002-11-01,Ibar,0.5180647373199463,0.5180606245994568,-4.112720489501953e-06
chukchi,2002-12-01,Ibar,0.5138093829154968,0.5098015069961548,-0.004007875919342041
chukchi,2003-01-01,Ibar,0.17722643911838531,0.18691620230674744,0.009689763188362122
chukchi,2003-02-01,Ibar,0.1354990452528,0.13865076005458832,0.00315171480178833
chukchi,2003-03-01,Ibar,0.01187626738101244,0.011992907151579857,0.00011663977056741714
chukchi,2003-04-01,Ibar,0.5382558703422546,0.5418129563331604,0.0035570859909057617
chukchi,2003-05-01,Ibar,1.544865608215332,1.560081124305725,0.015215516090393066
chukchi,2003-06-01,Ibar,0.13996081054210663,0.14711207151412964,0.00715126097202301
chukchi,2003-12-01,Ibar,0.10444582998752594,0.10262798517942429,-0.001817844808101654
chukchi,2004-01-01,Ibar,0.2259945124387741,0.23227755725383759,0.0062830448150634766
chukchi,2004-02-01,Ibar,0.18295863270759583,0.1883518546819687,0.005393221974372864
chukchi,2004-03-01,Ibar,0.08505621552467346,0.08537731319665909,0.0003210976719856262
chukchi,2004-04-01,Ibar,0.2694627344608307,0.2509101331233978,-0.01855260133743286
chukchi,2004-05-01,Ibar,0.9369713068008423,1.0004467964172363,0.06347548961639404
chukchi,2004-06-01,Ibar,2.2909483909606934,2.306502342224121,0.015553951263427734
chukchi,2004-07-01,Ibar,2.7692339420318604,2.7691497802734375,-8.416175842285156e-05
chukchi,2004-09-01,Ibar,1.8278199434280396,1.827087640762329,-0.0007323026657104492
chukchi,2005-01-01,Ibar,0.11471975594758987,0.1172240599989891,0.002504304051399231
chukchi,2005-02-01,Ibar,0.04265890643000603,0.04084106907248497,-0.0018178373575210571
chukchi,2006-03-01,Ibar,0.077372707426548,0.07755168527364731,0.0001789778470993042
chukchi,2006-04-01,Ibar,0.01859970949590206,0.01860467530786991,4.9658119678497314e-06
chukchi,2007-07-01,Ibar,3.558006763458252,3.5619282722473145,0.0039215087890625
chukchi,2007-08-01,Ibar,3.9024267196655273,3.902221202850342,-0.00020551681518554688
chukchi,2007-09-01,Ibar,3.8523004055023193,3.8520562648773193,-0.000244140625
chukchi,2008-08-01,Ibar,1.2136558294296265,1.2137709856033325,0.00011515617370605469
chukchi,2008-09-01,Ibar,2.4309401512145996,2.4310076236724854,6.747245788574219e-05
chukchi,2009-04-01,Ibar,0.18248799443244934,0.18607975542545319,0.003591760993003845
chukchi,2009-05-01,Ibar,0.6637899279594421,0.6879070997238159,0.02411717176437378
chukchi,2009-11-01,Ibar,0.011933879926800728,0.017513839527964592,0.005579959601163864
chukchi,2009-12-01,Ibar,0.2414950430393219,0.22937291860580444,-0.012122124433517456
chukchi,2010-09-01,Ibar,2.78041410446167,2.7803924083709717,-2.1696090698242188e-05
chukchi,2010-11-01,Ibar,0.2043617069721222,0.20435653626918793,-5.170702934265137e-06
chukchi,2010-12-01,Ibar,0.03321221098303795,0.03320794925093651,-4.26173210144043e-06
chukchi,2011-01-01,Ibar,0.04637179896235466,0.061379872262477875,0.015008073300123215
chukchi,2011-06-01,Ibar,0.517073929309845,0.5167803764343262,-0.00029355287551879883
chukchi,2011-07-01,Ibar,2.0780029296875,1.9929395914077759,-0.08506333827972412
chukchi,2011-08-01,Ibar,2.8125345706939697,2.8125295639038086,-5.0067901611328125e-06
chukchi,2011-09-01,Ibar,3.0024659633636475,3.0023958683013916,-7.009506225585938e-05
chukchi,2012-02-01,Ibar,0.10761117190122604,0.10872966051101685,0.001118488609790802
chukchi,2012-04-01,Ibar,0.22076936066150665,0.2226562649011612,0.001886904239654541
chukchi,2013-06-01,Ibar,0.7771495580673218,0.7756935954093933,-0.0014559626579284668
chukchi,2014-11-01,Ibar,0.8175621628761292,0.8174799084663391,-8.225440979003906e-05
chukchi,2014-12-01,Ibar,0.38602331280708313,0.3795200288295746,-0.006503283977508545
chukchi,2015-06-01,Ibar,3.6199233531951904,3.6247079372406006,0.004784584045410156
chukchi,2015-07-01,Ibar,3.644519090652466,3.6471948623657227,0.002675771713256836
chukchi,2015-08-01,Ibar,2.5937247276306152,2.60021710395813,0.0064923763275146484
chukchi,2016-04-01,Ibar,0.025234280154109,0.0,-0.025234280154109
chukchi,2016-05-01,Ibar,0.6691821217536926,0.9527004957199097,0.28351837396621704
chukchi,2016-06-01,Ibar,3.060976266860962,4.282811641693115,1.2218353748321533
chukchi,2016-07-01,Ibar,3.462575912475586,3.462512493133545,-6.341934204101562e-05
chukchi,2016-11-01,Ibar,2.0572736263275146,2.0561606884002686,-0.0011129379272460938
chukchi,2016-12-01,Ibar,0.496855229139328,0.4733610451221466,-0.023494184017181396
chukchi,2017-01-01,Ibar,0.05261623114347458,0.0,-0.05261623114347458
chukchi,2017-02-01,Ibar,0.02039020135998726,0.0,-0.02039020135998726
chukchi,2017-06-01,Ibar,2.383017063140869,2.389444589614868,0.0064275264739990234
chukchi,2017-07-01,Ibar,2.6579360961914062,2.656339168548584,-0.0015969276428222656
chukchi,2017-09-01,Ibar,1.2226449251174927,1.2225868701934814,-5.805492401123047e-05
chukchi,2017-12-01,Ibar,0.15954262018203735,0.11525382101535797,-0.04428879916667938
chukchi,2018-05-01,Ibar,1.0768502950668335,0.6403636336326599,-0.4364866614341736
chukchi,2018-06-01,Ibar,4.375202655792236,4.443635940551758,0.06843328475952148
chukchi,2018-07-01,Ibar,4.441346645355225,4.4419941902160645,0.0006475448608398438
chukchi,2018-11-01,Ibar,1.658064603805542,1.657194972038269,-0.0008696317672729492
chukchi,2018-12-01,Ibar,0.030081655830144882,0.02915365807712078,-0.0009279977530241013
chukchi,2019-06-01,Ibar,3.3460114002227783,3.330798625946045,-0.015212774276733398
chukchi,2019-07-01,Ibar,3.976003646850586,3.967677354812622,-0.008326292037963867
chukchi,2019-08-01,Ibar,3.571702003479004,3.571655511856079,-4.649162292480469e-05
chukchi,2019-09-01,Ibar,3.265941858291626,3.2658050060272217,-0.00013685226440429688
chukchi,2019-11-01,Ibar,1.4854196310043335,1.4845709800720215,-0.0008486509323120117
chukchi,2020-06-01,Ibar,1.131453037261963,1.13778555393219,0.006332516670227051
chukchi,2020-07-01,Ibar,1.2458207607269287,1.245820164680481,-5.960464477539062e-07
chukchi,2020-11-01,Ibar,1.5945734977722168,1.594856858253479,0.00028336048126220703
chukchi,2020-12-01,Ibar,0.06830362975597382,0.06763212382793427,-0.0006715059280395508
chukchi,2022-12-01,Ibar,0.16479364037513733,0.0,-0.16479364037513733
chukchi,2023-11-01,Ibar,1.2971289157867432,1.2969810962677002,-0.00014781951904296875
chukchi,2023-12-01,Ibar,0.24234303832054138,0.23625673353672028,-0.006086304783821106
chukchi,2024-04-01,Ibar,0.007060057017952204,0.0,-0.007060057017952204
chukchi,2025-03-01,Ibar,0.12013794481754303,0.12015342712402344,1.5482306480407715e-05
chukchi,2025-06-01,Ibar,1.5120868682861328,1.5102041959762573,-0.0018826723098754883
chukchi,2025-07-01,Ibar,3.4886252880096436,3.4882819652557373,-0.00034332275390625
chukchi,2026-01-01,Ibar,0.17158186435699463,0.1746746450662613,0.0030927807092666626
chukchi,2026-02-01,Ibar,0.22466866672039032,0.2302446812391281,0.005576014518737793
chukchi,2026-03-01,Ibar,0.21981920301914215,0.22003549337387085,0.00021629035472869873
chukchi,1982-01-01,Dbar,1.9983930587768555,1.9992399215698242,0.00084686279296875
chukchi,1982-02-01,Dbar,5.793298244476318,8.638766288757324,2.845468044281006
chukchi,1982-03-01,Dbar,3.0597147941589355,2.983264207839966,-0.07645058631896973
chukchi,1983-01-01,Dbar,0.9150537848472595,0.5935483574867249,-0.32150542736053467
chukchi,1983-02-01,Dbar,1.9773809909820557,1.1714285612106323,-0.8059524297714233
chukchi,1984-01-01,Dbar,0.0,0.4838709533214569,0.4838709533214569
chukchi,1985-01-01,Dbar,0.5290833711624146,0.7699127793312073,0.24082940816879272
chukchi,1985-02-01,Dbar,1.2770335674285889,1.3875874280929565,0.11055386066436768
chukchi,1985-03-01,Dbar,0.8064516186714172,0.6774193644523621,-0.12903225421905518
chukchi,1985-12-01,Dbar,1.0230087041854858,1.0793862342834473,0.056377530097961426
chukchi,1986-01-01,Dbar,23.198223114013672,23.227909088134766,0.02968597412109375
chukchi,1986-02-01,Dbar,6.046943187713623,43.123207092285156,37.07626390457153
chukchi,1986-03-01,Dbar,30.687355041503906,69.64376831054688,38.95641326904297
chukchi,1986-04-01,Dbar,20.41666603088379,45.93333435058594,25.51666831970215
chukchi,1987-01-01,Dbar,20.952083587646484,36.179351806640625,15.22726821899414
chukchi,1987-02-01,Dbar,0.0,8.107142448425293,8.107142448425293
chukchi,1987-12-01,Dbar,1.5272140502929688,0.032258063554763794,-1.494955986738205
chukchi,1988-01-01,Dbar,8.270402908325195,8.312688827514648,0.042285919189453125
chukchi,1988-02-01,Dbar,2.917752981185913,2.867685079574585,-0.050067901611328125
chukchi,1988-04-01,Dbar,1.0816676616668701,1.1703978776931763,0.08873021602630615
chukchi,1988-05-01,Dbar,1.8343924283981323,2.3251986503601074,0.4908062219619751
chukchi,1989-02-01,Dbar,10.423583030700684,10.20373821258545,-0.21984481811523438
chukchi,1989-03-01,Dbar,14.102991104125977,15.327173233032227,1.22418212890625
chukchi,1989-04-01,Dbar,6.294417858123779,6.268575668334961,-0.02584218978881836
chukchi,1989-05-01,Dbar,3.471214532852173,4.084117889404297,0.612903356552124
chukchi,1991-01-01,Dbar,1.3007261753082275,1.328133225440979,0.027407050132751465
chukchi,1991-02-01,Dbar,0.0,1.25,1.25
chukchi,1991-05-01,Dbar,2.0479776859283447,1.9783635139465332,-0.06961417198181152
chukchi,1992-02-01,Dbar,0.0,0.7241379022598267,0.7241379022598267
chukchi,1993-01-01,Dbar,2.5494282245635986,2.517049789428711,-0.032378435134887695
chukchi,1993-02-01,Dbar,2.6017377376556396,2.6065008640289307,0.004763126373291016
chukchi,1993-05-01,Dbar,3.8022372722625732,4.092559814453125,0.29032254219055176
chukchi,1993-06-01,Dbar,1.6395961046218872,1.652794599533081,0.013198494911193848
chukchi,1993-12-01,Dbar,2.639855146408081,2.64652943611145,0.006674289703369141
chukchi,1994-01-01,Dbar,5.878698825836182,5.779792308807373,-0.0989065170288086
chukchi,1994-02-01,Dbar,9.110086441040039,10.685773849487305,1.5756874084472656
chukchi,1994-03-01,Dbar,4.904415130615234,5.08089017868042,0.17647504806518555
chukchi,1994-04-01,Dbar,5.594156742095947,5.7210307121276855,0.12687397003173828
chukchi,1994-05-01,Dbar,2.1290323734283447,2.5633504390716553,0.43431806564331055
chukchi,1995-03-01,Dbar,13.7621431350708,14.032258033752441,0.2701148986816406
chukchi,1995-04-01,Dbar,3.0833332538604736,2.0333333015441895,-1.0499999523162842
chukchi,1995-05-01,Dbar,2.9008915424346924,2.826388359069824,-0.07450318336486816
chukchi,1995-06-01,Dbar,1.2808353900909424,1.2948664426803589,0.014031052589416504
chukchi,1996-01-01,Dbar,1.1961636543273926,1.1964973211288452,0.0003336668014526367
chukchi,1996-02-01,Dbar,0.39876583218574524,0.3812166750431061,-0.01754915714263916
chukchi,1996-04-01,Dbar,7.398438930511475,7.128154277801514,-0.27028465270996094
chukchi,1996-05-01,Dbar,2.05129337310791,1.5614285469055176,-0.4898648262023926
chukchi,1997-04-01,Dbar,1.4988466501235962,1.5660330057144165,0.06718635559082031
chukchi,1997-05-01,Dbar,1.15781569480896,1.277190089225769,0.11937439441680908
chukchi,1998-01-01,Dbar,1.2736976146697998,1.3011085987091064,0.02741098403930664
chukchi,1998-04-01,Dbar,2.257977247238159,2.457977294921875,0.20000004768371582
chukchi,1998-12-01,Dbar,1.5628416538238525,1.5780360698699951,0.015194416046142578
chukchi,1999-05-01,Dbar,4.004931449890137,3.978318691253662,-0.02661275863647461
chukchi,2000-12-01,Dbar,4.781320571899414,4.808626174926758,0.02730560302734375
chukchi,2001-01-01,Dbar,7.12714958190918,6.6300530433654785,-0.49709653854370117
chukchi,2001-02-01,Dbar,5.126067161560059,5.174755573272705,0.048688411712646484
chukchi,2001-03-01,Dbar,7.309131145477295,7.34209680557251,0.032965660095214844
chukchi,2001-04-01,Dbar,1.9931339025497437,1.9333332777023315,-0.05980062484741211
chukchi,2002-02-01,Dbar,4.533232688903809,4.181866645812988,-0.3513660430908203
chukchi,2002-05-01,Dbar,2.9551522731781006,3.285677194595337,0.33052492141723633
chukchi,2002-06-01,Dbar,0.0,0.1666666716337204,0.1666666716337204
chukchi,2002-12-01,Dbar,7.454868316650391,7.599978446960449,0.1451101303100586
chukchi,2003-01-01,Dbar,6.015713691711426,7.2444939613342285,1.2287802696228027
chukchi,2003-02-01,Dbar,5.730778217315674,5.49407434463501,-0.23670387268066406
chukchi,2003-04-01,Dbar,5.485037326812744,5.586329460144043,0.10129213333129883
chukchi,2003-05-01,Dbar,12.667808532714844,13.262259483337402,0.5944509506225586
chukchi,2003-12-01,Dbar,0.6929231286048889,0.6903720498085022,-0.0025510787963867188
chukchi,2004-01-01,Dbar,4.661830902099609,5.087579250335693,0.425748348236084
chukchi,2004-02-01,Dbar,7.024305820465088,7.013360977172852,-0.010944843292236328
chukchi,2004-03-01,Dbar,1.691168189048767,1.7676305770874023,0.07646238803863525
chukchi,2004-04-01,Dbar,1.4098914861679077,1.2133170366287231,-0.19657444953918457
chukchi,2004-05-01,Dbar,2.821572780609131,3.1516711711883545,0.33009839057922363
chukchi,2004-06-01,Dbar,3.5987470149993896,3.7061221599578857,0.1073751449584961
chukchi,2004-07-01,Dbar,8.60000228881836,8.580094337463379,-0.01990795135498047
chukchi,2004-09-01,Dbar,4.662612438201904,4.662208080291748,-0.00040435791015625
chukchi,2007-07-01,Dbar,7.816080093383789,7.805273532867432,-0.010806560516357422
chukchi,2007-08-01,Dbar,10.908459663391113,10.896472930908203,-0.011986732482910156
chukchi,2008-08-01,Dbar,2.6340787410736084,2.633697986602783,-0.0003807544708251953
chukchi,2008-09-01,Dbar,12.6168794631958,12.611764907836914,-0.005114555358886719
chukchi,2009-05-01,Dbar,2.6327569484710693,2.7167067527770996,0.08394980430603027
chukchi,2009-12-01,Dbar,3.5865795612335205,3.55729341506958,-0.02928614616394043
chukchi,2011-01-01,Dbar,0.9032257795333862,1.451612949371338,0.5483871698379517
chukchi,2011-07-01,Dbar,2.6096136569976807,2.4658002853393555,-0.1438133716583252
chukchi,2011-09-01,Dbar,12.920767784118652,12.927499771118164,0.006731986999511719
chukchi,2014-12-01,Dbar,6.856908798217773,6.898627758026123,0.04171895980834961
chukchi,2015-06-01,Dbar,3.28414249420166,3.2920942306518555,0.007951736450195312
chukchi,2015-07-01,Dbar,4.963207244873047,4.965799808502197,0.0025925636291503906
chukchi,2015-08-01,Dbar,5.249324798583984,5.25822114944458,0.008896350860595703
chukchi,2016-04-01,Dbar,2.130812168121338,0.0,-2.130812168121338
chukchi,2016-05-01,Dbar,5.546547889709473,1.1158407926559448,-4.430707097053528
chukchi,2016-06-01,Dbar,6.7799072265625,8.299825668334961,1.519918441772461
chukchi,2016-11-01,Dbar,21.679155349731445,21.695375442504883,0.0162200927734375
chukchi,2016-12-01,Dbar,2.5900588035583496,2.0468320846557617,-0.5432267189025879
chukchi,2017-01-01,Dbar,4.9720282554626465,0.0,-4.9720282554626465
chukchi,2017-02-01,Dbar,10.666586875915527,0.0,-10.666586875915527
chukchi,2017-06-01,Dbar,3.250598192214966,3.199010133743286,-0.05158805847167969
chukchi,2017-07-01,Dbar,3.0504209995269775,3.0522043704986572,0.0017833709716796875
chukchi,2017-12-01,Dbar,0.8823115229606628,0.6949048042297363,-0.1874067187309265
chukchi,2018-05-01,Dbar,2.309767961502075,0.7185783386230469,-1.5911896228790283
chukchi,2018-06-01,Dbar,7.640557765960693,7.550662517547607,-0.08989524841308594
chukchi,2018-07-01,Dbar,14.701119422912598,14.69150447845459,-0.009614944458007812
chukchi,2019-06-01,Dbar,7.158517837524414,7.123992443084717,-0.034525394439697266
chukchi,2019-07-01,Dbar,15.887321472167969,15.909782409667969,0.0224609375
chukchi,2019-08-01,Dbar,27.317581176757812,27.24549674987793,-0.07208442687988281
chukchi,2019-09-01,Dbar,38.76940155029297,38.73348617553711,-0.035915374755859375
chukchi,2019-10-01,Dbar,59.26730728149414,59.22905731201172,-0.038249969482421875
chukchi,2019-11-01,Dbar,30.161304473876953,30.13961410522461,-0.02169036865234375
chukchi,2020-06-01,Dbar,1.9195481538772583,1.9359599351882935,0.016411781311035156
chukchi,2020-11-01,Dbar,7.235785484313965,7.247809410095215,0.01202392578125
chukchi,2022-12-01,Dbar,1.2409416437149048,0.0,-1.2409416437149048
chukchi,2024-04-01,Dbar,0.5,0.0,-0.5
chukchi,2025-06-01,Dbar,1.8766885995864868,1.8711113929748535,-0.005577206611633301
chukchi,2025-07-01,Dbar,7.7560296058654785,7.751436710357666,-0.0045928955078125
chukchi,2026-01-01,Dbar,5.114567756652832,5.178544521331787,0.06397676467895508
chukchi,2026-02-01,Dbar,21.410436630249023,21.481088638305664,0.07065200805664062
chukchi,2026-03-01,Dbar,44.80671691894531,44.73033142089844,-0.076385498046875
chukchi,1982-01-01,Cbar,0.4898950457572937,0.48835816979408264,-0.0015368759632110596
chukchi,1982-02-01,Cbar,1.8800535202026367,3.8506433963775635,1.9705898761749268
chukchi,1982-03-01,Cbar,0.514914333820343,0.5099954605102539,-0.004918873310089111
chukchi,1982-04-01,Cbar,0.5754464864730835,0.5764048099517822,0.0009583234786987305
chukchi,1983-01-01,Cbar,0.19134639203548431,0.12701934576034546,-0.06432704627513885
chukchi,1983-02-01,Cbar,0.41580191254615784,0.25543418526649475,-0.16036772727966309
chukchi,1983-04-01,Cbar,0.6157644987106323,0.6154679656028748,-0.00029653310775756836
chukchi,1983-05-01,Cbar,1.7642403841018677,1.7704520225524902,0.006211638450622559
chukchi,1983-12-01,Cbar,0.9685957431793213,0.9682429432868958,-0.0003527998924255371
chukchi,1984-01-01,Cbar,0.0,0.054458387196063995,0.054458387196063995
chukchi,1984-12-01,Cbar,0.0041984934359788895,0.00436354847624898,0.0001650550402700901
chukchi,1985-01-01,Cbar,0.09347068518400192,0.12444574385881424,0.030975058674812317
chukchi,1985-02-01,Cbar,0.5086802840232849,0.4592417776584625,-0.04943850636482239
chukchi,1985-03-01,Cbar,0.21091100573539734,0.18709231913089752,-0.023818686604499817
chukchi,1985-12-01,Cbar,0.2577635645866394,0.2776874899864197,0.019923925399780273
chukchi,1986-01-01,Cbar,6.4330549240112305,6.568675518035889,0.1356205940246582
chukchi,1986-02-01,Cbar,1.356268286705017,10.483221054077148,9.126952767372131
chukchi,1986-03-01,Cbar,6.698171615600586,16.30183982849121,9.603668212890625
chukchi,1986-04-01,Cbar,4.836671352386475,11.054754257202148,6.218082904815674
chukchi,1986-06-01,Cbar,1.100744605064392,1.0957287549972534,-0.005015850067138672
chukchi,1986-07-01,Cbar,2.889580488204956,2.8878843784332275,-0.0016961097717285156
chukchi,1986-12-01,Cbar,2.9895436763763428,2.9975249767303467,0.007981300354003906
chukchi,1987-01-01,Cbar,6.095475673675537,10.188875198364258,4.093399524688721
chukchi,1987-02-01,Cbar,0.0,2.0347540378570557,2.0347540378570557
chukchi,1987-12-01,Cbar,0.03827495500445366,0.017851362004876137,-0.020423592999577522
chukchi,1988-01-01,Cbar,4.177404403686523,4.471090316772461,0.2936859130859375
chukchi,1988-02-01,Cbar,0.6338450908660889,0.6387978196144104,0.004952728748321533
chukchi,1988-04-01,Cbar,0.629764199256897,0.680720865726471,0.050956666469573975
chukchi,1988-05-01,Cbar,1.845672369003296,2.366126775741577,0.5204544067382812
chukchi,1989-01-01,Cbar,0.22374381124973297,0.22572848200798035,0.0019846707582473755
chukchi,1989-02-01,Cbar,4.495189189910889,4.390447616577148,-0.10474157333374023
chukchi,1989-03-01,Cbar,3.9631640911102295,4.201929092407227,0.23876500129699707
chukchi,1989-04-01,Cbar,3.846709966659546,3.9279580116271973,0.08124804496765137
chukchi,1989-05-01,Cbar,4.2880024909973145,5.036252498626709,0.7482500076293945
chukchi,1989-12-01,Cbar,0.6151233911514282,0.6132087111473083,-0.001914680004119873
chukchi,1990-12-01,Cbar,0.08260083198547363,0.08234567195177078,-0.00025516003370285034
chukchi,1991-01-01,Cbar,0.3960195481777191,0.33902496099472046,-0.05699458718299866
chukchi,1991-02-01,Cbar,0.0,0.14857794344425201,0.14857794344425201
chukchi,1991-04-01,Cbar,2.320237398147583,2.3427159786224365,0.022478580474853516
chukchi,1991-05-01,Cbar,3.006181240081787,2.8402099609375,-0.1659712791442871
chukchi,1991-07-01,Cbar,4.563660144805908,4.5627617835998535,-0.0008983612060546875
chukchi,1991-12-01,Cbar,0.30243411660194397,0.3022105395793915,-0.00022357702255249023
chukchi,1992-01-01,Cbar,0.3995419144630432,0.4100343883037567,0.010492473840713501
chukchi,1992-02-01,Cbar,0.0,0.11325819790363312,0.11325819790363312
chukchi,1992-04-01,Cbar,0.3192530870437622,0.3220427930355072,0.002789705991744995
chukchi,1992-12-01,Cbar,0.09520980715751648,0.09528807550668716,7.826834917068481e-05
chukchi,1993-01-01,Cbar,0.6965827941894531,0.6754581332206726,-0.021124660968780518
chukchi,1993-02-01,Cbar,0.6996449828147888,0.6801632642745972,-0.01948171854019165
chukchi,1993-03-01,Cbar,0.057198233902454376,0.05720001831650734,1.7844140529632568e-06
chukchi,1993-04-01,Cbar,2.445683240890503,2.451986074447632,0.006302833557128906
chukchi,1993-05-01,Cbar,3.7757208347320557,4.086491107940674,0.31077027320861816
chukchi,1993-06-01,Cbar,3.430610418319702,3.563080310821533,0.13246989250183105
chukchi,1993-12-01,Cbar,1.3417943716049194,1.3488880395889282,0.007093667984008789
chukchi,1994-01-01,Cbar,2.825709342956543,2.8101933002471924,-0.015516042709350586
chukchi,1994-02-01,Cbar,4.163470268249512,4.555786609649658,0.3923163414001465
chukchi,1994-03-01,Cbar,1.3624628782272339,1.4236096143722534,0.06114673614501953
chukchi,1994-04-01,Cbar,2.8753468990325928,2.822746753692627,-0.05260014533996582
chukchi,1994-05-01,Cbar,3.074695348739624,3.629380464553833,0.554685115814209
chukchi,1995-01-01,Cbar,0.08668562024831772,0.08906606584787369,0.0023804455995559692
chukchi,1995-03-01,Cbar,3.0583889484405518,3.1220781803131104,0.0636892318725586
chukchi,1995-04-01,Cbar,0.7058013081550598,0.46435824036598206,-0.24144306778907776
chukchi,1995-05-01,Cbar,5.000959396362305,4.809031009674072,-0.19192838668823242
chukchi,1995-06-01,Cbar,2.3254785537719727,2.371164560317993,0.04568600654602051
chukchi,1995-11-01,Cbar,3.3623499870300293,3.3623435497283936,-6.4373016357421875e-06
chukchi,1995-12-01,Cbar,0.9090955257415771,0.9085410237312317,-0.000554502010345459
chukchi,1996-01-01,Cbar,0.30919933319091797,0.3011583089828491,-0.008041024208068848
chukchi,1996-02-01,Cbar,0.10763773322105408,0.10072972625494003,-0.006908006966114044
chukchi,1996-03-01,Cbar,1.2763320207595825,1.2811598777770996,0.00482785701751709
chukchi,1996-04-01,Cbar,4.376840114593506,4.290939807891846,-0.08590030670166016
chukchi,1996-05-01,Cbar,2.0191383361816406,1.7946391105651855,-0.22449922561645508
chukchi,1996-12-01,Cbar,0.6121578216552734,0.6120349168777466,-0.00012290477752685547
chukchi,1997-02-01,Cbar,0.24765023589134216,0.24998773634433746,0.0023375004529953003
chukchi,1997-04-01,Cbar,0.7879812121391296,0.8192872405052185,0.03130602836608887
chukchi,1997-05-01,Cbar,1.4942512512207031,1.690704345703125,0.19645309448242188
chukchi,1997-11-01,Cbar,14.946194648742676,14.946192741394043,-1.9073486328125e-06
chukchi,1997-12-01,Cbar,0.27399247884750366,0.2739916145801544,-8.642673492431641e-07
chukchi,1998-01-01,Cbar,0.3254131078720093,0.3311660587787628,0.00575295090675354
chukchi,1998-03-01,Cbar,0.7716672420501709,0.7716607451438904,-6.496906280517578e-06
chukchi,1998-04-01,Cbar,1.0454968214035034,1.1599375009536743,0.1144406795501709
chukchi,1998-09-01,Cbar,6.301926612854004,6.301684379577637,-0.0002422332763671875
chukchi,1998-10-01,Cbar,6.121416091918945,6.121306419372559,-0.00010967254638671875
chukchi,1998-12-01,Cbar,0.9208104610443115,1.0140526294708252,0.09324216842651367
chukchi,1999-03-01,Cbar,0.1540021300315857,0.1539953202009201,-6.809830665588379e-06
chukchi,1999-04-01,Cbar,0.09161482006311417,0.0912734791636467,-0.00034134089946746826
chukchi,1999-05-01,Cbar,3.8296806812286377,3.8204305171966553,-0.009250164031982422
chukchi,2000-03-01,Cbar,0.20414480566978455,0.2046298086643219,0.0004850029945373535
chukchi,2000-04-01,Cbar,0.6480032205581665,0.6514545679092407,0.0034513473510742188
chukchi,2000-11-01,Cbar,6.354711532592773,6.354711055755615,-4.76837158203125e-07
chukchi,2000-12-01,Cbar,1.652090311050415,1.6549855470657349,0.0028952360153198242
chukchi,2001-01-01,Cbar,2.0490472316741943,1.9258779287338257,-0.12316930294036865
chukchi,2001-02-01,Cbar,2.033888578414917,2.0560200214385986,0.02213144302368164
chukchi,2001-03-01,Cbar,1.7336138486862183,1.7560327053070068,0.022418856620788574
chukchi,2001-04-01,Cbar,1.237261414527893,1.2084640264511108,-0.028797388076782227
chukchi,2001-05-01,Cbar,2.8899641036987305,2.8663411140441895,-0.023622989654541016
chukchi,2002-02-01,Cbar,1.0769531726837158,1.02045738697052,-0.0564957857131958
chukchi,2002-03-01,Cbar,2.2065887451171875,2.2071592807769775,0.0005705356597900391
chukchi,2002-04-01,Cbar,1.8775795698165894,1.8778334856033325,0.00025391578674316406
chukchi,2002-05-01,Cbar,3.237642765045166,3.577690362930298,0.34004759788513184
chukchi,2002-06-01,Cbar,0.0,0.21459034085273743,0.21459034085273743
chukchi,2002-11-01,Cbar,2.655710458755493,2.6557040214538574,-6.4373016357421875e-06
chukchi,2002-12-01,Cbar,4.780848026275635,4.845895290374756,0.0650472640991211
chukchi,2003-01-01,Cbar,1.5273082256317139,1.649664282798767,0.12235605716705322
chukchi,2003-02-01,Cbar,1.2478832006454468,1.2066396474838257,-0.041243553161621094
chukchi,2003-03-01,Cbar,0.05437503382563591,0.054985206574201584,0.0006101727485656738
chukchi,2003-04-01,Cbar,4.037814140319824,4.121516704559326,0.08370256423950195
chukchi,2003-05-01,Cbar,15.862428665161133,16.517723083496094,0.6552944183349609
chukchi,2003-06-01,Cbar,0.8794018030166626,0.9354900121688843,0.05608820915222168
chukchi,2003-12-01,Cbar,0.24655334651470184,0.24328270554542542,-0.0032706409692764282
chukchi,2004-01-01,Cbar,1.4046634435653687,1.5215650796890259,0.11690163612365723
chukchi,2004-02-01,Cbar,1.599340796470642,1.6300495862960815,0.030708789825439453
chukchi,2004-03-01,Cbar,0.4076076149940491,0.4295203983783722,0.02191278338432312
chukchi,2004-04-01,Cbar,0.8728315234184265,0.75399249792099,-0.11883902549743652
chukchi,2004-05-01,Cbar,3.3582470417022705,3.6996445655822754,0.3413975238800049
chukchi,2004-06-01,Cbar,8.690085411071777,8.919926643371582,0.2298412322998047
chukchi,2004-07-01,Cbar,24.9595890045166,24.91327476501465,-0.046314239501953125
chukchi,2004-08-01,Cbar,32.26826858520508,32.267539978027344,-0.000728607177734375
chukchi,2004-09-01,Cbar,11.425371170043945,11.42125129699707,-0.004119873046875
chukchi,2005-01-01,Cbar,0.799233615398407,0.8138188123703003,0.01458519697189331
chukchi,2005-02-01,Cbar,0.13826794922351837,0.13301682472229004,-0.0052511245012283325
chukchi,2006-03-01,Cbar,0.2533981502056122,0.2542954981327057,0.0008973479270935059
chukchi,2006-04-01,Cbar,0.10016756504774094,0.10017318278551102,5.617737770080566e-06
chukchi,2007-07-01,Cbar,28.82703399658203,28.792179107666016,-0.034854888916015625
chukchi,2007-08-01,Cbar,41.37986755371094,41.33285140991211,-0.047016143798828125
chukchi,2007-09-01,Cbar,86.85669708251953,86.84973907470703,-0.0069580078125
chukchi,2007-10-01,Cbar,76.30609893798828,76.29615020751953,-0.00994873046875
chukchi,2008-08-01,Cbar,6.650866985321045,6.6517109870910645,0.0008440017700195312
chukchi,2008-09-01,Cbar,32.276363372802734,32.262855529785156,-0.013507843017578125
chukchi,2008-10-01,Cbar,7.263120174407959,7.262989044189453,-0.00013113021850585938
chukchi,2009-04-01,Cbar,0.5702435374259949,0.5809117555618286,0.01066821813583374
chukchi,2009-05-01,Cbar,3.515115976333618,3.8657026290893555,0.3505866527557373
chukchi,2009-11-01,Cbar,0.011933879926800728,0.017513839527964592,0.005579959601163864
chukchi,2009-12-01,Cbar,1.5754764080047607,1.557597279548645,-0.017879128456115723
chukchi,2010-09-01,Cbar,18.388813018798828,18.388729095458984,-8.392333984375e-05
chukchi,2010-11-01,Cbar,0.5590099692344666,0.559002161026001,-7.808208465576172e-06
chukchi,2010-12-01,Cbar,0.21894517540931702,0.21893590688705444,-9.268522262573242e-06
chukchi,2011-01-01,Cbar,0.20205038785934448,0.3257669508457184,0.1237165629863739
chukchi,2011-06-01,Cbar,1.6129335165023804,1.6119440793991089,-0.0009894371032714844
chukchi,2011-07-01,Cbar,8.179774284362793,7.790541172027588,-0.3892331123352051
chukchi,2011-08-01,Cbar,13.277692794799805,13.277684211730957,-8.58306884765625e-06
chukchi,2011-09-01,Cbar,42.65058517456055,42.67300033569336,0.0224151611328125
chukchi,2012-02-01,Cbar,0.5607668161392212,0.5653437376022339,0.004576921463012695
chukchi,2012-04-01,Cbar,1.6379978656768799,1.643257975578308,0.005260109901428223
chukchi,2013-06-01,Cbar,2.9337403774261475,2.9268481731414795,-0.006892204284667969
chukchi,2014-11-01,Cbar,3.464484453201294,3.4643988609313965,-8.559226989746094e-05
chukchi,2014-12-01,Cbar,4.031715393066406,4.011697292327881,-0.02001810073852539
chukchi,2015-06-01,Cbar,13.482132911682129,13.57326889038086,0.09113597869873047
chukchi,2015-07-01,Cbar,23.229755401611328,23.25029945373535,0.020544052124023438
chukchi,2015-08-01,Cbar,16.728532791137695,16.774850845336914,0.04631805419921875
chukchi,2016-04-01,Cbar,0.121995709836483,0.0,-0.121995709836483
chukchi,2016-05-01,Cbar,2.67343807220459,2.6024727821350098,-0.07096529006958008
chukchi,2016-06-01,Cbar,22.63074493408203,36.407554626464844,13.776809692382812
chukchi,2016-07-01,Cbar,33.411190032958984,33.411556243896484,0.0003662109375
chukchi,2016-11-01,Cbar,55.73880386352539,55.78125,0.042446136474609375
chukchi,2016-12-01,Cbar,2.468691825866699,2.0442419052124023,-0.4244499206542969
chukchi,2017-01-01,Cbar,0.43020546436309814,0.0,-0.43020546436309814
chukchi,2017-02-01,Cbar,0.4813186228275299,0.0,-0.4813186228275299
chukchi,2017-06-01,Cbar,9.251130104064941,9.137908935546875,-0.1132211685180664
chukchi,2017-07-01,Cbar,9.94003963470459,9.944812774658203,0.004773139953613281
chukchi,2017-09-01,Cbar,4.021563529968262,4.021364212036133,-0.00019931793212890625
chukchi,2017-12-01,Cbar,0.5626744627952576,0.3571670353412628,-0.20550742745399475
chukchi,2018-05-01,Cbar,3.483778953552246,1.2317651510238647,-2.2520138025283813
chukchi,2018-06-01,Cbar,31.6644344329834,32.089134216308594,0.4246997833251953
chukchi,2018-07-01,Cbar,85.53314971923828,85.50898742675781,-0.02416229248046875
chukchi,2018-08-01,Cbar,26.86443519592285,26.86493682861328,0.0005016326904296875
chukchi,2018-11-01,Cbar,85.2968521118164,85.2955093383789,-0.0013427734375
chukchi,2018-12-01,Cbar,0.18751688301563263,0.18556296825408936,-0.001953914761543274
chukchi,2019-06-01,Cbar,26.523767471313477,26.293460845947266,-0.23030662536621094
chukchi,2019-07-01,Cbar,63.45393753051758,63.286739349365234,-0.16719818115234375
chukchi,2019-08-01,Cbar,105.63119506835938,105.10920715332031,-0.5219879150390625
chukchi,2019-09-01,Cbar,140.12950134277344,139.82308959960938,-0.3064117431640625
chukchi,2019-10-01,Cbar,210.5280303955078,210.21522521972656,-0.31280517578125
chukchi,2019-11-01,Cbar,96.69923400878906,96.56354522705078,-0.13568878173828125
chukchi,2020-06-01,Cbar,5.525137424468994,5.530874252319336,0.005736827850341797
chukchi,2020-07-01,Cbar,6.081637382507324,6.081634998321533,-2.384185791015625e-06
chukchi,2020-11-01,Cbar,12.650726318359375,12.672845840454102,0.022119522094726562
chukchi,2020-12-01,Cbar,1.444413423538208,1.4426318407058716,-0.0017815828323364258
chukchi,2022-12-01,Cbar,0.8095506429672241,0.0,-0.8095506429672241
chukchi,2023-11-01,Cbar,7.3093109130859375,7.309106349945068,-0.00020456314086914062
chukchi,2023-12-01,Cbar,1.1170257329940796,1.0969038009643555,-0.02012193202972412
chukchi,2024-04-01,Cbar,0.023374592885375023,0.0,-0.023374592885375023
chukchi,2025-03-01,Cbar,0.9622502326965332,0.9624248743057251,0.00017464160919189453
chukchi,2025-06-01,Cbar,6.446953296661377,6.422585964202881,-0.024367332458496094
chukchi,2025-07-01,Cbar,30.902027130126953,30.883577346801758,-0.018449783325195312
chukchi,2026-01-01,Cbar,1.2184326648712158,1.2493172883987427,0.030884623527526855
chukchi,2026-02-01,Cbar,4.972563743591309,5.106517314910889,0.13395357131958008
chukchi,2026-03-01,Cbar,12.189863204956055,12.282563209533691,0.09270000457763672
chukchi,1982-01-01,Obar,0.002690268214792013,0.0030067923944443464,0.00031652417965233326
chukchi,1982-02-01,Obar,0.010070404969155788,0.011242534033954144,0.001172129064798355
chukchi,1982-03-01,Obar,0.0010034107835963368,0.0009996668668463826,-3.7439167499542236e-06
chukchi,1982-04-01,Obar,0.00457743601873517,0.004579977598041296,2.541579306125641e-06
chukchi,1983-01-01,Obar,0.0005047577433288097,0.0006546590593643486,0.0001499013160355389
chukchi,1983-04-01,Obar,0.009652377106249332,0.009673046879470348,2.066977322101593e-05
chukchi,1983-05-01,Obar,0.0037378808483481407,0.0038031949661672115,6.531411781907082e-05
chukchi,1983-12-01,Obar,0.0036673995200544596,0.0036697385367006063,2.3390166461467743e-06
chukchi,1984-01-01,Obar,0.0,0.000290324620436877,0.000290324620436877
chukchi,1984-12-01,Obar,0.0004898359184153378,0.0005005894345231354,1.0753516107797623e-05
chukchi,1985-01-01,Obar,0.005648162681609392,0.003696135012432933,-0.0019520276691764593
chukchi,1985-02-01,Obar,0.00041834937292151153,0.00016882979252841324,-0.0002495195803930983
chukchi,1985-03-01,Obar,0.0017195753753185272,0.0009425866883248091,-0.0007769886869937181
chukchi,1985-12-01,Obar,0.0021393580827862024,0.0021135539282113314,-2.5804154574871063e-05
chukchi,1986-01-01,Obar,0.00012349904864095151,0.00012534325651358813,1.8442078726366162e-06
chukchi,1986-02-01,Obar,0.002817861968651414,0.000784377392847091,-0.002033484575804323
chukchi,1986-06-01,Obar,0.014200565405189991,0.014217841438949108,1.7276033759117126e-05
chukchi,1986-07-01,Obar,0.025516178458929062,0.025556910783052444,4.073232412338257e-05
chukchi,1986-12-01,Obar,0.0015259163919836283,0.0015270104631781578,1.0940711945295334e-06
chukchi,1987-01-01,Obar,0.001002733362838626,0.0010035717859864235,8.384231477975845e-07
chukchi,1987-12-01,Obar,0.010077744722366333,0.009891781024634838,-0.0001859636977314949
chukchi,1988-01-01,Obar,0.001665086136199534,0.0010914732702076435,-0.0005736128659918904
chukchi,1988-02-01,Obar,0.002002565423026681,0.002523774513974786,0.0005212090909481049
chukchi,1988-04-01,Obar,0.021088765934109688,0.019664375111460686,-0.001424390822649002
chukchi,1988-05-01,Obar,0.0,0.003756995312869549,0.003756995312869549
chukchi,1989-01-01,Obar,0.002305369358509779,0.00232106726616621,1.5697907656431198e-05
chukchi,1989-02-01,Obar,0.007444205228239298,0.007629697676748037,0.00018549244850873947
chukchi,1989-03-01,Obar,0.007670484017580748,0.0073996433056890965,-0.00027084071189165115
chukchi,1989-04-01,Obar,0.011889803223311901,0.012729505077004433,0.0008397018536925316
chukchi,1989-12-01,Obar,0.0018007351318374276,0.0017969588516280055,-3.7762802094221115e-06
chukchi,1990-12-01,Obar,0.000977123505435884,0.0009832484647631645,6.124959327280521e-06
chukchi,1991-01-01,Obar,0.0,0.00029004496173001826,0.00029004496173001826
chukchi,1991-04-01,Obar,0.010511582717299461,0.010527504608035088,1.592189073562622e-05
chukchi,1991-05-01,Obar,0.006184207275509834,0.007043824996799231,0.0008596177212893963
chukchi,1991-07-01,Obar,0.015250035561621189,0.015264269895851612,1.4234334230422974e-05
chukchi,1991-12-01,Obar,0.0031337980180978775,0.003133294638246298,-5.033798515796661e-07
chukchi,1992-01-01,Obar,0.0021391157060861588,0.0021531488746404648,1.403316855430603e-05
chukchi,1992-02-01,Obar,0.0,0.0013721893774345517,0.0013721893774345517
chukchi,1992-04-01,Obar,0.00442104134708643,0.004661515820771456,0.00024047447368502617
chukchi,1992-12-01,Obar,0.0035494654439389706,0.003560065757483244,1.0600313544273376e-05
chukchi,1993-01-01,Obar,0.0032538766972720623,0.003385538700968027,0.0001316620036959648
chukchi,1993-02-01,Obar,0.00434313528239727,0.004674170166254044,0.0003310348838567734
chukchi,1993-03-01,Obar,0.021547386422753334,0.02154904417693615,1.6577541828155518e-06
chukchi,1993-04-01,Obar,0.008011330850422382,0.00800363440066576,-7.696449756622314e-06
chukchi,1993-05-01,Obar,0.020513251423835754,0.008242026902735233,-0.012271224521100521
chukchi,1993-06-01,Obar,0.008539621718227863,0.00845517497509718,-8.44467431306839e-05
chukchi,1993-12-01,Obar,0.009535123594105244,0.009536302648484707,1.1790543794631958e-06
chukchi,1994-01-01,Obar,0.03052857331931591,0.03040166012942791,-0.0001269131898880005
chukchi,1994-02-01,Obar,0.0034338082186877728,0.0020882687531411648,-0.001345539465546608
chukchi,1994-04-01,Obar,0.02057230845093727,0.02057211846113205,-1.8998980522155762e-07
chukchi,1994-05-01,Obar,0.012596611864864826,0.01656266301870346,0.0039660511538386345
chukchi,1995-01-01,Obar,0.0005242670886218548,0.000534980499651283,1.0713411029428244e-05
chukchi,1995-03-01,Obar,0.0007539215730503201,0.0006127717206254601,-0.00014114985242486
chukchi,1995-05-01,Obar,0.029706353321671486,0.029011918231844902,-0.0006944350898265839
chukchi,1995-12-01,Obar,0.0011763166403397918,0.0011788983829319477,2.5817425921559334e-06
chukchi,1996-01-01,Obar,0.003953061532229185,0.003965415991842747,1.235445961356163e-05
chukchi,1996-03-01,Obar,0.010364914312958717,0.010353555902838707,-1.1358410120010376e-05
chukchi,1996-04-01,Obar,0.00283293379470706,0.004111974034458399,0.001279040239751339
chukchi,1996-05-01,Obar,0.006851599086076021,0.011927262879908085,0.005075663793832064
chukchi,1996-12-01,Obar,0.02961123175919056,0.029613351449370384,2.119690179824829e-06
chukchi,1997-02-01,Obar,0.0036802911199629307,0.0036676826421171427,-1.2608477845788002e-05
chukchi,1997-04-01,Obar,0.004026718903332949,0.0039810556918382645,-4.566321149468422e-05
chukchi,1997-05-01,Obar,0.009792809374630451,0.008434997871518135,-0.0013578115031123161
chukchi,1997-12-01,Obar,0.001889366190880537,0.0018896778346970677,3.116438165307045e-07
chukchi,1998-01-01,Obar,0.0017644183244556189,0.0014996639220044017,-0.0002647544024512172
chukchi,1998-03-01,Obar,0.002797388704493642,0.002797114197164774,-2.745073288679123e-07
chukchi,1998-04-01,Obar,0.0034839713480323553,0.0035743392072618008,9.036785922944546e-05
chukchi,1998-09-01,Obar,0.019518844783306122,0.019520999863743782,2.1550804376602173e-06
chukchi,1998-12-01,Obar,0.0411020889878273,0.04110252484679222,4.3585896492004395e-07
chukchi,1999-03-01,Obar,0.0015143961645662785,0.0015134804416447878,-9.157229214906693e-07
chukchi,1999-04-01,Obar,0.0017820496577769518,0.001839531701989472,5.748204421252012e-05
chukchi,1999-05-01,Obar,0.013486177660524845,0.016024010255932808,0.002537832595407963
chukchi,2000-03-01,Obar,0.002051024464890361,0.0020461322274059057,-4.892237484455109e-06
chukchi,2000-04-01,Obar,0.03440677747130394,0.0344308502972126,2.407282590866089e-05
chukchi,2000-12-01,Obar,0.0034821671433746815,0.003475602949038148,-6.5641943365335464e-06
chukchi,2001-01-01,Obar,0.0012360764667391777,0.0014247400686144829,0.00018866360187530518
chukchi,2001-02-01,Obar,0.011480129323899746,0.011803731322288513,0.00032360199838876724
chukchi,2001-03-01,Obar,0.002931134309619665,0.0029214252717792988,-9.709037840366364e-06
chukchi,2001-04-01,Obar,0.015795528888702393,0.011136685498058796,-0.004658843390643597
chukchi,2001-05-01,Obar,0.010007800534367561,0.010006758384406567,-1.0421499609947205e-06
chukchi,2002-02-01,Obar,0.007106208708137274,0.007755799684673548,0.000649590976536274
chukchi,2002-03-01,Obar,0.007210833486169577,0.007205445319414139,-5.388166755437851e-06
chukchi,2002-05-01,Obar,0.035222239792346954,0.01973281428217888,-0.015489425510168076
chukchi,2002-11-01,Obar,0.0185910165309906,0.018590612336993217,-4.041939973831177e-07
chukchi,2002-12-01,Obar,0.012734273448586464,0.011728738434612751,-0.001005535013973713
chukchi,2003-01-01,Obar,0.002355244243517518,0.002088796114549041,-0.00026644812896847725
chukchi,2003-02-01,Obar,0.0018149027600884438,0.002065475331619382,0.00025057257153093815
chukchi,2003-04-01,Obar,0.005253141280263662,0.004999799653887749,-0.0002533416263759136
chukchi,2003-05-01,Obar,0.017321264371275902,0.010777385905385017,-0.006543878465890884
chukchi,2003-12-01,Obar,0.007333038374781609,0.006610969081521034,-0.0007220692932605743
chukchi,2004-01-01,Obar,0.003853309666737914,0.0038551988545805216,1.8891878426074982e-06
chukchi,2004-02-01,Obar,0.002760934177786112,0.0027508968487381935,-1.003732904791832e-05
chukchi,2004-03-01,Obar,0.002076589735224843,0.00203229789622128,-4.429183900356293e-05
chukchi,2004-04-01,Obar,0.04060833901166916,0.040561188012361526,-4.7150999307632446e-05
chukchi,2004-05-01,Obar,0.029902858659625053,0.03863997012376785,0.0087371114641428
chukchi,2004-06-01,Obar,0.08098731935024261,0.07714516669511795,-0.0038421526551246643
chukchi,2004-07-01,Obar,0.03572670370340347,0.03572673723101616,3.3527612686157227e-08
chukchi,2004-09-01,Obar,0.034039173275232315,0.03401403874158859,-2.5134533643722534e-05
chukchi,2005-01-01,Obar,0.0016788176726549864,0.0016889182152226567,1.0100542567670345e-05
chukchi,2005-02-01,Obar,0.010520948097109795,0.010375580750405788,-0.0001453673467040062
chukchi,2006-03-01,Obar,0.0022589366417378187,0.0022499938495457172,-8.942792192101479e-06
chukchi,2007-07-01,Obar,0.05121308192610741,0.05061696469783783,-0.000596117228269577
chukchi,2007-08-01,Obar,0.02965688705444336,0.029655763879418373,-1.123175024986267e-06
chukchi,2007-09-01,Obar,0.010470314882695675,0.010470615699887276,3.0081719160079956e-07
chukchi,2008-08-01,Obar,0.0049315220676362514,0.005056424532085657,0.00012490246444940567
chukchi,2008-09-01,Obar,0.013822422362864017,0.013823914341628551,1.4919787645339966e-06
chukchi,2009-04-01,Obar,0.004943391308188438,0.004983182065188885,3.979075700044632e-05
chukchi,2009-05-01,Obar,0.01773739419877529,0.012039806693792343,-0.005697587504982948
chukchi,2009-11-01,Obar,0.002690376015380025,0.0033617441076785326,0.0006713680922985077
chukchi,2009-12-01,Obar,0.013696037232875824,0.013781624846160412,8.558761328458786e-05
chukchi,2010-09-01,Obar,0.02609178051352501,0.02609245665371418,6.761401891708374e-07
chukchi,2010-11-01,Obar,0.005157924722880125,0.0051573761738836765,-5.485489964485168e-07
chukchi,2011-01-01,Obar,0.009592009708285332,0.009857677854597569,0.0002656681463122368
chukchi,2011-06-01,Obar,0.03773363679647446,0.03773488849401474,1.2516975402832031e-06
chukchi,2011-07-01,Obar,0.0852832943201065,0.08150755614042282,-0.0037757381796836853
chukchi,2011-09-01,Obar,0.010500280186533928,0.010431308299303055,-6.897188723087311e-05
chukchi,2012-02-01,Obar,0.003739146515727043,0.003822878934442997,8.373241871595383e-05
chukchi,2012-04-01,Obar,0.023086635395884514,0.023381225764751434,0.00029459036886692047
chukchi,2013-06-01,Obar,0.18323180079460144,0.18273517489433289,-0.0004966259002685547
chukchi,2014-11-01,Obar,0.01694088988006115,0.01784295029938221,0.0009020604193210602
chukchi,2014-12-01,Obar,0.001724796835333109,0.0027983393520116806,0.0010735425166785717
chukchi,2015-06-01,Obar,0.15526382625102997,0.1527535319328308,-0.0025102943181991577
chukchi,2015-07-01,Obar,0.04487695172429085,0.04488131403923035,4.362314939498901e-06
chukchi,2015-08-01,Obar,0.015605252236127853,0.01550957653671503,-9.567569941282272e-05
chukchi,2016-04-01,Obar,0.0029741269536316395,0.0,-0.0029741269536316395
chukchi,2016-05-01,Obar,0.06773693114519119,0.094708651304245,0.026971720159053802
chukchi,2016-06-01,Obar,0.03038347139954567,0.03826258331537247,0.007879111915826797
chukchi,2016-07-01,Obar,0.03206581622362137,0.03207044675946236,4.630535840988159e-06
chukchi,2016-12-01,Obar,0.019750693812966347,0.020128566771745682,0.000377872958779335
chukchi,2017-01-01,Obar,0.0033183791674673557,0.0,-0.0033183791674673557
chukchi,2017-02-01,Obar,0.00016014227003324777,0.0,-0.00016014227003324777
chukchi,2017-06-01,Obar,0.1037936583161354,0.10595302283763885,0.0021593645215034485
chukchi,2017-07-01,Obar,0.12826906144618988,0.12744656205177307,-0.0008224993944168091
chukchi,2017-09-01,Obar,0.022089919075369835,0.022091610357165337,1.691281795501709e-06
chukchi,2017-12-01,Obar,0.017075935378670692,0.02166278474032879,0.004586849361658096
chukchi,2018-05-01,Obar,0.09017742425203323,0.06697917729616165,-0.023198246955871582
chukchi,2018-06-01,Obar,0.05509288236498833,0.056412823498249054,0.001319941133260727
chukchi,2018-07-01,Obar,0.0425616018474102,0.042626842856407166,6.52410089969635e-05
chukchi,2018-11-01,Obar,0.023375261574983597,0.023387784138321877,1.2522563338279724e-05
chukchi,2019-06-01,Obar,0.04691129922866821,0.04748950153589249,0.0005782023072242737
chukchi,2019-07-01,Obar,0.032897792756557465,0.028935091570019722,-0.003962701186537743
chukchi,2019-08-01,Obar,0.008408988825976849,0.008406467735767365,-2.5210902094841003e-06
chukchi,2019-09-01,Obar,0.004725914914160967,0.004726680926978588,7.660128176212311e-07
chukchi,2020-06-01,Obar,0.05368621274828911,0.05415497347712517,0.00046876072883605957
chukchi,2020-07-01,Obar,0.029177840799093246,0.029178183525800705,3.427267074584961e-07
chukchi,2020-11-01,Obar,0.03652312234044075,0.03641488030552864,-0.00010824203491210938
chukchi,2022-12-01,Obar,0.010249892249703407,0.0,-0.010249892249703407
chukchi,2023-07-01,Obar,0.050558820366859436,0.050558872520923615,5.21540641784668e-08
chukchi,2023-09-01,Obar,0.017088035121560097,0.017088115215301514,8.009374141693115e-08
chukchi,2023-11-01,Obar,0.013519715517759323,0.013517591170966625,-2.1243467926979065e-06
chukchi,2023-12-01,Obar,0.0028641039971262217,0.0027532982639968395,-0.00011080573312938213
chukchi,2024-04-01,Obar,0.0018332154722884297,0.0,-0.0018332154722884297
chukchi,2025-03-01,Obar,0.0012945211492478848,0.001294047455303371,-4.7369394451379776e-07
chukchi,2025-06-01,Obar,0.07735589891672134,0.07768145203590393,0.00032555311918258667
chukchi,2025-07-01,Obar,0.04872395843267441,0.048725005239248276,1.0468065738677979e-06
chukchi,2026-01-01,Obar,0.000734499713871628,0.0007090417202562094,-2.5457993615418673e-05
chukchi,2026-02-01,Obar,8.396901102969423e-05,6.763227429473773e-05,-1.6336736734956503e-05
beaufort,1982-01-01,area_frac,0.0023345414083451033,0.0028387955389916897,0.0005042541306465864
beaufort,1982-02-01,area_frac,0.014544676057994366,0.014935004524886608,0.00039032846689224243
beaufort,1982-04-01,area_frac,0.013604093343019485,0.014141466468572617,0.0005373731255531311
beaufort,1982-05-01,area_frac,0.001319064642302692,0.003993427846580744,0.002674363204278052
beaufort,1983-01-01,area_frac,0.00015072272799443454,0.0001516837946837768,9.610666893422604e-07
beaufort,1983-02-01,area_frac,0.0014196705305948853,0.0023634920362383127,0.0009438215056434274
beaufort,1983-03-01,area_frac,0.0007637034868821502,0.0015365240396931767,0.0007728205528110266
beaufort,1983-05-01,area_frac,0.0008023401023820043,0.0009177833562716842,0.00011544325388967991
beaufort,1983-06-01,area_frac,0.0009208435658365488,0.002039352199062705,0.0011185086332261562
beaufort,1983-12-01,area_frac,0.0009120213217101991,0.0011052264599129558,0.00019320513820275664
beaufort,1984-01-01,area_frac,7.536136399721727e-05,0.0003458485589362681,0.0002704871949390508
beaufort,1984-02-01,area_frac,0.001374859013594687,0.005267334170639515,0.003892475157044828
beaufort,1984-03-01,area_frac,0.002669102977961302,0.00313997408375144,0.00047087110579013824
beaufort,1984-05-01,area_frac,0.0,0.0002318461483810097,0.0002318461483810097
beaufort,1984-06-01,area_frac,0.0,0.0002395743504166603,0.0002395743504166603
beaufort,1985-02-01,area_frac,0.0005550914793275297,0.0014941516565158963,0.0009390601771883667
beaufort,1985-03-01,area_frac,0.0004250512574799359,0.0006950586684979498,0.00027000741101801395
beaufort,1986-02-01,area_frac,0.0026742834597826004,0.0031047433149069548,0.00043045985512435436
beaufort,1986-03-01,area_frac,0.002479842398315668,0.00298217567615211,0.000502333277836442
beaufort,1987-01-01,area_frac,0.0007999403751455247,0.0015722810057923198,0.000772340630646795
beaufort,1987-02-01,area_frac,0.0005989359342493117,0.0007272792863659561,0.00012834335211664438
beaufort,1987-03-01,area_frac,0.0005796154146082699,0.000656897434964776,7.728202035650611e-05
beaufort,1987-12-01,area_frac,0.003600780852138996,0.0,-0.003600780852138996
beaufort,1988-01-01,area_frac,0.0015140464529395103,0.00020038003276567906,-0.0013136664201738313
beaufort,1988-02-01,area_frac,0.0003263442195020616,0.0003671372542157769,4.0793034713715315e-05
beaufort,1988-04-01,area_frac,0.0,0.0002898830862250179,0.0002898830862250179
beaufort,1988-05-01,area_frac,0.0,4.0076003642752767e-05,4.0076003642752767e-05
beaufort,1989-02-01,area_frac,0.0090622054412961,0.01026325672864914,0.0012010512873530388
beaufort,1989-03-01,area_frac,0.012880545109510422,0.012919186614453793,3.864150494337082e-05
beaufort,1989-04-01,area_frac,0.011506516486406326,0.012082334607839584,0.0005758181214332581
beaufort,1989-05-01,area_frac,0.0009602635982446373,0.0021571749821305275,0.0011969113838858902
beaufort,1989-06-01,area_frac,0.0001996452920138836,0.0003992905840277672,0.0001996452920138836
beaufort,1990-02-01,area_frac,0.0,0.0013790552038699389,0.0013790552038699389
beaufort,1990-03-01,area_frac,0.0,0.00015504170733038336,0.00015504170733038336
beaufort,1990-05-01,area_frac,0.0008353876182809472,0.0012318495428189635,0.0003964619245380163
beaufort,1990-06-01,area_frac,0.00016416700964327902,0.00020508539455477148,4.091838491149247e-05
beaufort,1991-02-01,area_frac,8.768223779043183e-05,0.0015323208644986153,0.0014446386267081834
beaufort,1991-03-01,area_frac,0.0005004074773751199,0.0006177678005769849,0.00011736032320186496
beaufort,1991-04-01,area_frac,0.0002365995605941862,0.00027603283524513245,3.943327465094626e-05
beaufort,1992-02-01,area_frac,0.0008897414081729949,0.0018392648780718446,0.0009495234698988497
beaufort,1992-05-01,area_frac,0.0,0.00038641024730168283,0.00038641024730168283
beaufort,1993-01-01,area_frac,0.0016080409986898303,0.0018398872343823314,0.00023184623569250107
beaufort,1993-02-01,area_frac,0.000417178962379694,0.0012490852968767285,0.0008319063344970345
beaufort,1993-05-01,area_frac,0.000891618023160845,0.0009302590624429286,3.864103928208351e-05
beaufort,1993-09-01,area_frac,0.012293964624404907,0.012106751091778278,-0.00018721353262662888
beaufort,1993-12-01,area_frac,0.0003940672322642058,0.00043366567115299404,3.959843888878822e-05
beaufort,1994-01-01,area_frac,0.0017241336172446609,0.003362364135682583,0.001638230518437922
beaufort,1994-02-01,area_frac,0.003111331257969141,0.004789321217685938,0.0016779899597167969
beaufort,1994-03-01,area_frac,0.0034004102926701307,0.003631776664406061,0.00023136637173593044
beaufort,1995-05-01,area_frac,0.0009264242835342884,0.0015833217184990644,0.000656897434964776
beaufort,1995-09-01,area_frac,0.007936527952551842,0.007720374036580324,-0.00021615391597151756
beaufort,1996-02-01,area_frac,0.0,0.0003717532963491976,0.0003717532963491976
beaufort,1996-03-01,area_frac,0.0040870956145226955,0.004281258210539818,0.00019416259601712227
beaufort,1996-04-01,area_frac,0.0007360279560089111,0.0008188516949303448,8.282373892143369e-05
beaufort,1996-05-01,area_frac,0.0003549508983269334,0.0011196081759408116,0.0007646572776138783
beaufort,1996-06-01,area_frac,0.0001212723072967492,0.0004806338401976973,0.0003593615329009481
beaufort,1998-04-01,area_frac,0.0017715136054903269,0.0018922931049019098,0.00012077949941158295
beaufort,1998-05-01,area_frac,0.0014697947772219777,0.002454955829307437,0.0009851610520854592
beaufort,1998-06-01,area_frac,0.0046996548771858215,0.004084428772330284,-0.0006152261048555374
beaufort,1998-07-01,area_frac,0.01419310737401247,0.013964641839265823,-0.00022846553474664688
beaufort,1998-08-01,area_frac,0.0757211372256279,0.07568587362766266,-3.526359796524048e-05
beaufort,1998-09-01,area_frac,0.3332504332065582,0.33291345834732056,-0.0003369748592376709
beaufort,1998-12-01,area_frac,0.003638455644249916,0.004111722111701965,0.00047326646745204926
beaufort,1999-01-01,area_frac,0.0020508437883108854,0.0031743021681904793,0.0011234583798795938
beaufort,2000-12-01,area_frac,0.0006263888208195567,0.0007055856985971332,7.919687777757645e-05
beaufort,2001-01-01,area_frac,0.0,0.00019080609490629286,0.00019080609490629286
beaufort,2001-02-01,area_frac,0.000756774446927011,0.0023999386467039585,0.0016431641997769475
beaufort,2001-04-01,area_frac,0.0,0.00020705936185549945,0.00020705936185549945
beaufort,2001-12-01,area_frac,0.0004651295312214643,0.0005810525617562234,0.00011592303053475916
beaufort,2002-01-01,area_frac,0.002058513928204775,0.004203873686492443,0.0021453597582876682
beaufort,2002-02-01,area_frac,0.0036227726377546787,0.006454944610595703,0.0028321719728410244
beaufort,2002-03-01,area_frac,0.006222883705049753,0.006454729940742254,0.00023184623569250107
beaufort,2002-04-01,area_frac,0.003868300933390856,0.004156213253736496,0.0002879123203456402
beaufort,2002-05-01,area_frac,0.0028823604807257652,0.003671918297186494,0.0007895578164607286
beaufort,2002-06-01,area_frac,0.0001636735105421394,0.00020459188090171665,4.091837035957724e-05
beaufort,2002-12-01,area_frac,0.0013710784260183573,0.0014106768649071455,3.959843888878822e-05
beaufort,2003-01-01,area_frac,0.0019374352414160967,0.002612518845126033,0.0006750836037099361
beaufort,2003-02-01,area_frac,8.449984306935221e-05,0.00016899968613870442,8.449984306935221e-05
beaufort,2003-04-01,area_frac,0.0018811007030308247,0.0019639269448816776,8.282624185085297e-05
beaufort,2003-05-01,area_frac,0.0032496522180736065,0.0037582048680633307,0.0005085526499897242
beaufort,2003-12-01,area_frac,0.004602701868861914,0.004997727926820517,0.0003950260579586029
beaufort,2004-01-01,area_frac,0.002548352349549532,0.003362206509336829,0.0008138541597872972
beaufort,2004-02-01,area_frac,0.0002013967459788546,0.0010275152744725347,0.0008261185284936801
beaufort,2004-03-01,area_frac,0.0021664134692400694,0.002514182822778821,0.0003477693535387516
beaufort,2004-04-01,area_frac,0.0017126266611739993,0.00200053583830595,0.00028790917713195086
beaufort,2004-06-01,area_frac,0.0010287300683557987,0.0010686591267585754,3.992905840277672e-05
beaufort,2007-08-01,area_frac,0.21414807438850403,0.2141128033399582,-3.52710485458374e-05
beaufort,2008-06-01,area_frac,0.004697470925748348,0.003938155714422464,-0.0007593152113258839
beaufort,2008-07-01,area_frac,0.1763099581003189,0.16803298890590668,-0.008276969194412231
beaufort,2008-08-01,area_frac,0.17051097750663757,0.1701478213071823,-0.00036315619945526123
beaufort,2008-09-01,area_frac,0.10378290712833405,0.1034061461687088,-0.00037676095962524414
beaufort,2009-05-01,area_frac,0.0015408393228426576,0.00045889057219028473,-0.0010819487506523728
beaufort,2010-08-01,area_frac,0.05772813409566879,0.05754454433917999,-0.00018358975648880005
beaufort,2011-09-01,area_frac,0.26609256863594055,0.26592037081718445,-0.00017219781875610352
beaufort,2012-08-01,area_frac,0.14441338181495667,0.14423945546150208,-0.00017392635345458984
beaufort,2012-09-01,area_frac,0.404806911945343,0.40415751934051514,-0.0006493926048278809
beaufort,2014-08-01,area_frac,0.02838164195418358,0.02834540791809559,-3.623403608798981e-05
beaufort,2014-09-01,area_frac,0.013312455266714096,0.013200626708567142,-0.00011182855814695358
beaufort,2016-04-01,area_frac,0.08534073829650879,0.0,-0.08534073829650879
beaufort,2016-05-01,area_frac,0.014062043279409409,0.0007547580753453076,-0.013307285204064101
beaufort,2016-06-01,area_frac,0.021102190017700195,0.006289574783295393,-0.014812615234404802
beaufort,2017-01-01,area_frac,0.12423603981733322,0.0,-0.12423603981733322
beaufort,2017-02-01,area_frac,0.25582370162010193,0.0,-0.25582370162010193
beaufort,2017-07-01,area_frac,0.015664324164390564,0.015180732123553753,-0.00048359204083681107
beaufort,2017-08-01,area_frac,0.20897634327411652,0.20862272381782532,-0.00035361945629119873
beaufort,2019-06-01,area_frac,0.008581227622926235,0.004977792035788298,-0.0036034355871379375
beaufort,2019-07-01,area_frac,0.11560232937335968,0.11520232260227203,-0.0004000067710876465
beaufort,2019-08-01,area_frac,0.1250612884759903,0.12486426532268524,-0.0001970231533050537
beaufort,2019-09-01,area_frac,0.23522819578647614,0.2350246012210846,-0.00020359456539154053
beaufort,2023-08-01,area_frac,0.303167462348938,0.30312883853912354,-3.8623809814453125e-05
beaufort,2024-04-01,area_frac,0.03354022651910782,0.0,-0.03354022651910782
beaufort,1982-01-01,Ibar,0.04699202626943588,0.048035357147455215,0.0010433308780193329
beaufort,1982-02-01,Ibar,0.14318738877773285,0.14821277558803558,0.005025386810302734
beaufort,1982-03-01,Ibar,0.13667593896389008,0.1384296715259552,0.0017537325620651245
beaufort,1982-04-01,Ibar,0.29574865102767944,0.2956323027610779,-0.0001163482666015625
beaufort,1982-05-01,Ibar,0.24396206438541412,0.37492600083351135,0.13096393644809723
beaufort,1983-01-01,Ibar,0.006027187220752239,0.002939169993624091,-0.003088017227128148
beaufort,1983-02-01,Ibar,0.056339919567108154,0.053318899124860764,-0.0030210204422473907
beaufort,1983-03-01,Ibar,0.03259143605828285,0.03154182806611061,-0.0010496079921722412
beaufort,1983-04-01,Ibar,0.17093218863010406,0.17198115587234497,0.0010489672422409058
beaufort,1983-05-01,Ibar,0.13865439593791962,0.1346517950296402,-0.004002600908279419
beaufort,1983-06-01,Ibar,0.25618496537208557,0.32895320653915405,0.07276824116706848
beaufort,1983-12-01,Ibar,0.04859152436256409,0.046735797077417374,-0.0018557272851467133
beaufort,1984-01-01,Ibar,0.004456231836229563,0.009242462925612926,0.004786231089383364
beaufort,1984-02-01,Ibar,0.012758216820657253,0.044929612427949905,0.03217139560729265
beaufort,1984-03-01,Ibar,0.04514256864786148,0.0468498170375824,0.0017072483897209167
beaufort,1984-05-01,Ibar,0.0,0.1268034428358078,0.1268034428358078
beaufort,1984-06-01,Ibar,0.0,0.21767954528331757,0.21767954528331757
beaufort,1984-12-01,Ibar,0.016497518867254257,0.01671511121094227,0.00021759234368801117
beaufort,1985-01-01,Ibar,0.010323435999453068,0.010391627438366413,6.819143891334534e-05
beaufort,1985-02-01,Ibar,0.012615836225450039,0.016231942921876907,0.0036161066964268684
beaufort,1985-03-01,Ibar,0.007092099171131849,0.007912215776741505,0.0008201166056096554
beaufort,1985-11-01,Ibar,0.045001640915870667,0.04501171410083771,1.0073184967041016e-05
beaufort,1985-12-01,Ibar,0.006389312911778688,0.006393657997250557,4.345085471868515e-06
beaufort,1986-02-01,Ibar,0.03861045464873314,0.0421048179268837,0.0034943632781505585
beaufort,1986-03-01,Ibar,0.030798859894275665,0.029823653399944305,-0.0009752064943313599
beaufort,1986-04-01,Ibar,0.025624293833971024,0.02575581520795822,0.00013152137398719788
beaufort,1986-12-01,Ibar,0.012835683301091194,0.012909775599837303,7.409229874610901e-05
beaufort,1987-01-01,Ibar,0.02083449997007847,0.022659294307231903,0.0018247943371534348
beaufort,1987-02-01,Ibar,0.007839127443730831,0.010943293571472168,0.003104166127741337
beaufort,1987-03-01,Ibar,0.007586791180074215,0.008955123834311962,0.0013683326542377472
beaufort,1987-08-01,Ibar,3.0862960815429688,3.0855910778045654,-0.0007050037384033203
beaufort,1987-09-01,Ibar,1.436449408531189,1.4362266063690186,-0.00022280216217041016
beaufort,1987-12-01,Ibar,0.0019812018144875765,0.0,-0.0019812018144875765
beaufort,1988-01-01,Ibar,0.014747022651135921,0.034547120332717896,0.019800097681581974
beaufort,1988-02-01,Ibar,0.013440452516078949,0.015667084604501724,0.0022266320884227753
beaufort,1988-04-01,Ibar,0.0,0.08807233721017838,0.08807233721017838
beaufort,1988-05-01,Ibar,0.0,0.007029398810118437,0.007029398810118437
beaufort,1989-02-01,Ibar,0.11989706754684448,0.10629896074533463,-0.013598106801509857
beaufort,1989-03-01,Ibar,0.1475539356470108,0.14902761578559875,0.0014736801385879517
beaufort,1989-04-01,Ibar,0.3556808829307556,0.3464280664920807,-0.009252816438674927
beaufort,1989-05-01,Ibar,0.2690947651863098,0.33523473143577576,0.06613996624946594
beaufort,1989-06-01,Ibar,0.12721529603004456,0.12147445976734161,-0.005740836262702942
beaufort,1990-02-01,Ibar,0.0,0.016719752922654152,0.016719752922654152
beaufort,1990-03-01,Ibar,0.0,0.0010315185645595193,0.0010315185645595193
beaufort,1990-05-01,Ibar,0.3879096806049347,0.5448281168937683,0.15691843628883362
beaufort,1990-06-01,Ibar,0.1094236820936203,0.11468356102705002,0.005259878933429718
beaufort,1991-02-01,Ibar,0.004133603535592556,0.042650800198316574,0.03851719666272402
beaufort,1991-03-01,Ibar,0.02078278176486492,0.021019896492362022,0.00023711472749710083
beaufort,1991-04-01,Ibar,0.030229199677705765,0.03636186942458153,0.006132669746875763
beaufort,1992-01-01,Ibar,0.022028911858797073,0.02242995798587799,0.00040104612708091736
beaufort,1992-02-01,Ibar,0.03243282809853554,0.025957945734262466,-0.006474882364273071
beaufort,1992-05-01,Ibar,0.0,0.13098156452178955,0.13098156452178955
beaufort,1993-01-01,Ibar,0.03797708451747894,0.04156510531902313,0.0035880208015441895
beaufort,1993-02-01,Ibar,0.01910516619682312,0.032810505479574203,0.013705339282751083
beaufort,1993-05-01,Ibar,0.17151446640491486,0.17355617880821228,0.0020417124032974243
beaufort,1993-06-01,Ibar,0.3336799442768097,0.33162954449653625,-0.0020503997802734375
beaufort,1993-07-01,Ibar,2.5873141288757324,2.58717942237854,-0.0001347064971923828
beaufort,1993-09-01,Ibar,1.633968472480774,1.6342334747314453,0.0002650022506713867
beaufort,1993-12-01,Ibar,0.011219835840165615,0.014771480113267899,0.0035516442731022835
beaufort,1994-01-01,Ibar,0.044449519366025925,0.07454525679349899,0.030095737427473068
beaufort,1994-02-01,Ibar,0.07852132618427277,0.07414787262678146,-0.0043734535574913025
beaufort,1994-03-01,Ibar,0.07554125785827637,0.07524043321609497,-0.0003008246421813965
beaufort,1994-04-01,Ibar,0.06289456784725189,0.06323441118001938,0.00033984333276748657
beaufort,1995-02-01,Ibar,0.010676524601876736,0.010878869332373142,0.00020234473049640656
beaufort,1995-04-01,Ibar,0.04671516269445419,0.046728212386369705,1.3049691915512085e-05
beaufort,1995-05-01,Ibar,0.12630078196525574,0.18902668356895447,0.06272590160369873
beaufort,1995-08-01,Ibar,0.7850719690322876,0.7848060131072998,-0.00026595592498779297
beaufort,1995-09-01,Ibar,1.7243773937225342,1.7255752086639404,0.00119781494140625
beaufort,1996-02-01,Ibar,0.0,0.006641014013439417,0.006641014013439417
beaufort,1996-03-01,Ibar,0.09855791926383972,0.09938772022724152,0.0008298009634017944
beaufort,1996-04-01,Ibar,0.041889436542987823,0.05163488909602165,0.009745452553033829
beaufort,1996-05-01,Ibar,0.19504806399345398,0.24851512908935547,0.05346706509590149
beaufort,1996-06-01,Ibar,0.08736748993396759,0.09400152415037155,0.006634034216403961
beaufort,1997-04-01,Ibar,0.029014952480793,0.029098136350512505,8.318386971950531e-05
beaufort,1998-03-01,Ibar,0.0502510741353035,0.05025589093565941,4.816800355911255e-06
beaufort,1998-04-01,Ibar,0.2829279899597168,0.2825978696346283,-0.000330120325088501
beaufort,1998-05-01,Ibar,0.22333593666553497,0.24067580699920654,0.01733987033367157
beaufort,1998-06-01,Ibar,1.1471372842788696,1.3041092157363892,0.15697193145751953
beaufort,1998-07-01,Ibar,2.4181039333343506,2.438352346420288,0.0202484130859375
beaufort,1998-08-01,Ibar,3.2556142807006836,3.250494956970215,-0.00511932373046875
beaufort,1998-09-01,Ibar,2.9681975841522217,2.966102123260498,-0.002095460891723633
beaufort,1998-12-01,Ibar,0.061536889523267746,0.0601985789835453,-0.0013383105397224426
beaufort,1999-01-01,Ibar,0.028031544759869576,0.04523927718400955,0.017207732424139977
beaufort,2000-03-01,Ibar,0.021160699427127838,0.02123522013425827,7.452070713043213e-05
beaufort,2000-12-01,Ibar,0.03307042643427849,0.03770583122968674,0.004635404795408249
beaufort,2001-01-01,Ibar,0.0,0.00661182776093483,0.00661182776093483
beaufort,2001-02-01,Ibar,0.024749193340539932,0.02317035384476185,-0.0015788394957780838
beaufort,2001-04-01,Ibar,0.0,0.05760079249739647,0.05760079249739647
beaufort,2001-12-01,Ibar,0.013204646296799183,0.015774456784129143,0.00256981048732996
beaufort,2002-01-01,Ibar,0.08899413049221039,0.1053822785615921,0.016388148069381714
beaufort,2002-02-01,Ibar,0.08763867616653442,0.08453676849603653,-0.0031019076704978943
beaufort,2002-03-01,Ibar,0.10265178233385086,0.1044214516878128,0.0017696693539619446
beaufort,2002-04-01,Ibar,0.17965830862522125,0.17435647547245026,-0.005301833152770996
beaufort,2002-05-01,Ibar,0.5011204481124878,0.5199863314628601,0.018865883350372314
beaufort,2002-06-01,Ibar,0.10496346652507782,0.16471394896507263,0.05975048243999481
beaufort,2002-11-01,Ibar,0.08432469516992569,0.08433908969163895,1.4394521713256836e-05
beaufort,2002-12-01,Ibar,0.08157332241535187,0.08664612472057343,0.005072802305221558
beaufort,2003-01-01,Ibar,0.07772140949964523,0.09954916685819626,0.021827757358551025
beaufort,2003-02-01,Ibar,0.003449133364483714,0.006644904613494873,0.003195771249011159
beaufort,2003-04-01,Ibar,0.1354311853647232,0.1358189880847931,0.00038780272006988525
beaufort,2003-05-01,Ibar,0.33755993843078613,0.3250596523284912,-0.012500286102294922
beaufort,2003-11-01,Ibar,0.2967657446861267,0.29677754640579224,1.1801719665527344e-05
beaufort,2003-12-01,Ibar,0.09357129782438278,0.0972900241613388,0.003718726336956024
beaufort,2004-01-01,Ibar,0.047003164887428284,0.06184406206011772,0.014840897172689438
beaufort,2004-02-01,Ibar,0.011418227106332779,0.018026310950517654,0.0066080838441848755
beaufort,2004-03-01,Ibar,0.052822936326265335,0.06950061023235321,0.016677673906087875
beaufort,2004-04-01,Ibar,0.09424665570259094,0.11515374481678009,0.020907089114189148
beaufort,2004-06-01,Ibar,0.29025107622146606,0.29883918166160583,0.00858810544013977
beaufort,2004-11-01,Ibar,0.16717199981212616,0.16720104217529297,2.9042363166809082e-05
beaufort,2004-12-01,Ibar,0.05786670744419098,0.058315470814704895,0.000448763370513916
beaufort,2007-06-01,Ibar,0.9793397784233093,0.9840785264968872,0.004738748073577881
beaufort,2007-07-01,Ibar,2.6566007137298584,2.657982587814331,0.0013818740844726562
beaufort,2007-08-01,Ibar,3.526024103164673,3.5257527828216553,-0.0002713203430175781
beaufort,2007-09-01,Ibar,3.4118216037750244,3.411663055419922,-0.00015854835510253906
beaufort,2008-06-01,Ibar,0.6560445427894592,0.6351080536842346,-0.02093648910522461
beaufort,2008-07-01,Ibar,2.790663242340088,2.7722299098968506,-0.018433332443237305
beaufort,2008-08-01,Ibar,2.3821136951446533,2.378718376159668,-0.0033953189849853516
beaufort,2008-09-01,Ibar,2.3495407104492188,2.349386692047119,-0.00015401840209960938
beaufort,2009-05-01,Ibar,0.41566476225852966,0.45350393652915955,0.03783917427062988
beaufort,2009-09-01,Ibar,2.0110435485839844,2.0110387802124023,-4.76837158203125e-06
beaufort,2010-08-01,Ibar,3.441591739654541,3.4402005672454834,-0.0013911724090576172
beaufort,2010-09-01,Ibar,2.3666319847106934,2.3643898963928223,-0.0022420883178710938
beaufort,2011-08-01,Ibar,3.5071139335632324,3.505105495452881,-0.0020084381103515625
beaufort,2011-09-01,Ibar,2.8099522590637207,2.808558940887451,-0.0013933181762695312
beaufort,2012-07-01,Ibar,2.644876718521118,2.629000663757324,-0.015876054763793945
beaufort,2012-08-01,Ibar,3.263709545135498,3.262702465057373,-0.001007080078125
beaufort,2012-09-01,Ibar,3.0923383235931396,3.0913946628570557,-0.0009436607360839844
beaufort,2013-08-01,Ibar,2.927232265472412,2.9272236824035645,-8.58306884765625e-06
beaufort,2014-07-01,Ibar,1.1745126247406006,1.1744905710220337,-2.205371856689453e-05
beaufort,2014-08-01,Ibar,1.7213178873062134,1.718971610069275,-0.0023462772369384766
beaufort,2014-09-01,Ibar,0.5280117392539978,0.5267196297645569,-0.001292109489440918
beaufort,2016-04-01,Ibar,0.020014172419905663,0.0,-0.020014172419905663
beaufort,2016-05-01,Ibar,1.5570570230484009,0.8984819650650024,-0.6585750579833984
beaufort,2016-06-01,Ibar,2.0219571590423584,2.6078805923461914,0.585923433303833
beaufort,2016-07-01,Ibar,2.4425487518310547,2.4418134689331055,-0.0007352828979492188
beaufort,2016-08-01,Ibar,1.7359344959259033,1.7358349561691284,-9.953975677490234e-05
beaufort,2016-09-01,Ibar,1.7461904287338257,1.7459608316421509,-0.0002295970916748047
beaufort,2017-01-01,Ibar,0.02020362950861454,0.0,-0.02020362950861454
beaufort,2017-02-01,Ibar,0.09857399761676788,0.0,-0.09857399761676788
beaufort,2017-06-01,Ibar,0.46420904994010925,0.45098546147346497,-0.013223588466644287
beaufort,2017-07-01,Ibar,2.9095346927642822,2.743377208709717,-0.16615748405456543
beaufort,2017-08-01,Ibar,3.200531005859375,3.200411796569824,-0.00011920928955078125
beaufort,2017-09-01,Ibar,2.3765194416046143,2.376263380050659,-0.0002560615539550781
beaufort,2019-06-01,Ibar,0.8335465788841248,0.874433159828186,0.04088658094406128
beaufort,2019-07-01,Ibar,3.4029433727264404,3.3875648975372314,-0.015378475189208984
beaufort,2019-08-01,Ibar,3.809568405151367,3.8107359409332275,0.0011675357818603516
beaufort,2019-09-01,Ibar,3.4888436794281006,3.4899611473083496,0.0011174678802490234
beaufort,2020-08-01,Ibar,3.696774482727051,3.696747303009033,-2.7179718017578125e-05
beaufort,2021-09-01,Ibar,1.6676048040390015,1.6676017045974731,-3.0994415283203125e-06
beaufort,2023-07-01,Ibar,3.4676694869995117,3.467609167098999,-6.031990051269531e-05
beaufort,2023-08-01,Ibar,4.173486232757568,4.171846866607666,-0.0016393661499023438
beaufort,2023-09-01,Ibar,2.423902750015259,2.423872232437134,-3.0517578125e-05
beaufort,2024-04-01,Ibar,0.03775009140372276,0.0,-0.03775009140372276
beaufort,2024-09-01,Ibar,2.2665822505950928,2.2665677070617676,-1.4543533325195312e-05
beaufort,2025-03-01,Ibar,0.20687521994113922,0.20690234005451202,2.7120113372802734e-05
beaufort,2025-04-01,Ibar,0.2808050513267517,0.281431645154953,0.0006265938282012939
beaufort,2025-11-01,Ibar,0.5644495487213135,0.5644544363021851,4.887580871582031e-06
beaufort,2025-12-01,Ibar,0.32331493496894836,0.3242707848548889,0.0009558498859405518
beaufort,2026-01-01,Ibar,0.3351920247077942,0.3403695225715637,0.005177497863769531
beaufort,2026-02-01,Ibar,0.3690646290779114,0.37317660450935364,0.004111975431442261
beaufort,2026-03-01,Ibar,0.3933779299259186,0.393935889005661,0.0005579590797424316
beaufort,2026-04-01,Ibar,0.2794717252254486,0.2800983190536499,0.0006265938282012939
beaufort,1982-01-01,Dbar,3.6338043212890625,4.1108574867248535,0.477053165435791
beaufort,1982-02-01,Dbar,17.237226486206055,18.626829147338867,1.3896026611328125
beaufort,1982-03-01,Dbar,45.227455139160156,46.93498611450195,1.7075309753417969
beaufort,1982-04-01,Dbar,63.88346862792969,65.78887176513672,1.9054031372070312
beaufort,1982-05-01,Dbar,1.652208924293518,11.404012680053711,9.751803755760193
beaufort,1983-01-01,Dbar,0.32258063554763794,0.09677419066429138,-0.22580644488334656
beaufort,1983-02-01,Dbar,3.3535022735595703,3.593224287033081,0.23972201347351074
beaufort,1983-03-01,Dbar,3.988532304763794,3.4953842163085938,-0.4931480884552002
beaufort,1983-05-01,Dbar,2.348785400390625,2.373105525970459,0.024320125579833984
beaufort,1983-06-01,Dbar,0.699999988079071,1.5,0.800000011920929
beaufort,1983-12-01,Dbar,2.313309907913208,2.2463276386260986,-0.06698226928710938
beaufort,1984-01-01,Dbar,0.9354838728904724,1.0860215425491333,0.1505376696586609
beaufort,1984-02-01,Dbar,1.1907395124435425,12.886672019958496,11.695932507514954
beaufort,1984-03-01,Dbar,7.9767069816589355,16.49342918395996,8.516722202301025
beaufort,1984-05-01,Dbar,0.0,0.6774193644523621,0.6774193644523621
beaufort,1984-06-01,Dbar,0.0,0.699999988079071,0.699999988079071
beaufort,1985-02-01,Dbar,1.5,1.966287612915039,0.46628761291503906
beaufort,1985-03-01,Dbar,1.9354838132858276,2.5649678707122803,0.6294840574264526
beaufort,1986-02-01,Dbar,3.582663059234619,3.779496431350708,0.19683337211608887
beaufort,1986-03-01,Dbar,7.960051536560059,7.443788528442383,-0.5162630081176758
beaufort,1987-01-01,Dbar,1.27977454662323,1.353386640548706,0.07361209392547607
beaufort,1987-02-01,Dbar,0.4880952537059784,0.6904762387275696,0.2023809850215912
beaufort,1987-03-01,Dbar,1.6021504402160645,1.784946322441101,0.18279588222503662
beaufort,1987-12-01,Dbar,1.3667680025100708,0.0,-1.3667680025100708
beaufort,1988-01-01,Dbar,2.304858446121216,0.4838709533214569,-1.820987492799759
beaufort,1988-02-01,Dbar,1.2413792610168457,1.5517241954803467,0.310344934463501
beaufort,1988-04-01,Dbar,0.0,0.9333333373069763,0.9333333373069763
beaufort,1988-05-01,Dbar,0.0,0.25806450843811035,0.25806450843811035
beaufort,1989-02-01,Dbar,6.710089683532715,7.8483099937438965,1.1382203102111816
beaufort,1989-03-01,Dbar,25.559885025024414,26.721426010131836,1.1615409851074219
beaufort,1989-04-01,Dbar,47.32478713989258,46.85716247558594,-0.4676246643066406
beaufort,1989-05-01,Dbar,18.462364196777344,32.41103744506836,13.948673248291016
beaufort,1990-02-01,Dbar,0.0,2.3819193840026855,2.3819193840026855
beaufort,1990-03-01,Dbar,0.0,0.2914179563522339,0.2914179563522339
beaufort,1990-05-01,Dbar,0.9524845480918884,1.8442914485931396,0.8918069005012512
beaufort,1990-06-01,Dbar,0.5334668755531311,0.6445333957672119,0.11106652021408081
beaufort,1991-02-01,Dbar,0.1071428582072258,5.041356563568115,4.934213705360889
beaufort,1991-03-01,Dbar,2.161290407180786,2.9876933097839355,0.8264029026031494
beaufort,1991-04-01,Dbar,0.699999988079071,0.9333333373069763,0.23333334922790527
beaufort,1992-02-01,Dbar,3.287750482559204,3.0123884677886963,-0.2753620147705078
beaufort,1992-05-01,Dbar,0.0,0.4838709533214569,0.4838709533214569
beaufort,1993-01-01,Dbar,1.4963685274124146,1.9074890613555908,0.41112053394317627
beaufort,1993-02-01,Dbar,1.0714285373687744,3.3794729709625244,2.30804443359375
beaufort,1993-05-01,Dbar,0.6372213959693909,0.6774193644523621,0.04019796848297119
beaufort,1993-09-01,Dbar,5.937345027923584,5.966875076293945,0.029530048370361328
beaufort,1993-12-01,Dbar,0.07851754128932953,0.12613371014595032,0.04761616885662079
beaufort,1994-01-01,Dbar,1.5080780982971191,2.6386940479278564,1.1306159496307373
beaufort,1994-02-01,Dbar,7.358810901641846,7.464537143707275,0.10572624206542969
beaufort,1994-03-01,Dbar,28.376344680786133,35.645362854003906,7.269018173217773
beaufort,1994-04-01,Dbar,22.788888931274414,27.155555725097656,4.366666793823242
beaufort,1995-05-01,Dbar,2.120917320251465,2.3601648807525635,0.23924756050109863
beaufort,1995-09-01,Dbar,7.661355972290039,7.659510135650635,-0.0018458366394042969
beaufort,1996-02-01,Dbar,0.0,0.4482758641242981,0.4482758641242981
beaufort,1996-03-01,Dbar,7.048330783843994,7.372586727142334,0.32425594329833984
beaufort,1996-04-01,Dbar,7.201807022094727,9.648279190063477,2.44647216796875
beaufort,1996-05-01,Dbar,0.8709677457809448,1.2051942348480225,0.33422648906707764
beaufort,1996-06-01,Dbar,0.5,0.4252317547798157,-0.07476824522018433
beaufort,1998-04-01,Dbar,18.706331253051758,18.372194290161133,-0.334136962890625
beaufort,1998-05-01,Dbar,0.6535261869430542,0.8576763272285461,0.20415014028549194
beaufort,1998-06-01,Dbar,2.2464537620544434,2.523559808731079,0.27710604667663574
beaufort,1998-07-01,Dbar,4.6195597648620605,4.655170917510986,0.03561115264892578
beaufort,1998-08-01,Dbar,4.912552356719971,4.912128925323486,-0.000423431396484375
beaufort,1998-09-01,Dbar,11.691031455993652,11.7054443359375,0.014412879943847656
beaufort,1998-12-01,Dbar,2.7056357860565186,2.4754230976104736,-0.23021268844604492
beaufort,1999-01-01,Dbar,2.593618154525757,3.6214635372161865,1.0278453826904297
beaufort,2000-12-01,Dbar,0.5705508589744568,0.8507791757583618,0.28022831678390503
beaufort,2001-01-01,Dbar,0.0,0.4838709533214569,0.4838709533214569
beaufort,2001-02-01,Dbar,1.9845188856124878,1.8370075225830078,-0.14751136302947998
beaufort,2001-04-01,Dbar,0.0,0.5,0.5
beaufort,2001-12-01,Dbar,0.19354838132858276,0.2981628179550171,0.10461443662643433
beaufort,2002-01-01,Dbar,4.161555767059326,13.4251127243042,9.263556957244873
beaufort,2002-02-01,Dbar,12.299407958984375,22.287799835205078,9.988391876220703
beaufort,2002-03-01,Dbar,22.62863540649414,34.557777404785156,11.929141998291016
beaufort,2002-04-01,Dbar,7.437048435211182,8.287850379943848,0.850801944732666
beaufort,2002-05-01,Dbar,2.844431161880493,3.5513815879821777,0.7069504261016846
beaufort,2002-06-01,Dbar,0.5,1.0666667222976685,0.5666667222976685
beaufort,2002-12-01,Dbar,2.7400922775268555,3.0304150581359863,0.29032278060913086
beaufort,2003-01-01,Dbar,2.523501396179199,5.007823944091797,2.4843225479125977
beaufort,2003-02-01,Dbar,0.4642857015132904,1.0714285373687744,0.607142835855484
beaufort,2003-04-01,Dbar,0.959392249584198,0.9688164591789246,0.009424209594726562
beaufort,2003-05-01,Dbar,8.859334945678711,8.731731414794922,-0.12760353088378906
beaufort,2003-12-01,Dbar,3.42781662940979,3.5155587196350098,0.08774209022521973
beaufort,2004-01-01,Dbar,2.453056573867798,4.5312933921813965,2.0782368183135986
beaufort,2004-02-01,Dbar,0.517241358757019,1.1629812717437744,0.6457399129867554
beaufort,2004-03-01,Dbar,1.549586296081543,3.001199245452881,1.451612949371338
beaufort,2004-04-01,Dbar,2.8672642707824707,4.0456461906433105,1.1783819198608398
beaufort,2004-06-01,Dbar,0.9998957514762878,1.0671542882919312,0.06725853681564331
beaufort,2007-08-01,Dbar,7.994802951812744,7.994917392730713,0.00011444091796875
beaufort,2008-06-01,Dbar,0.4566417932510376,0.4248904287815094,-0.0317513644695282
beaufort,2008-07-01,Dbar,5.17769718170166,5.0573577880859375,-0.12033939361572266
beaufort,2008-08-01,Dbar,5.2547688484191895,5.248211860656738,-0.006556987762451172
beaufort,2008-09-01,Dbar,10.178706169128418,10.156198501586914,-0.022507667541503906
beaufort,2009-05-01,Dbar,1.0508061647415161,0.9991881847381592,-0.051617980003356934
beaufort,2010-08-01,Dbar,7.557589054107666,7.560006618499756,0.0024175643920898438
beaufort,2011-09-01,Dbar,9.102972030639648,9.104168891906738,0.0011968612670898438
beaufort,2012-08-01,Dbar,6.871941566467285,6.872575283050537,0.0006337165832519531
beaufort,2012-09-01,Dbar,12.191214561462402,12.154614448547363,-0.03660011291503906
beaufort,2012-10-01,Dbar,31.025171279907227,30.916757583618164,-0.1084136962890625
beaufort,2014-08-01,Dbar,1.6010414361953735,1.6011366844177246,9.524822235107422e-05
beaufort,2014-09-01,Dbar,1.6638376712799072,1.6760656833648682,0.012228012084960938
beaufort,2016-04-01,Dbar,2.3821516036987305,0.0,-2.3821516036987305
beaufort,2016-05-01,Dbar,13.569210052490234,0.7948378324508667,-12.774372220039368
beaufort,2016-06-01,Dbar,12.163613319396973,4.521904468536377,-7.641708850860596
beaufort,2016-07-01,Dbar,6.242609024047852,5.924893856048584,-0.3177151679992676
beaufort,2017-01-01,Dbar,5.6118669509887695,0.0,-5.6118669509887695
beaufort,2017-02-01,Dbar,9.63885498046875,0.0,-9.63885498046875
beaufort,2017-07-01,Dbar,3.1084234714508057,2.5800652503967285,-0.5283582210540771
beaufort,2017-08-01,Dbar,7.759149551391602,7.759819984436035,0.0006704330444335938
beaufort,2019-06-01,Dbar,1.1982877254486084,1.2311772108078003,0.032889485359191895
beaufort,2019-07-01,Dbar,5.062252998352051,5.0660719871521,0.003818988800048828
beaufort,2019-08-01,Dbar,14.683050155639648,14.697702407836914,0.014652252197265625
beaufort,2019-09-01,Dbar,20.244775772094727,20.257225036621094,0.012449264526367188
beaufort,2023-08-01,Dbar,16.337940216064453,16.337871551513672,-6.866455078125e-05
beaufort,2024-04-01,Dbar,0.5,0.0,-0.5
beaufort,1982-01-01,Cbar,0.2791613042354584,0.3246973156929016,0.04553601145744324
beaufort,1982-02-01,Cbar,2.245405435562134,2.4559953212738037,0.21058988571166992
beaufort,1982-03-01,Cbar,6.130977630615234,6.515171527862549,0.38419389724731445
beaufort,1982-04-01,Cbar,10.680054664611816,11.096254348754883,0.4161996841430664
beaufort,1982-05-01,Cbar,1.1553494930267334,3.376858711242676,2.2215092182159424
beaufort,1983-01-01,Cbar,0.014520760625600815,0.004324313253164291,-0.010196447372436523
beaufort,1983-02-01,Cbar,0.33296146988868713,0.3152005970478058,-0.017760872840881348
beaufort,1983-03-01,Cbar,0.2154453694820404,0.18603426218032837,-0.029411107301712036
beaufort,1983-04-01,Cbar,0.6102283596992493,0.6128895878791809,0.0026612281799316406
beaufort,1983-05-01,Cbar,1.8983720541000366,1.8687385320663452,-0.029633522033691406
beaufort,1983-06-01,Cbar,0.9426091909408569,1.8952151536941528,0.9526059627532959
beaufort,1983-12-01,Cbar,0.29745376110076904,0.2853497564792633,-0.012104004621505737
beaufort,1984-01-01,Cbar,0.12068342417478561,0.128385990858078,0.007702566683292389
beaufort,1984-02-01,Cbar,0.042483482509851456,0.60391765832901,0.5614341758191586
beaufort,1984-03-01,Cbar,0.40709903836250305,0.8441985845565796,0.43709954619407654
beaufort,1984-05-01,Cbar,0.0,0.45299190282821655,0.45299190282821655
beaufort,1984-06-01,Cbar,0.0,0.8396011590957642,0.8396011590957642
beaufort,1984-12-01,Cbar,0.04979865252971649,0.05044517293572426,0.0006465204060077667
beaufort,1985-01-01,Cbar,0.029872940853238106,0.03007625788450241,0.00020331703126430511
beaufort,1985-02-01,Cbar,0.05646940693259239,0.08318278938531876,0.026713382452726364
beaufort,1985-03-01,Cbar,0.06992015987634659,0.10740860551595688,0.03748844563961029
beaufort,1985-11-01,Cbar,0.13350050151348114,0.13351565599441528,1.5154480934143066e-05
beaufort,1985-12-01,Cbar,0.05634944885969162,0.05635865032672882,9.201467037200928e-06
beaufort,1986-02-01,Cbar,0.2633858323097229,0.29406270384788513,0.03067687153816223
beaufort,1986-03-01,Cbar,0.5728814005851746,0.5681281685829163,-0.004753232002258301
beaufort,1986-04-01,Cbar,0.11158081144094467,0.11203330010175705,0.00045248866081237793
beaufort,1986-12-01,Cbar,0.03981787711381912,0.040039386600255966,0.00022150948643684387
beaufort,1987-01-01,Cbar,0.09669473022222519,0.10109200328588486,0.004397273063659668
beaufort,1987-02-01,Cbar,0.020224299281835556,0.03265037015080452,0.012426070868968964
beaufort,1987-03-01,Cbar,0.07283030450344086,0.09362250566482544,0.020792201161384583
beaufort,1987-08-01,Cbar,18.735658645629883,18.733158111572266,-0.0025005340576171875
beaufort,1987-09-01,Cbar,11.858887672424316,11.85726261138916,-0.00162506103515625
beaufort,1987-12-01,Cbar,0.009871303103864193,0.0,-0.009871303103864193
beaufort,1988-01-01,Cbar,0.06112198531627655,0.1016978919506073,0.04057590663433075
beaufort,1988-02-01,Cbar,0.06196258217096329,0.0786079540848732,0.016645371913909912
beaufort,1988-04-01,Cbar,0.0,0.3948928117752075,0.3948928117752075
beaufort,1988-05-01,Cbar,0.0,0.0922606959939003,0.0922606959939003
beaufort,1989-02-01,Cbar,0.8261571526527405,0.8200701475143433,-0.006087005138397217
beaufort,1989-03-01,Cbar,3.4440739154815674,3.6220571994781494,0.17798328399658203
beaufort,1989-04-01,Cbar,11.042333602905273,10.592680931091309,-0.44965267181396484
beaufort,1989-05-01,Cbar,5.807525634765625,10.136746406555176,4.329220771789551
beaufort,1989-06-01,Cbar,0.3762941062450409,0.35976442694664,-0.01652967929840088
beaufort,1990-02-01,Cbar,0.0,0.08022425323724747,0.08022425323724747
beaufort,1990-03-01,Cbar,0.0,0.009578370489180088,0.009578370489180088
beaufort,1990-05-01,Cbar,1.4220280647277832,2.234858751296997,0.8128306865692139
beaufort,1990-06-01,Cbar,0.8298343420028687,1.0074125528335571,0.17757821083068848
beaufort,1991-02-01,Cbar,0.006188950501382351,0.33104366064071655,0.3248547101393342
beaufort,1991-03-01,Cbar,0.1060764417052269,0.16258370876312256,0.05650726705789566
beaufort,1991-04-01,Cbar,0.10110507160425186,0.13863374292850494,0.03752867132425308
beaufort,1992-01-01,Cbar,0.07253298908472061,0.07384945452213287,0.001316465437412262
beaufort,1992-02-01,Cbar,0.21688267588615417,0.15901750326156616,-0.05786517262458801
beaufort,1992-05-01,Cbar,0.0,0.3491353988647461,0.3491353988647461
beaufort,1993-01-01,Cbar,0.16507822275161743,0.2141542136669159,0.04907599091529846
beaufort,1993-02-01,Cbar,0.05749716982245445,0.17557772994041443,0.11808056011795998
beaufort,1993-05-01,Cbar,0.5587440729141235,0.5844614505767822,0.02571737766265869
beaufort,1993-06-01,Cbar,0.7057871222496033,0.7007619142532349,-0.005025207996368408
beaufort,1993-07-01,Cbar,19.673192977905273,19.66765785217285,-0.005535125732421875
beaufort,1993-09-01,Cbar,13.500748634338379,13.574841499328613,0.07409286499023438
beaufort,1993-12-01,Cbar,0.01342850923538208,0.018573442474007607,0.005144933238625526
beaufort,1994-01-01,Cbar,0.24747103452682495,0.385478675365448,0.13800764083862305
beaufort,1994-02-01,Cbar,0.6657876968383789,0.6328932046890259,-0.03289449214935303
beaufort,1994-03-01,Cbar,2.4586923122406006,3.1116535663604736,0.652961254119873
beaufort,1994-04-01,Cbar,2.0404632091522217,2.4372100830078125,0.3967468738555908
beaufort,1995-02-01,Cbar,0.03301474452018738,0.0336061455309391,0.0005914010107517242
beaufort,1995-04-01,Cbar,0.10337534546852112,0.1033845767378807,9.231269359588623e-06
beaufort,1995-05-01,Cbar,0.852973461151123,0.9580650329589844,0.10509157180786133
beaufort,1995-08-01,Cbar,3.512657880783081,3.5117647647857666,-0.0008931159973144531
beaufort,1995-09-01,Cbar,18.040956497192383,18.042879104614258,0.001922607421875
beaufort,1996-02-01,Cbar,0.0,0.016687588766217232,0.016687588766217232
beaufort,1996-03-01,Cbar,0.767270565032959,0.7853277325630188,0.018057167530059814
beaufort,1996-04-01,Cbar,1.0494484901428223,1.4070168733596802,0.3575683832168579
beaufort,1996-05-01,Cbar,0.5439115166664124,0.81413733959198,0.2702258229255676
beaufort,1996-06-01,Cbar,0.418481707572937,0.37912026047706604,-0.03936144709587097
beaufort,1997-04-01,Cbar,0.08717763423919678,0.08739188313484192,0.0002142488956451416
beaufort,1998-03-01,Cbar,0.2855426073074341,0.2855486571788788,6.0498714447021484e-06
beaufort,1998-04-01,Cbar,4.1406989097595215,4.044468402862549,-0.09623050689697266
beaufort,1998-05-01,Cbar,0.6471614241600037,0.7226269841194153,0.07546555995941162
beaufort,1998-06-01,Cbar,4.622713565826416,5.464698791503906,0.8419852256774902
beaufort,1998-07-01,Cbar,11.606827735900879,11.862090110778809,0.2552623748779297
beaufort,1998-08-01,Cbar,16.205385208129883,16.175142288208008,-0.030242919921875
beaufort,1998-09-01,Cbar,38.15586853027344,38.1472282409668,-0.008640289306640625
beaufort,1998-10-01,Cbar,45.322975158691406,45.29521942138672,-0.0277557373046875
beaufort,1998-12-01,Cbar,0.4292347729206085,0.3908044695854187,-0.03843030333518982
beaufort,1999-01-01,Cbar,0.38554564118385315,0.46620824933052063,0.08066260814666748
beaufort,2000-03-01,Cbar,0.08333178609609604,0.08367706090211868,0.00034527480602264404
beaufort,2000-12-01,Cbar,0.09792428463697433,0.15215633809566498,0.05423205345869064
beaufort,2001-01-01,Cbar,0.0,0.019806500524282455,0.019806500524282455
beaufort,2001-02-01,Cbar,0.1241498738527298,0.0924803838133812,-0.0316694900393486
beaufort,2001-04-01,Cbar,0.0,0.17723529040813446,0.17723529040813446
beaufort,2001-12-01,Cbar,0.025797469541430473,0.03368522226810455,0.00788775272667408
beaufort,2002-01-01,Cbar,0.6023144721984863,1.887305498123169,1.2849910259246826
beaufort,2002-02-01,Cbar,1.370369791984558,2.869201898574829,1.498832106590271
beaufort,2002-03-01,Cbar,2.5450735092163086,4.620114326477051,2.075040817260742
beaufort,2002-04-01,Cbar,1.1666744947433472,1.304019808769226,0.1373453140258789
beaufort,2002-05-01,Cbar,2.262293815612793,2.9487898349761963,0.6864960193634033
beaufort,2002-06-01,Cbar,0.7424002289772034,1.587001085281372,0.8446008563041687
beaufort,2002-11-01,Cbar,0.3066686689853668,0.3066903352737427,2.1666288375854492e-05
beaufort,2002-12-01,Cbar,0.6101369261741638,0.6592670679092407,0.049130141735076904
beaufort,2003-01-01,Cbar,0.3278158903121948,0.7662726640701294,0.43845677375793457
beaufort,2003-02-01,Cbar,0.02358967438340187,0.056575510650873184,0.032985836267471313
beaufort,2003-04-01,Cbar,0.3734394609928131,0.378968209028244,0.005528748035430908
beaufort,2003-05-01,Cbar,5.417457103729248,5.202937126159668,-0.21451997756958008
beaufort,2003-11-01,Cbar,3.146005153656006,3.1460232734680176,1.811981201171875e-05
beaufort,2003-12-01,Cbar,0.5536743402481079,0.5654356479644775,0.011761307716369629
beaufort,2004-01-01,Cbar,0.234479159116745,0.40562281012535095,0.17114365100860596
beaufort,2004-02-01,Cbar,0.035566624253988266,0.06966469436883926,0.034098070114851
beaufort,2004-03-01,Cbar,0.2766219973564148,0.36006298661231995,0.08344098925590515
beaufort,2004-04-01,Cbar,0.6601158380508423,0.9759314656257629,0.31581562757492065
beaufort,2004-06-01,Cbar,1.0882927179336548,1.1798611879348755,0.0915684700012207
beaufort,2004-11-01,Cbar,1.0098539590835571,1.0099058151245117,5.1856040954589844e-05
beaufort,2004-12-01,Cbar,0.8818596601486206,0.8831232786178589,0.0012636184692382812
beaufort,2007-06-01,Cbar,4.442767143249512,4.469207763671875,0.02644062042236328
beaufort,2007-07-01,Cbar,12.602413177490234,12.607248306274414,0.0048351287841796875
beaufort,2007-08-01,Cbar,28.265186309814453,28.26436996459961,-0.00081634521484375
beaufort,2007-09-01,Cbar,79.23727416992188,79.23412322998047,-0.00315093994140625
beaufort,2008-06-01,Cbar,1.2795549631118774,1.1564050912857056,-0.12314987182617188
beaufort,2008-07-01,Cbar,15.180628776550293,14.593805313110352,-0.5868234634399414
beaufort,2008-08-01,Cbar,13.931407928466797,13.894570350646973,-0.03683757781982422
beaufort,2008-09-01,Cbar,26.374670028686523,26.31415557861328,-0.06051445007324219
beaufort,2008-10-01,Cbar,5.056177139282227,5.056163311004639,-1.3828277587890625e-05
beaufort,2009-05-01,Cbar,1.4932492971420288,1.7408134937286377,0.2475641965866089
beaufort,2009-09-01,Cbar,19.12505340576172,19.125038146972656,-1.52587890625e-05
beaufort,2010-08-01,Cbar,26.419116973876953,26.418176651000977,-0.0009403228759765625
beaufort,2010-09-01,Cbar,15.095529556274414,15.085404396057129,-0.010125160217285156
beaufort,2011-08-01,Cbar,18.516624450683594,18.507883071899414,-0.008741378784179688
beaufort,2011-09-01,Cbar,30.054950714111328,30.033926010131836,-0.021024703979492188
beaufort,2012-07-01,Cbar,9.793109893798828,9.741700172424316,-0.05140972137451172
beaufort,2012-08-01,Cbar,23.60514259338379,23.601781845092773,-0.003360748291015625
beaufort,2012-09-01,Cbar,43.28876495361328,43.066078186035156,-0.222686767578125
beaufort,2012-10-01,Cbar,88.98878479003906,88.46719360351562,-0.5215911865234375
beaufort,2012-11-01,Cbar,6.0002760887146,5.997481346130371,-0.0027947425842285156
beaufort,2013-08-01,Cbar,16.55971908569336,16.559703826904297,-1.52587890625e-05
beaufort,2014-07-01,Cbar,4.252858638763428,4.252748489379883,-0.00011014938354492188
beaufort,2014-08-01,Cbar,5.0923848152160645,5.085778713226318,-0.006606101989746094
beaufort,2014-09-01,Cbar,4.954518795013428,4.977768421173096,0.02324962615966797
beaufort,2016-04-01,Cbar,0.07924941182136536,0.0,-0.07924941182136536
beaufort,2016-05-01,Cbar,17.98965835571289,3.180743932723999,-14.808914422988892
beaufort,2016-06-01,Cbar,26.264787673950195,18.69877052307129,-7.566017150878906
beaufort,2016-07-01,Cbar,22.751676559448242,21.93507957458496,-0.8165969848632812
beaufort,2016-08-01,Cbar,7.498554706573486,7.498183727264404,-0.00037097930908203125
beaufort,2016-09-01,Cbar,20.941444396972656,20.93781089782715,-0.0036334991455078125
beaufort,2017-01-01,Cbar,0.24239398539066315,0.0,-0.24239398539066315
beaufort,2017-02-01,Cbar,0.9194211959838867,0.0,-0.9194211959838867
beaufort,2017-06-01,Cbar,1.3969405889511108,1.3548938035964966,-0.04204678535461426
beaufort,2017-07-01,Cbar,10.82099723815918,9.377431869506836,-1.4435653686523438
beaufort,2017-08-01,Cbar,25.590608596801758,25.591379165649414,0.00077056884765625
beaufort,2017-09-01,Cbar,13.834367752075195,13.832719802856445,-0.00164794921875
beaufort,2017-10-01,Cbar,8.812163352966309,8.81216049194336,-2.86102294921875e-06
beaufort,2019-06-01,Cbar,2.8682808876037598,3.1544342041015625,0.28615331649780273
beaufort,2019-07-01,Cbar,19.40789031982422,19.331281661987305,-0.07660865783691406
beaufort,2019-08-01,Cbar,62.072532653808594,62.06199264526367,-0.010540008544921875
beaufort,2019-09-01,Cbar,82.78813171386719,82.80325317382812,0.0151214599609375
beaufort,2019-10-01,Cbar,116.44803619384766,116.4063491821289,-0.04168701171875
beaufort,2019-11-01,Cbar,134.53762817382812,134.51177978515625,-0.025848388671875
beaufort,2020-08-01,Cbar,18.890132904052734,18.890029907226562,-0.000102996826171875
beaufort,2021-09-01,Cbar,6.528803825378418,6.528783321380615,-2.0503997802734375e-05
beaufort,2023-07-01,Cbar,16.923324584960938,16.923009872436523,-0.0003147125244140625
beaufort,2023-08-01,Cbar,78.09194946289062,78.08335876464844,-0.0085906982421875
beaufort,2023-09-01,Cbar,27.213300704956055,27.213212966918945,-8.7738037109375e-05
beaufort,2023-10-01,Cbar,16.113506317138672,16.11349105834961,-1.52587890625e-05
beaufort,2024-04-01,Cbar,0.10446394979953766,0.0,-0.10446394979953766
beaufort,2024-09-01,Cbar,22.293798446655273,22.293752670288086,-4.57763671875e-05
beaufort,2025-03-01,Cbar,1.8111990690231323,1.811571478843689,0.0003724098205566406
beaufort,2025-04-01,Cbar,9.214231491088867,9.223642349243164,0.009410858154296875
beaufort,2025-11-01,Cbar,9.390878677368164,9.390885353088379,6.67572021484375e-06
beaufort,2025-12-01,Cbar,7.741710186004639,7.750370502471924,0.008660316467285156
beaufort,2026-01-01,Cbar,17.9490966796875,18.055221557617188,0.1061248779296875
beaufort,2026-02-01,Cbar,28.309099197387695,28.566875457763672,0.25777626037597656
beaufort,2026-03-01,Cbar,39.690086364746094,40.009822845458984,0.3197364807128906
beaufort,2026-04-01,Cbar,41.81204605102539,42.08966827392578,0.2776222229003906
beaufort,1982-01-01,Obar,0.0004141506797168404,0.00040738150710240006,-6.769172614440322e-06
beaufort,1982-02-01,Obar,0.0003177846665494144,0.00027258790214546025,-4.519676440395415e-05
beaufort,1982-04-01,Obar,0.00027664596564136446,0.00013783815666101873,-0.00013880780898034573
beaufort,1982-05-01,Obar,0.0050450596027076244,0.005869667045772076,0.0008246074430644512
beaufort,1983-01-01,Obar,7.68920435803011e-05,7.643278513569385e-05,-4.5925844460725784e-07
beaufort,1983-02-01,Obar,0.0006400395068340003,0.0006291776080615819,-1.0861898772418499e-05
beaufort,1983-03-01,Obar,0.00031981701613403857,0.00038534155464731157,6.5524538513273e-05
beaufort,1983-04-01,Obar,0.008202525787055492,0.007596873212605715,-0.0006056525744497776
beaufort,1983-06-01,Obar,0.02286401018500328,0.018792420625686646,-0.004071589559316635
beaufort,1983-12-01,Obar,0.0012746331049129367,0.0010655542137101293,-0.00020907889120280743
beaufort,1984-01-01,Obar,0.0,3.2949923479463905e-05,3.2949923479463905e-05
beaufort,1984-02-01,Obar,0.00013054755982011557,8.908681047614664e-05,-4.146074934396893e-05
beaufort,1984-03-01,Obar,0.0004629375471267849,0.0003391641948837787,-0.00012377335224300623
beaufort,1984-05-01,Obar,0.0,0.008444144390523434,0.008444144390523434
beaufort,1984-06-01,Obar,0.0,0.015484868548810482,0.015484868548810482
beaufort,1985-01-01,Obar,0.00028981975628994405,0.0002888226881623268,-9.9706812761724e-07
beaufort,1985-02-01,Obar,8.381832594750449e-05,9.97782772174105e-05,1.5959951269906014e-05
beaufort,1985-11-01,Obar,0.001134082325734198,0.0011344912927597761,4.08967025578022e-07
beaufort,1986-02-01,Obar,0.0003472014213912189,0.0004318681894801557,8.46667680889368e-05
beaufort,1986-03-01,Obar,4.6524237404810265e-05,0.00011136264220112935,6.483840479631908e-05
beaufort,1986-04-01,Obar,0.00025853182887658477,0.00026143883587792516,2.9070070013403893e-06
beaufort,1986-12-01,Obar,0.00035331660183146596,0.00035399236367084086,6.757618393748999e-07
beaufort,1987-01-01,Obar,0.0005000180099159479,0.0006284092087298632,0.00012839119881391525
beaufort,1987-02-01,Obar,0.00021073520474601537,0.00023987250460777432,2.9137299861758947e-05
beaufort,1987-08-01,Obar,0.05411657318472862,0.0541045144200325,-1.2058764696121216e-05
beaufort,1987-12-01,Obar,0.000386219093343243,0.0,-0.000386219093343243
beaufort,1988-01-01,Obar,0.0015732883475720882,0.002158185001462698,0.0005848966538906097
beaufort,1988-02-01,Obar,4.496955807553604e-05,0.00011853640899062157,7.356685091508552e-05
beaufort,1988-04-01,Obar,0.0,0.013574686832726002,0.013574686832726002
beaufort,1989-02-01,Obar,0.00193757691886276,0.0017985787708312273,-0.00013899814803153276
beaufort,1989-03-01,Obar,0.0006166636012494564,0.0006170245469547808,3.609457053244114e-07
beaufort,1989-04-01,Obar,0.0001423706708010286,0.0001569006562931463,1.4529985492117703e-05
beaufort,1989-05-01,Obar,0.0039616478607058525,0.00492879468947649,0.0009671468287706375
beaufort,1989-06-01,Obar,0.0010577355278655887,0.0009260500082746148,-0.00013168551959097385
beaufort,1990-02-01,Obar,0.0,1.316852376476163e-05,1.316852376476163e-05
beaufort,1990-05-01,Obar,0.010285312309861183,0.010856904089450836,0.000571591779589653
beaufort,1991-02-01,Obar,2.329500966880005e-05,0.00014437446952797472,0.00012107945985917468
beaufort,1991-03-01,Obar,0.0003244094841647893,0.00032197145628742874,-2.4380278773605824e-06
beaufort,1991-04-01,Obar,0.00034402680466882885,0.00032450968865305185,-1.9517116015776992e-05
beaufort,1992-01-01,Obar,0.0004007267125416547,0.0003996437299065292,-1.0829826351255178e-06
beaufort,1992-02-01,Obar,0.0004875406448263675,0.000514004030264914,2.646338543854654e-05
beaufort,1992-05-01,Obar,0.0,0.009419722482562065,0.009419722482562065
beaufort,1993-01-01,Obar,0.0012197184842079878,0.0012997185112908483,8.000002708286047e-05
beaufort,1993-02-01,Obar,0.0006296747014857829,0.001103181391954422,0.00047350669046863914
beaufort,1993-05-01,Obar,0.00689909840002656,0.005829681176692247,-0.0010694172233343124
beaufort,1993-06-01,Obar,0.011909653432667255,0.01217162050306797,0.0002619670704007149
beaufort,1993-09-01,Obar,0.023356271907687187,0.023182619363069534,-0.0001736525446176529
beaufort,1993-12-01,Obar,0.0030795747879892588,0.004497189540416002,0.0014176147524267435
beaufort,1994-01-01,Obar,0.0,0.0028061061166226864,0.0028061061166226864
beaufort,1994-02-01,Obar,0.0008368515409529209,0.0007743473979644477,-6.250414298847318e-05
beaufort,1994-03-01,Obar,3.208485941286199e-05,0.0,-3.208485941286199e-05
beaufort,1995-02-01,Obar,0.000367029249900952,0.0003690515295602381,2.0222796592861414e-06
beaufort,1995-04-01,Obar,0.003298386000096798,0.0033181170001626015,1.9731000065803528e-05
beaufort,1995-05-01,Obar,0.0,0.001407221076078713,0.001407221076078713
beaufort,1995-08-01,Obar,0.012696277350187302,0.012696276418864727,-9.313225746154785e-10
beaufort,1995-09-01,Obar,0.001173545722849667,0.0013133155880495906,0.00013976986519992352
beaufort,1996-02-01,Obar,0.0,0.0003754080389626324,0.0003754080389626324
beaufort,1996-03-01,Obar,0.0007020999328233302,0.0007338509894907475,3.175105666741729e-05
beaufort,1996-05-01,Obar,0.00576409138739109,0.013108253479003906,0.007344162091612816
beaufort,1997-04-01,Obar,0.0014726665103808045,0.0014758402248844504,3.173714503645897e-06
beaufort,1998-03-01,Obar,0.0007091832812875509,0.0007017321768216789,-7.451104465872049e-06
beaufort,1998-04-01,Obar,0.0010593303013592958,0.0011995993554592133,0.0001402690540999174
beaufort,1998-05-01,Obar,0.00823519378900528,0.011608142405748367,0.0033729486167430878
beaufort,1998-06-01,Obar,0.03287198022007942,0.026500528678297997,-0.0063714515417814255
beaufort,1998-07-01,Obar,0.04879024252295494,0.049247778952121735,0.0004575364291667938
beaufort,1998-08-01,Obar,0.0709156021475792,0.07119808346033096,0.00028248131275177
beaufort,1998-09-01,Obar,0.028203273192048073,0.027999740093946457,-0.0002035330981016159
beaufort,1998-12-01,Obar,0.0012184219667688012,0.001262450823560357,4.402885679155588e-05
beaufort,1999-01-01,Obar,0.00014892610488459468,0.0002931049675680697,0.00014417886268347502
beaufort,2000-03-01,Obar,0.000874413235578686,0.0008727250969968736,-1.6881385818123817e-06
beaufort,2000-12-01,Obar,0.0008405624539591372,0.0006142446072772145,-0.00022631784668192267
beaufort,2001-01-01,Obar,0.0,3.190450797774247e-06,3.190450797774247e-06
beaufort,2001-02-01,Obar,0.0003215599281247705,0.00041504157707095146,9.348164894618094e-05
beaufort,2001-04-01,Obar,0.0,0.0028023608028888702,0.0028023608028888702
beaufort,2001-12-01,Obar,0.0009514421108178794,0.0013182959519326687,0.00036685384111478925
beaufort,2002-01-01,Obar,0.00019461577176116407,0.0003093034611083567,0.00011468768934719265
beaufort,2002-02-01,Obar,0.0009099268354475498,0.000835487328004092,-7.443950744345784e-05
beaufort,2002-03-01,Obar,0.0006886167684569955,0.0006796796806156635,-8.937087841331959e-06
beaufort,2002-04-01,Obar,0.005404210649430752,0.0048121013678610325,-0.0005921092815697193
beaufort,2002-05-01,Obar,0.013741848058998585,0.009749569930136204,-0.003992278128862381
beaufort,2002-11-01,Obar,0.002226512413471937,0.0022272539790719748,7.415656000375748e-07
beaufort,2002-12-01,Obar,0.00036631186958402395,0.00037455890560522676,8.247036021202803e-06
beaufort,2003-01-01,Obar,0.0018716041231527925,0.0015430880011990666,-0.0003285161219537258
beaufort,2003-04-01,Obar,0.0035875639878213406,0.0033038887195289135,-0.00028367526829242706
beaufort,2003-12-01,Obar,0.0025042640045285225,0.003168893977999687,0.0006646299734711647
beaufort,2004-01-01,Obar,0.00012566079385578632,0.00015019701095297933,2.4536217097193003e-05
beaufort,2004-02-01,Obar,0.0005828073481097817,0.000236164647503756,-0.00034664270060602576
beaufort,2004-03-01,Obar,0.001462780637666583,0.0015032938681542873,4.051323048770428e-05
beaufort,2004-04-01,Obar,0.0021664993837475777,0.002261015586555004,9.451620280742645e-05
beaufort,2004-06-01,Obar,0.01445290632545948,0.012511825188994408,-0.0019410811364650726
beaufort,2004-11-01,Obar,0.0016403418267145753,0.0016404840862378478,1.4225952327251434e-07
beaufort,2004-12-01,Obar,0.002309417352080345,0.002316183876246214,6.766524165868759e-06
beaufort,2007-06-01,Obar,0.06619241088628769,0.06644675880670547,0.00025434792041778564
beaufort,2007-07-01,Obar,0.06407976895570755,0.06408193707466125,2.168118953704834e-06
beaufort,2007-08-01,Obar,0.034283511340618134,0.03426159545779228,-2.191588282585144e-05
beaufort,2007-09-01,Obar,0.016133585944771767,0.016134195029735565,6.09084963798523e-07
beaufort,2008-06-01,Obar,0.035571761429309845,0.036300044506788254,0.0007282830774784088
beaufort,2008-07-01,Obar,0.07568107545375824,0.07342533767223358,-0.002255737781524658
beaufort,2008-08-01,Obar,0.030292842537164688,0.030385935679078102,9.3093141913414e-05
beaufort,2008-09-01,Obar,0.02779526449739933,0.027792202308773994,-3.0621886253356934e-06
beaufort,2009-05-01,Obar,0.06582462042570114,0.05736636742949486,-0.008458252996206284
beaufort,2010-08-01,Obar,0.06560501456260681,0.06554834544658661,-5.666911602020264e-05
beaufort,2010-09-01,Obar,0.047328460961580276,0.04732181504368782,-6.645917892456055e-06
beaufort,2011-08-01,Obar,0.08794918656349182,0.08793523907661438,-1.3947486877441406e-05
beaufort,2011-09-01,Obar,0.04660636559128761,0.046607837080955505,1.471489667892456e-06
beaufort,2012-07-01,Obar,0.14644350111484528,0.13808177411556244,-0.008361726999282837
beaufort,2012-08-01,Obar,0.12589864432811737,0.12588222324848175,-1.6421079635620117e-05
beaufort,2012-09-01,Obar,0.013937709853053093,0.013859751634299755,-7.795821875333786e-05
beaufort,2014-07-01,Obar,0.06038437411189079,0.06039271131157875,8.337199687957764e-06
beaufort,2014-08-01,Obar,0.06972019374370575,0.06968822330236435,-3.1970441341400146e-05
beaufort,2016-04-01,Obar,0.0009896577103063464,0.0,-0.0009896577103063464
beaufort,2016-05-01,Obar,0.03845015913248062,0.07510466873645782,0.0366545096039772
beaufort,2016-06-01,Obar,0.025010233744978905,0.07517599314451218,0.05016575939953327
beaufort,2016-07-01,Obar,0.0317537859082222,0.0318441316485405,9.034574031829834e-05
beaufort,2016-08-01,Obar,0.05166197195649147,0.05166133865714073,-6.332993507385254e-07
beaufort,2016-09-01,Obar,0.008874591439962387,0.00887512881308794,5.373731255531311e-07
beaufort,2017-01-01,Obar,0.001421250170096755,0.0,-0.001421250170096755
beaufort,2017-02-01,Obar,0.018836675211787224,0.0,-0.018836675211787224
beaufort,2017-06-01,Obar,0.026490291580557823,0.02678815834224224,0.0002978667616844177
beaufort,2017-07-01,Obar,0.08395808935165405,0.08397562056779861,1.7531216144561768e-05
beaufort,2017-08-01,Obar,0.022031670436263084,0.02204887382686138,1.720339059829712e-05
beaufort,2017-09-01,Obar,0.06194677576422691,0.06196092441678047,1.414865255355835e-05
beaufort,2019-06-01,Obar,0.09090765565633774,0.09661674499511719,0.0057090893387794495
beaufort,2019-07-01,Obar,0.08126051723957062,0.07667820155620575,-0.004582315683364868
beaufort,2019-08-01,Obar,0.01806657575070858,0.018057996407151222,-8.579343557357788e-06
beaufort,2019-09-01,Obar,0.018416646867990494,0.018403450027108192,-1.319684088230133e-05
beaufort,2020-08-01,Obar,0.13399460911750793,0.133993998169899,-6.109476089477539e-07
beaufort,2021-09-01,Obar,0.06127427518367767,0.061275187879800797,9.126961231231689e-07
beaufort,2023-07-01,Obar,0.042783621698617935,0.04278715327382088,3.5315752029418945e-06
beaufort,2023-08-01,Obar,0.016338733956217766,0.016360288485884666,2.1554529666900635e-05
beaufort,2023-09-01,Obar,0.017816001549363136,0.01781722716987133,1.2256205081939697e-06
beaufort,2024-04-01,Obar,0.00984707660973072,0.0,-0.00984707660973072
beaufort,2025-03-01,Obar,0.0009665068355388939,0.000965989544056356,-5.172914825379848e-07
ebs,1982-02-01,area_frac,0.051187578588724136,0.05152929946780205,0.0003417208790779114
ebs,1982-03-01,area_frac,0.12423008680343628,0.12421280145645142,-1.728534698486328e-05
ebs,1982-04-01,area_frac,0.012663471512496471,0.012401224114000797,-0.00026224739849567413
ebs,1982-05-01,area_frac,0.007203167304396629,0.007175320293754339,-2.7847010642290115e-05
ebs,1983-03-01,area_frac,0.00796595774590969,0.007952033542096615,-1.392420381307602e-05
ebs,1983-04-01,area_frac,0.034544363617897034,0.03455864265561104,1.4279037714004517e-05
ebs,1983-05-01,area_frac,0.002454815898090601,0.002390549285337329,-6.426661275327206e-05
ebs,1983-12-01,area_frac,0.030694302171468735,0.030773472040891647,7.91698694229126e-05
ebs,1984-01-01,area_frac,0.11270508915185928,0.11316163092851639,0.0004565417766571045
ebs,1984-03-01,area_frac,0.0006643853848800063,0.0006770215695723891,1.2636184692382812e-05
ebs,1984-12-01,area_frac,0.016130153089761734,0.016185637563467026,5.548447370529175e-05
ebs,1985-01-01,area_frac,0.16737337410449982,0.16525791585445404,-0.0021154582500457764
ebs,1985-02-01,area_frac,0.1353839486837387,0.13442501425743103,-0.0009589344263076782
ebs,1986-01-01,area_frac,0.0016767490888014436,0.0015273088356480002,-0.00014944025315344334
ebs,1986-02-01,area_frac,0.0010155002819374204,0.0010429975809529424,2.7497299015522003e-05
ebs,1986-04-01,area_frac,0.001005637226626277,0.000992692424915731,-1.2944801710546017e-05
ebs,1987-01-01,area_frac,0.0005508119938895106,0.0005362584488466382,-1.4553545042872429e-05
ebs,1987-04-01,area_frac,0.05392581596970558,0.054030440747737885,0.00010462477803230286
ebs,1987-12-01,area_frac,0.008268183097243309,0.00011378120689187199,-0.008154401890351437
ebs,1988-01-01,area_frac,0.017347434535622597,0.0010116543853655457,-0.01633578015025705
ebs,1988-02-01,area_frac,0.01160565298050642,0.011270022951066494,-0.00033563002943992615
ebs,1988-04-01,area_frac,0.0003581297933124006,0.0003706220304593444,1.2492237146943808e-05
ebs,1989-02-01,area_frac,0.0020174719393253326,0.002240952802821994,0.00022348086349666119
ebs,1989-04-01,area_frac,0.0013527555856853724,0.0013432186096906662,-9.536975994706154e-06
ebs,1989-05-01,area_frac,0.0003027021884918213,0.0003878390125464648,8.513682405464351e-05
ebs,1990-12-01,area_frac,0.0002566482580732554,0.00024500073050148785,-1.1647527571767569e-05
ebs,1991-01-01,area_frac,0.01287233829498291,0.01277841255068779,-9.392574429512024e-05
ebs,1991-03-01,area_frac,0.000542831898201257,0.0005554680828936398,1.2636184692382812e-05
ebs,1992-02-01,area_frac,0.00048116559628397226,0.0005487038288265467,6.75382325425744e-05
ebs,1992-04-01,area_frac,0.0010048100957646966,0.0009406498284079134,-6.416026735678315e-05
ebs,1992-06-01,area_frac,0.0008383043459616601,0.0007764120819047093,-6.189226405695081e-05
ebs,1993-02-01,area_frac,0.00112813338637352,0.001201255014166236,7.312162779271603e-05
ebs,1993-03-01,area_frac,0.0020427957642823458,0.0020078534726053476,-3.494229167699814e-05
ebs,1993-04-01,area_frac,0.0063268402591347694,0.006399969570338726,7.31293112039566e-05
ebs,1993-12-01,area_frac,0.029560260474681854,0.02948749251663685,-7.27679580450058e-05
ebs,1994-01-01,area_frac,0.0020062618423253298,0.0019053134601563215,-0.00010094838216900826
ebs,1994-02-01,area_frac,0.006309493910521269,0.006118436343967915,-0.00019105756655335426
ebs,1994-04-01,area_frac,0.000176460191141814,0.00023778254399076104,6.132235284894705e-05
ebs,1994-05-01,area_frac,0.0007275112438946962,0.0007985018310137093,7.099058711901307e-05
ebs,1994-06-01,area_frac,0.0037766299210488796,0.0037397241685539484,-3.690575249493122e-05
ebs,1995-03-01,area_frac,0.00031136159668676555,0.00037173551390878856,6.037391722202301e-05
ebs,1995-04-01,area_frac,0.0010839340975508094,0.001091980142518878,8.0460449680686e-06
ebs,1995-05-01,area_frac,0.0049255238845944405,0.004686132073402405,-0.00023939181119203568
ebs,1995-12-01,area_frac,0.005015397444367409,0.005001368001103401,-1.4029443264007568e-05
ebs,1996-01-01,area_frac,0.1309090554714203,0.13087530434131622,-3.375113010406494e-05
ebs,1996-02-01,area_frac,0.024666376411914825,0.02477257326245308,0.00010619685053825378
ebs,1996-03-01,area_frac,0.0038771459367126226,0.0038895639590919018,1.2418022379279137e-05
ebs,1996-04-01,area_frac,0.012478409335017204,0.01249180268496275,1.3393349945545197e-05
ebs,1996-05-01,area_frac,0.010257469490170479,0.010113461874425411,-0.0001440076157450676
ebs,1996-06-01,area_frac,0.009080461226403713,0.009066293016076088,-1.4168210327625275e-05
ebs,1997-04-01,area_frac,0.0006637483602389693,0.0006712679169140756,7.519556675106287e-06
ebs,1997-05-01,area_frac,0.0057600028812885284,0.005787574220448732,2.7571339160203934e-05
ebs,1997-06-01,area_frac,0.09751199185848236,0.09745357185602188,-5.8420002460479736e-05
ebs,1998-03-01,area_frac,0.07221130281686783,0.0718221440911293,-0.0003891587257385254
ebs,1998-04-01,area_frac,0.0067934454418718815,0.007747643627226353,0.0009541981853544712
ebs,1998-05-01,area_frac,1.263619378732983e-05,2.527238757465966e-05,1.263619378732983e-05
ebs,2000-02-01,area_frac,0.0006674069445580244,0.0006277004722505808,-3.970647230744362e-05
ebs,2000-03-01,area_frac,0.0011956720845773816,0.0011835828190669417,-1.2089265510439873e-05
ebs,2000-12-01,area_frac,0.012586385942995548,0.011975745670497417,-0.0006106402724981308
ebs,2001-01-01,area_frac,0.1281215101480484,0.1254279464483261,-0.00269356369972229
ebs,2001-02-01,area_frac,0.136722132563591,0.12128787487745285,-0.015434257686138153
ebs,2001-03-01,area_frac,0.0036129658110439777,0.003361080540344119,-0.00025188527069985867
ebs,2001-04-01,area_frac,0.013208490796387196,0.013235833495855331,2.7342699468135834e-05
ebs,2001-05-01,area_frac,0.0,2.3295073333429173e-05,2.3295073333429173e-05
ebs,2002-04-01,area_frac,0.0004026827809866518,0.0003620562783908099,-4.0626502595841885e-05
ebs,2002-05-01,area_frac,0.005542944185435772,0.005490774288773537,-5.216989666223526e-05
ebs,2002-06-01,area_frac,0.0023438865318894386,0.002315001329407096,-2.888520248234272e-05
ebs,2002-12-01,area_frac,0.07034878432750702,0.06906770914793015,-0.0012810751795768738
ebs,2003-01-01,area_frac,0.0925012081861496,0.09259174764156342,9.053945541381836e-05
ebs,2003-02-01,area_frac,0.12169843167066574,0.11965937167406082,-0.0020390599966049194
ebs,2003-03-01,area_frac,0.1792975515127182,0.17833326756954193,-0.0009642839431762695
ebs,2003-04-01,area_frac,0.10773061960935593,0.1066870242357254,-0.0010435953736305237
ebs,2003-05-01,area_frac,0.07982182502746582,0.07808997482061386,-0.0017318502068519592
ebs,2003-06-01,area_frac,0.06722520291805267,0.06721070408821106,-1.449882984161377e-05
ebs,2003-12-01,area_frac,0.18391482532024384,0.18390153348445892,-1.329183578491211e-05
ebs,2004-01-01,area_frac,0.13307541608810425,0.13309256732463837,1.7151236534118652e-05
ebs,2004-02-01,area_frac,0.0041152797639369965,0.004089433699846268,-2.584606409072876e-05
ebs,2004-03-01,area_frac,0.008393860422074795,0.008379830978810787,-1.4029443264007568e-05
ebs,2004-05-01,area_frac,0.005470598582178354,0.005510997958481312,4.0399376302957535e-05
ebs,2004-06-01,area_frac,0.1547502875328064,0.1542315036058426,-0.0005187839269638062
ebs,2004-12-01,area_frac,0.001641016104258597,0.0015805697767063975,-6.0446327552199364e-05
ebs,2005-05-01,area_frac,0.01449004840105772,0.014408309943974018,-8.173845708370209e-05
ebs,2007-01-01,area_frac,0.00023308383242692798,0.0002202305186074227,-1.2853313819505274e-05
ebs,2007-02-01,area_frac,0.0003432149824220687,0.0002720627817325294,-7.115220068953931e-05
ebs,2007-05-01,area_frac,0.0002616586280055344,0.0002499003312550485,-1.1758296750485897e-05
ebs,2007-06-01,area_frac,0.0014249192317947745,0.001363026793114841,-6.189243867993355e-05
ebs,2008-05-01,area_frac,0.00023660241276957095,0.0002009965683100745,-3.560584445949644e-05
ebs,2008-06-01,area_frac,0.0005981018766760826,0.0005128233460709453,-8.527853060513735e-05
ebs,2014-02-01,area_frac,0.001316875801421702,0.0012174462899565697,-9.942951146513224e-05
ebs,2014-12-01,area_frac,0.22970649600028992,0.22969163954257965,-1.4856457710266113e-05
ebs,2015-01-01,area_frac,0.452759712934494,0.4514981806278229,-0.0012615323066711426
ebs,2015-02-01,area_frac,0.2028561532497406,0.20283982157707214,-1.633167266845703e-05
ebs,2015-03-01,area_frac,0.17379015684127808,0.17373090982437134,-5.924701690673828e-05
ebs,2015-12-01,area_frac,0.09405238181352615,0.09403793513774872,-1.4446675777435303e-05
ebs,2016-01-01,area_frac,0.011904824525117874,0.011816879734396935,-8.794479072093964e-05
ebs,2016-02-01,area_frac,0.1309937834739685,0.13002453744411469,-0.0009692460298538208
ebs,2016-03-01,area_frac,0.09997735917568207,0.09948816895484924,-0.0004891902208328247
ebs,2016-04-01,area_frac,0.27123209834098816,0.2684219181537628,-0.002810180187225342
ebs,2016-05-01,area_frac,0.4634193181991577,0.4619101583957672,-0.001509159803390503
ebs,2016-06-01,area_frac,0.5629615783691406,0.5627953410148621,-0.00016623735427856445
ebs,2016-12-01,area_frac,0.5522514581680298,0.5528296828269958,0.0005782246589660645
ebs,2017-01-01,area_frac,0.311762273311615,0.2992713153362274,-0.012490957975387573
ebs,2017-02-01,area_frac,0.06251512467861176,0.03146187216043472,-0.031053252518177032
ebs,2017-05-01,area_frac,0.030276373028755188,0.029741037636995316,-0.0005353353917598724
ebs,2017-06-01,area_frac,0.16290225088596344,0.16242502629756927,-0.00047722458839416504
ebs,2017-12-01,area_frac,0.046546805649995804,0.04692079499363899,0.0003739893436431885
ebs,2018-01-01,area_frac,0.05236923322081566,0.0518704354763031,-0.000498797744512558
ebs,2018-02-01,area_frac,0.2546922564506531,0.25395312905311584,-0.0007391273975372314
ebs,2018-03-01,area_frac,0.2091900110244751,0.20810210704803467,-0.0010879039764404297
ebs,2018-04-01,area_frac,0.09938205033540726,0.09607048332691193,-0.003311567008495331
ebs,2018-05-01,area_frac,0.08018489181995392,0.07278186082839966,-0.00740303099155426
ebs,2018-06-01,area_frac,0.07124307006597519,0.07122890651226044,-1.4163553714752197e-05
ebs,2018-12-01,area_frac,0.019537702202796936,0.019498493522405624,-3.9208680391311646e-05
ebs,2019-02-01,area_frac,0.13319119811058044,0.13304734230041504,-0.00014385581016540527
ebs,2019-03-01,area_frac,0.1712147295475006,0.1700056940317154,-0.0012090355157852173
ebs,2019-04-01,area_frac,0.36107051372528076,0.359793096780777,-0.0012774169445037842
ebs,2019-05-01,area_frac,0.4098208546638489,0.4073520302772522,-0.0024688243865966797
ebs,2019-06-01,area_frac,0.6415370106697083,0.6415662169456482,2.9206275939941406e-05
ebs,2019-12-01,area_frac,0.18885676562786102,0.18873009085655212,-0.00012667477130889893
ebs,2020-04-01,area_frac,0.016585810109972954,0.016541775315999985,-4.4034793972969055e-05
ebs,2020-05-01,area_frac,0.08090930432081223,0.08093598484992981,2.668052911758423e-05
ebs,2020-06-01,area_frac,0.3167055547237396,0.3166027367115021,-0.00010281801223754883
ebs,2020-12-01,area_frac,0.04105895012617111,0.04085936397314072,-0.0001995861530303955
ebs,2021-01-01,area_frac,0.017044121399521828,0.017030196264386177,-1.3925135135650635e-05
ebs,2021-04-01,area_frac,0.029936930164694786,0.02968364581465721,-0.00025328435003757477
ebs,2021-05-01,area_frac,0.012401740066707134,0.01227410975843668,-0.0001276303082704544
ebs,2023-02-01,area_frac,0.22945164144039154,0.2290903627872467,-0.0003612786531448364
ebs,2023-12-01,area_frac,0.06555356085300446,0.06551136821508408,-4.219263792037964e-05
ebs,2024-01-01,area_frac,0.08505890518426895,0.08490553498268127,-0.000153370201587677
ebs,2024-12-01,area_frac,0.01561644859611988,0.015602736733853817,-1.371186226606369e-05
ebs,2025-01-01,area_frac,0.15526817739009857,0.15430983901023865,-0.0009583383798599243
ebs,2025-02-01,area_frac,0.08532153815031052,0.0838814303278923,-0.0014401078224182129
ebs,2025-04-01,area_frac,0.0532500259578228,0.052899718284606934,-0.0003503076732158661
ebs,2025-05-01,area_frac,0.014159603044390678,0.014145364053547382,-1.4238990843296051e-05
ebs,2025-06-01,area_frac,0.0206888560205698,0.02062753401696682,-6.132200360298157e-05
ebs,2025-12-01,area_frac,0.04474034905433655,0.04468980431556702,-5.054473876953125e-05
ebs,2026-01-01,area_frac,0.01941191591322422,0.019247645512223244,-0.00016427040100097656
ebs,2026-06-01,area_frac,0.040067512542009354,0.040006764233112335,-6.074830889701843e-05
ebs,1982-02-01,Ibar,1.0771143436431885,1.0698148012161255,-0.007299542427062988
ebs,1982-03-01,Ibar,1.2425501346588135,1.242435097694397,-0.0001150369644165039
ebs,1982-04-01,Ibar,1.0106686353683472,1.005094051361084,-0.005574584007263184
ebs,1982-05-01,Ibar,0.4483802020549774,0.44804802536964417,-0.00033217668533325195
ebs,1983-02-01,Ibar,0.37013354897499084,0.36991995573043823,-0.0002135932445526123
ebs,1983-03-01,Ibar,1.066816806793213,1.0685248374938965,0.0017080307006835938
ebs,1983-04-01,Ibar,1.196732997894287,1.196675419807434,-5.7578086853027344e-05
ebs,1983-05-01,Ibar,1.0040245056152344,1.0136749744415283,0.009650468826293945
ebs,1983-06-01,Ibar,1.8620916604995728,1.8621020317077637,1.0371208190917969e-05
ebs,1983-11-01,Ibar,0.03300027921795845,0.032999224960803986,-1.0542571544647217e-06
ebs,1983-12-01,Ibar,1.1521159410476685,1.157251238822937,0.005135297775268555
ebs,1984-01-01,Ibar,1.244247555732727,1.2482713460922241,0.00402379035949707
ebs,1984-02-01,Ibar,0.8274859189987183,0.8272677659988403,-0.0002181529998779297
ebs,1984-03-01,Ibar,0.44893646240234375,0.45900586247444153,0.010069400072097778
ebs,1984-04-01,Ibar,0.5663036108016968,0.5663099884986877,6.377696990966797e-06
ebs,1984-06-01,Ibar,1.7345638275146484,1.735352873802185,0.0007890462875366211
ebs,1984-07-01,Ibar,0.6516618132591248,0.6516591310501099,-2.682209014892578e-06
ebs,1984-12-01,Ibar,1.2011367082595825,1.1999711990356445,-0.0011655092239379883
ebs,1985-01-01,Ibar,1.4150060415267944,1.4160727262496948,0.0010666847229003906
ebs,1985-02-01,Ibar,1.0898109674453735,1.070595622062683,-0.01921534538269043
ebs,1985-03-01,Ibar,0.7497657537460327,0.7499824166297913,0.00021666288375854492
ebs,1985-12-01,Ibar,0.8540481328964233,0.8514866232872009,-0.002561509609222412
ebs,1986-01-01,Ibar,0.5683749914169312,0.5713513493537903,0.002976357936859131
ebs,1986-02-01,Ibar,0.6081004738807678,0.6296690702438354,0.021568596363067627
ebs,1986-03-01,Ibar,0.5618825554847717,0.5645459294319153,0.0026633739471435547
ebs,1986-04-01,Ibar,0.5823167562484741,0.5868140459060669,0.0044972896575927734
ebs,1986-06-01,Ibar,0.34046095609664917,0.3388134837150574,-0.0016474723815917969
ebs,1986-07-01,Ibar,0.5723716020584106,0.5723523497581482,-1.9252300262451172e-05
ebs,1986-12-01,Ibar,0.9015061259269714,0.9015487432479858,4.26173210144043e-05
ebs,1987-01-01,Ibar,0.6601393818855286,0.6189520955085754,-0.041187286376953125
ebs,1987-02-01,Ibar,0.8373104333877563,0.82737797498703,-0.009932458400726318
ebs,1987-03-01,Ibar,0.878585934638977,0.8785854578018188,-4.76837158203125e-07
ebs,1987-04-01,Ibar,1.3477147817611694,1.3472247123718262,-0.0004900693893432617
ebs,1987-05-01,Ibar,0.4080188274383545,0.40793055295944214,-8.827447891235352e-05
ebs,1987-12-01,Ibar,0.20962375402450562,0.31592342257499695,0.10629966855049133
ebs,1988-01-01,Ibar,0.5950742363929749,0.6858143210411072,0.09074008464813232
ebs,1988-02-01,Ibar,1.1409692764282227,1.1400960683822632,-0.0008732080459594727
ebs,1988-03-01,Ibar,0.6215879321098328,0.6183973550796509,-0.0031905770301818848
ebs,1988-04-01,Ibar,0.29096826910972595,0.2734263837337494,-0.017541885375976562
ebs,1989-01-01,Ibar,0.1637752801179886,0.16319620609283447,-0.0005790740251541138
ebs,1989-02-01,Ibar,0.7852954864501953,0.7542299032211304,-0.03106558322906494
ebs,1989-03-01,Ibar,0.7719868421554565,0.7756883502006531,0.003701508045196533
ebs,1989-04-01,Ibar,0.7412359714508057,0.7115034461021423,-0.02973252534866333
ebs,1989-05-01,Ibar,0.1998966485261917,0.19479382038116455,-0.005102828145027161
ebs,1989-12-01,Ibar,0.5614038109779358,0.55974280834198,-0.0016610026359558105
ebs,1990-06-01,Ibar,0.7270366549491882,0.727037250995636,5.960464477539062e-07
ebs,1990-12-01,Ibar,0.2606726884841919,0.2594273090362549,-0.0012453794479370117
ebs,1991-01-01,Ibar,0.9383985996246338,0.9337544441223145,-0.004644155502319336
ebs,1991-02-01,Ibar,0.23341104388237,0.22922730445861816,-0.004183739423751831
ebs,1991-03-01,Ibar,0.3378429114818573,0.35192573070526123,0.01408281922340393
ebs,1991-06-01,Ibar,0.5180270671844482,0.5151242613792419,-0.002902805805206299
ebs,1992-01-01,Ibar,0.2513321340084076,0.24200941622257233,-0.009322717785835266
ebs,1992-02-01,Ibar,0.3627660572528839,0.3517630696296692,-0.011002987623214722
ebs,1992-04-01,Ibar,0.43778425455093384,0.2978172302246094,-0.13996702432632446
ebs,1992-06-01,Ibar,1.027225136756897,0.9667122960090637,-0.06051284074783325
ebs,1992-12-01,Ibar,0.06471355259418488,0.06383299082517624,-0.0008805617690086365
ebs,1993-01-01,Ibar,0.4095194935798645,0.4056594669818878,-0.0038600265979766846
ebs,1993-02-01,Ibar,0.36355137825012207,0.36321091651916504,-0.00034046173095703125
ebs,1993-03-01,Ibar,0.5837714076042175,0.582101047039032,-0.0016703605651855469
ebs,1993-04-01,Ibar,0.7785660028457642,0.7715190649032593,-0.007046937942504883
ebs,1993-05-01,Ibar,0.6055194139480591,0.6033118963241577,-0.002207517623901367
ebs,1993-12-01,Ibar,1.6106024980545044,1.6216503381729126,0.011047840118408203
ebs,1994-01-01,Ibar,1.3052451610565186,1.300958514213562,-0.004286646842956543
ebs,1994-02-01,Ibar,0.6845704317092896,0.6928804516792297,0.008310019969940186
ebs,1994-03-01,Ibar,0.205560103058815,0.20448234677314758,-0.0010777562856674194
ebs,1994-04-01,Ibar,0.18489065766334534,0.30662801861763,0.12173736095428467
ebs,1994-05-01,Ibar,0.39372697472572327,0.4418165683746338,0.04808959364891052
ebs,1994-06-01,Ibar,0.6715198159217834,0.6706246733665466,-0.0008951425552368164
ebs,1994-12-01,Ibar,0.2418622076511383,0.24113653600215912,-0.000725671648979187
ebs,1995-01-01,Ibar,0.2998758554458618,0.2981037497520447,-0.0017721056938171387
ebs,1995-02-01,Ibar,0.4656226933002472,0.4484472870826721,-0.017175406217575073
ebs,1995-03-01,Ibar,0.2101692259311676,0.19777677953243256,-0.012392446398735046
ebs,1995-04-01,Ibar,0.49264806509017944,0.5160447359085083,0.023396670818328857
ebs,1995-05-01,Ibar,0.701585054397583,0.6450542211532593,-0.05653083324432373
ebs,1995-11-01,Ibar,0.21235068142414093,0.21229241788387299,-5.8263540267944336e-05
ebs,1995-12-01,Ibar,0.6613858342170715,0.658258318901062,-0.0031275153160095215
ebs,1996-01-01,Ibar,1.371899127960205,1.3718528747558594,-4.6253204345703125e-05
ebs,1996-02-01,Ibar,1.2782468795776367,1.2603024244308472,-0.01794445514678955
ebs,1996-03-01,Ibar,0.6915495991706848,0.6914519667625427,-9.763240814208984e-05
ebs,1996-04-01,Ibar,0.840219259262085,0.8388981223106384,-0.0013211369514465332
ebs,1996-05-01,Ibar,1.2048313617706299,1.1765064001083374,-0.02832496166229248
ebs,1996-06-01,Ibar,1.088415503501892,1.0883151292800903,-0.00010037422180175781
ebs,1996-12-01,Ibar,1.1338578462600708,1.1338579654693604,1.1920928955078125e-07
ebs,1997-02-01,Ibar,0.15790078043937683,0.1568855196237564,-0.0010152608156204224
ebs,1997-03-01,Ibar,0.3086450695991516,0.30919793248176575,0.0005528628826141357
ebs,1997-04-01,Ibar,0.6705858111381531,0.64817875623703,-0.022407054901123047
ebs,1997-05-01,Ibar,0.5297865271568298,0.5213699340820312,-0.008416593074798584
ebs,1997-06-01,Ibar,2.098304271697998,2.0983290672302246,2.47955322265625e-05
ebs,1998-01-01,Ibar,0.34983572363853455,0.34945687651634216,-0.0003788471221923828
ebs,1998-03-01,Ibar,1.2162128686904907,1.2150919437408447,-0.001120924949645996
ebs,1998-04-01,Ibar,1.1998659372329712,1.1780450344085693,-0.021820902824401855
ebs,1998-05-01,Ibar,0.04574406147003174,0.09265584498643875,0.04691178351640701
ebs,1998-11-01,Ibar,0.5505123734474182,0.550491213798523,-2.1159648895263672e-05
ebs,1998-12-01,Ibar,0.19877372682094574,0.1985931694507599,-0.00018055737018585205
ebs,1999-01-01,Ibar,0.15330101549625397,0.1487666219472885,-0.004534393548965454
ebs,2000-02-01,Ibar,0.349776953458786,0.3582233190536499,0.008446365594863892
ebs,2000-03-01,Ibar,0.608046293258667,0.6101598143577576,0.002113521099090576
ebs,2000-11-01,Ibar,1.710368275642395,1.710185170173645,-0.00018310546875
ebs,2000-12-01,Ibar,1.3838273286819458,1.391322374343872,0.0074950456619262695
ebs,2001-01-01,Ibar,1.5289853811264038,1.498531699180603,-0.03045368194580078
ebs,2001-02-01,Ibar,1.7089511156082153,1.646004557609558,-0.06294655799865723
ebs,2001-03-01,Ibar,0.6827356219291687,0.657308042049408,-0.025427579879760742
ebs,2001-04-01,Ibar,1.0147360563278198,1.1892262697219849,0.17449021339416504
ebs,2001-05-01,Ibar,0.0,0.05100322887301445,0.05100322887301445
ebs,2001-06-01,Ibar,1.9547208547592163,1.9541889429092407,-0.0005319118499755859
ebs,2002-01-01,Ibar,0.1473439484834671,0.14215809106826782,-0.00518585741519928
ebs,2002-02-01,Ibar,0.33808591961860657,0.3378758728504181,-0.00021004676818847656
ebs,2002-03-01,Ibar,0.5420599579811096,0.5407479405403137,-0.0013120174407958984
ebs,2002-04-01,Ibar,0.31366074085235596,0.3044673502445221,-0.009193390607833862
ebs,2002-05-01,Ibar,0.6257842779159546,0.6161797642707825,-0.00960451364517212
ebs,2002-06-01,Ibar,0.9345749020576477,0.9349583983421326,0.0003834962844848633
ebs,2002-11-01,Ibar,2.2040555477142334,2.2040507793426514,-4.76837158203125e-06
ebs,2002-12-01,Ibar,1.6702629327774048,1.6781870126724243,0.007924079895019531
ebs,2003-01-01,Ibar,1.393118143081665,1.3854655027389526,-0.007652640342712402
ebs,2003-02-01,Ibar,1.640181303024292,1.6180143356323242,-0.022166967391967773
ebs,2003-03-01,Ibar,1.5559935569763184,1.5539666414260864,-0.0020269155502319336
ebs,2003-04-01,Ibar,1.2760649919509888,1.268666386604309,-0.0073986053466796875
ebs,2003-05-01,Ibar,1.9223626852035522,1.9183098077774048,-0.004052877426147461
ebs,2003-06-01,Ibar,2.22739577293396,2.227508783340454,0.00011301040649414062
ebs,2003-11-01,Ibar,1.6076608896255493,1.6076537370681763,-7.152557373046875e-06
ebs,2003-12-01,Ibar,1.41806960105896,1.417982578277588,-8.702278137207031e-05
ebs,2004-01-01,Ibar,1.3796931505203247,1.377174973487854,-0.002518177032470703
ebs,2004-02-01,Ibar,0.6182020902633667,0.613846480846405,-0.00435560941696167
ebs,2004-03-01,Ibar,0.7488989233970642,0.7504748106002808,0.0015758872032165527
ebs,2004-04-01,Ibar,0.5564935207366943,0.5567982792854309,0.00030475854873657227
ebs,2004-05-01,Ibar,1.3998616933822632,1.3989447355270386,-0.0009169578552246094
ebs,2004-06-01,Ibar,2.5414021015167236,2.5425572395324707,0.0011551380157470703
ebs,2004-07-01,Ibar,3.0134031772613525,3.013397216796875,-5.9604644775390625e-06
ebs,2004-11-01,Ibar,0.2133617252111435,0.21327559649944305,-8.612871170043945e-05
ebs,2004-12-01,Ibar,0.6079143285751343,0.6121804714202881,0.004266142845153809
ebs,2005-03-01,Ibar,0.980574369430542,0.9805743098258972,-5.960464477539063e-08
ebs,2005-04-01,Ibar,1.1982704401016235,1.1971232891082764,-0.001147150993347168
ebs,2005-05-01,Ibar,1.7552353143692017,1.7647520303726196,0.009516716003417969
ebs,2007-01-01,Ibar,0.4516218602657318,0.441691130399704,-0.009930729866027832
ebs,2007-02-01,Ibar,0.6217819452285767,0.49428826570510864,-0.12749367952346802
ebs,2007-05-01,Ibar,0.2906569242477417,0.25162333250045776,-0.039033591747283936
ebs,2007-06-01,Ibar,0.8285651803016663,0.8331167101860046,0.004551529884338379
ebs,2007-07-01,Ibar,2.9524450302124023,2.95231556892395,-0.00012946128845214844
ebs,2008-05-01,Ibar,0.10653112083673477,0.1081506609916687,0.0016195401549339294
ebs,2008-06-01,Ibar,0.31167542934417725,0.31541892886161804,0.003743499517440796
ebs,2009-06-01,Ibar,1.3550585508346558,1.3549494743347168,-0.00010907649993896484
ebs,2009-07-01,Ibar,2.3164796829223633,2.3163623809814453,-0.00011730194091796875
ebs,2011-03-01,Ibar,1.126818299293518,1.1268107891082764,-7.510185241699219e-06
ebs,2013-06-01,Ibar,2.0692503452301025,2.069031000137329,-0.0002193450927734375
ebs,2014-02-01,Ibar,0.6572951078414917,0.647817075252533,-0.00947803258895874
ebs,2014-04-01,Ibar,0.49915066361427307,0.4988412857055664,-0.00030937790870666504
ebs,2014-05-01,Ibar,2.2518012523651123,2.25174880027771,-5.245208740234375e-05
ebs,2014-11-01,Ibar,1.4965015649795532,1.4965014457702637,-1.1920928955078125e-07
ebs,2014-12-01,Ibar,1.4278638362884521,1.4276947975158691,-0.0001690387725830078
ebs,2015-01-01,Ibar,1.5318186283111572,1.53126060962677,-0.000558018684387207
ebs,2015-02-01,Ibar,1.5656770467758179,1.5656625032424927,-1.4543533325195312e-05
ebs,2015-03-01,Ibar,1.5099296569824219,1.509679913520813,-0.0002497434616088867
ebs,2015-04-01,Ibar,1.4845236539840698,1.4843125343322754,-0.0002111196517944336
ebs,2015-05-01,Ibar,2.330448627471924,2.330421209335327,-2.7418136596679688e-05
ebs,2015-06-01,Ibar,3.2884726524353027,3.288224220275879,-0.0002484321594238281
ebs,2015-12-01,Ibar,1.7335113286972046,1.7332370281219482,-0.00027430057525634766
ebs,2016-01-01,Ibar,1.3486419916152954,1.3502917289733887,0.0016497373580932617
ebs,2016-02-01,Ibar,1.6286259889602661,1.62685227394104,-0.0017737150192260742
ebs,2016-03-01,Ibar,1.6795138120651245,1.6771800518035889,-0.0023337602615356445
ebs,2016-04-01,Ibar,1.9679540395736694,1.9741965532302856,0.006242513656616211
ebs,2016-05-01,Ibar,2.6233644485473633,2.624962329864502,0.0015978813171386719
ebs,2016-06-01,Ibar,2.887953281402588,2.8881919384002686,0.00023865699768066406
ebs,2016-07-01,Ibar,3.224017858505249,3.2240169048309326,-9.5367431640625e-07
ebs,2016-11-01,Ibar,1.8705031871795654,1.8705023527145386,-8.344650268554688e-07
ebs,2016-12-01,Ibar,1.7756149768829346,1.7743010520935059,-0.001313924789428711
ebs,2017-01-01,Ibar,1.588602900505066,1.6325008869171143,0.04389798641204834
ebs,2017-02-01,Ibar,0.6201110482215881,1.0231138467788696,0.4030027985572815
ebs,2017-04-01,Ibar,1.0446991920471191,0.9752687215805054,-0.06943047046661377
ebs,2017-05-01,Ibar,1.8124163150787354,1.8038429021835327,-0.008573412895202637
ebs,2017-06-01,Ibar,2.85286283493042,2.8551888465881348,0.0023260116577148438
ebs,2017-12-01,Ibar,1.231992483139038,1.2203927040100098,-0.01159977912902832
ebs,2018-01-01,Ibar,1.2363059520721436,1.2306556701660156,-0.00565028190612793
ebs,2018-02-01,Ibar,1.3877044916152954,1.3878084421157837,0.00010395050048828125
ebs,2018-03-01,Ibar,1.3476492166519165,1.3475632667541504,-8.594989776611328e-05
ebs,2018-04-01,Ibar,1.394679307937622,1.367666244506836,-0.027013063430786133
ebs,2018-05-01,Ibar,1.768560528755188,1.776970386505127,0.008409857749938965
ebs,2018-06-01,Ibar,3.0938076972961426,3.0937397480010986,-6.794929504394531e-05
ebs,2018-07-01,Ibar,3.307922840118408,3.3079183101654053,-4.5299530029296875e-06
ebs,2018-11-01,Ibar,1.8587565422058105,1.8587313890457153,-2.5153160095214844e-05
ebs,2018-12-01,Ibar,1.408069372177124,1.40598726272583,-0.0020821094512939453
ebs,2019-02-01,Ibar,1.291844367980957,1.2917002439498901,-0.00014412403106689453
ebs,2019-03-01,Ibar,1.4441707134246826,1.442015290260315,-0.0021554231643676758
ebs,2019-04-01,Ibar,1.7752305269241333,1.7736742496490479,-0.0015562772750854492
ebs,2019-05-01,Ibar,2.358778476715088,2.3620433807373047,0.003264904022216797
ebs,2019-06-01,Ibar,3.046353578567505,3.0460751056671143,-0.000278472900390625
ebs,2019-07-01,Ibar,3.0234591960906982,3.023458957672119,-2.384185791015625e-07
ebs,2019-11-01,Ibar,1.7054696083068848,1.7054600715637207,-9.5367431640625e-06
ebs,2019-12-01,Ibar,1.693599820137024,1.6932154893875122,-0.00038433074951171875
ebs,2020-03-01,Ibar,0.9253958463668823,0.9253845810890198,-1.1265277862548828e-05
ebs,2020-04-01,Ibar,1.1151912212371826,1.1137901544570923,-0.001401066780090332
ebs,2020-05-01,Ibar,1.8475645780563354,1.8474828004837036,-8.177757263183594e-05
ebs,2020-06-01,Ibar,2.548586368560791,2.548955202102661,0.0003688335418701172
ebs,2020-11-01,Ibar,1.7134970426559448,1.7131584882736206,-0.00033855438232421875
ebs,2020-12-01,Ibar,1.3368752002716064,1.3352206945419312,-0.001654505729675293
ebs,2021-01-01,Ibar,0.8168150782585144,0.8167918920516968,-2.3186206817626953e-05
ebs,2021-02-01,Ibar,1.2416054010391235,1.2415953874588013,-1.0013580322265625e-05
ebs,2021-03-01,Ibar,1.32693612575531,1.3269296884536743,-6.4373016357421875e-06
ebs,2021-04-01,Ibar,1.027143120765686,1.026681661605835,-0.0004614591598510742
ebs,2021-05-01,Ibar,1.893924593925476,1.8963770866394043,0.0024524927139282227
ebs,2021-06-01,Ibar,2.2811872959136963,2.280421018600464,-0.0007662773132324219
ebs,2022-05-01,Ibar,1.6571736335754395,1.656277060508728,-0.0008965730667114258
ebs,2022-06-01,Ibar,3.7725625038146973,3.7725112438201904,-5.125999450683594e-05
ebs,2023-01-01,Ibar,1.217104196548462,1.217099905014038,-4.291534423828125e-06
ebs,2023-02-01,Ibar,1.3295198678970337,1.3293014764785767,-0.00021839141845703125
ebs,2023-05-01,Ibar,0.1891610026359558,0.18573255836963654,-0.003428444266319275
ebs,2023-11-01,Ibar,1.2981687784194946,1.2981550693511963,-1.3709068298339844e-05
ebs,2023-12-01,Ibar,0.6323129534721375,0.6321722865104675,-0.00014066696166992188
ebs,2024-01-01,Ibar,1.1782673597335815,1.1783051490783691,3.7789344787597656e-05
ebs,2024-04-01,Ibar,0.09587730467319489,0.0954865962266922,-0.00039070844650268555
ebs,2024-05-01,Ibar,0.21730197966098785,0.21649698913097382,-0.0008049905300140381
ebs,2024-12-01,Ibar,1.0501160621643066,1.0496798753738403,-0.0004361867904663086
ebs,2025-01-01,Ibar,1.541987657546997,1.5401341915130615,-0.0018534660339355469
ebs,2025-02-01,Ibar,1.4056609869003296,1.397002100944519,-0.008658885955810547
ebs,2025-03-01,Ibar,1.1117795705795288,1.1116666793823242,-0.00011289119720458984
ebs,2025-04-01,Ibar,1.2123280763626099,1.2091939449310303,-0.00313413143157959
ebs,2025-05-01,Ibar,1.567352294921875,1.5645339488983154,-0.0028183460235595703
ebs,2025-06-01,Ibar,3.769380807876587,3.7720372676849365,0.0026564598083496094
ebs,2025-07-01,Ibar,2.2943484783172607,2.2943477630615234,-7.152557373046875e-07
ebs,2025-11-01,Ibar,0.9803984761238098,0.9803982377052307,-2.384185791015625e-07
ebs,2025-12-01,Ibar,1.0198396444320679,1.021705150604248,0.0018655061721801758
ebs,2026-01-01,Ibar,1.0365492105484009,1.0429497957229614,0.006400585174560547
ebs,2026-06-01,Ibar,4.017275333404541,4.022871494293213,0.005596160888671875
ebs,1982-02-01,Dbar,8.208776473999023,8.167096138000488,-0.041680335998535156
ebs,1982-03-01,Dbar,12.574670791625977,12.583677291870117,0.009006500244140625
ebs,1982-04-01,Dbar,3.7468886375427246,3.7722790241241455,0.0253903865814209
ebs,1982-05-01,Dbar,1.7037198543548584,1.7029036283493042,-0.0008162260055541992
ebs,1983-03-01,Dbar,8.108840942382812,8.108325004577637,-0.0005159378051757812
ebs,1983-04-01,Dbar,6.937289237976074,6.9352803230285645,-0.0020089149475097656
ebs,1983-05-01,Dbar,4.336497783660889,4.3346781730651855,-0.001819610595703125
ebs,1983-12-01,Dbar,3.9529359340667725,4.005173683166504,0.052237749099731445
ebs,1984-01-01,Dbar,6.087729454040527,6.142197608947754,0.05446815490722656
ebs,1984-03-01,Dbar,6.335894584655762,6.492191314697266,0.1562967300415039
ebs,1984-12-01,Dbar,5.041088581085205,5.0436787605285645,0.002590179443359375
ebs,1985-01-01,Dbar,7.857466220855713,7.920773506164551,0.06330728530883789
ebs,1985-02-01,Dbar,12.544837951660156,12.682011604309082,0.13717365264892578
ebs,1986-01-01,Dbar,2.726577043533325,2.8250527381896973,0.09847569465637207
ebs,1986-02-01,Dbar,2.296792507171631,2.403935194015503,0.10714268684387207
ebs,1986-03-01,Dbar,6.569492816925049,6.774448394775391,0.2049555778503418
ebs,1986-04-01,Dbar,7.796785831451416,7.746567249298096,-0.05021858215332031
ebs,1987-01-01,Dbar,1.924100399017334,1.8387097120285034,-0.08539068698883057
ebs,1987-04-01,Dbar,7.943679332733154,7.940455436706543,-0.003223896026611328
ebs,1987-12-01,Dbar,3.5886967182159424,0.9354838728904724,-2.65321284532547
ebs,1988-01-01,Dbar,5.306149959564209,3.4364898204803467,-1.8696601390838623
ebs,1988-02-01,Dbar,7.2798662185668945,7.278740406036377,-0.0011258125305175781
ebs,1988-04-01,Dbar,2.584514856338501,2.533926248550415,-0.05058860778808594
ebs,1989-02-01,Dbar,7.421690464019775,7.884047508239746,0.4623570442199707
ebs,1989-03-01,Dbar,12.54051399230957,14.32450008392334,1.7839860916137695
ebs,1989-04-01,Dbar,9.698368072509766,10.491695404052734,0.7933273315429688
ebs,1989-05-01,Dbar,0.8465220928192139,0.8295145630836487,-0.017007529735565186
ebs,1990-12-01,Dbar,1.244524598121643,1.2486021518707275,0.004077553749084473
ebs,1991-01-01,Dbar,4.196567535400391,4.154334545135498,-0.04223299026489258
ebs,1991-03-01,Dbar,3.2134768962860107,3.471541404724121,0.25806450843811035
ebs,1992-02-01,Dbar,1.2483649253845215,1.2420141696929932,-0.00635075569152832
ebs,1992-04-01,Dbar,1.116435170173645,0.6164351105690002,-0.5000000596046448
ebs,1992-06-01,Dbar,1.3400483131408691,1.2699319124221802,-0.07011640071868896
ebs,1993-02-01,Dbar,1.9977294206619263,1.993850827217102,-0.0038785934448242188
ebs,1993-03-01,Dbar,4.385781288146973,3.9966142177581787,-0.38916707038879395
ebs,1993-04-01,Dbar,3.274885416030884,3.323777198791504,0.04889178276062012
ebs,1993-12-01,Dbar,8.583974838256836,9.03561782836914,0.4516429901123047
ebs,1994-01-01,Dbar,8.034083366394043,6.641563892364502,-1.392519474029541
ebs,1994-02-01,Dbar,3.84540057182312,4.775904178619385,0.9305036067962646
ebs,1994-04-01,Dbar,1.096868634223938,2.930202007293701,1.8333333730697632
ebs,1994-05-01,Dbar,0.8153058886528015,1.1528068780899048,0.33750098943710327
ebs,1994-06-01,Dbar,1.160016655921936,1.1544651985168457,-0.005551457405090332
ebs,1995-03-01,Dbar,1.7187111377716064,1.4836463928222656,-0.23506474494934082
ebs,1995-04-01,Dbar,4.733129024505615,5.08497428894043,0.35184526443481445
ebs,1995-05-01,Dbar,3.7998881340026855,3.3661890029907227,-0.4336991310119629
ebs,1995-12-01,Dbar,1.975557804107666,1.9757424592971802,0.00018465518951416016
ebs,1996-01-01,Dbar,7.5217108726501465,7.516385078430176,-0.005325794219970703
ebs,1996-02-01,Dbar,9.39240837097168,9.336341857910156,-0.05606651306152344
ebs,1996-03-01,Dbar,2.845029830932617,3.1440582275390625,0.2990283966064453
ebs,1996-04-01,Dbar,2.7225306034088135,2.7237961292266846,0.0012655258178710938
ebs,1996-05-01,Dbar,2.8002192974090576,2.8357951641082764,0.03557586669921875
ebs,1996-06-01,Dbar,2.392357110977173,2.390564203262329,-0.00179290771484375
ebs,1997-04-01,Dbar,2.466675043106079,2.4526491165161133,-0.01402592658996582
ebs,1997-05-01,Dbar,0.8846438527107239,0.9332593679428101,0.04861551523208618
ebs,1997-06-01,Dbar,7.203918933868408,7.203531742095947,-0.0003871917724609375
ebs,1998-03-01,Dbar,6.0312981605529785,6.0160980224609375,-0.015200138092041016
ebs,1998-04-01,Dbar,10.53409481048584,9.300187110900879,-1.233907699584961
ebs,1998-05-01,Dbar,0.29032257199287415,0.6129032373428345,0.3225806653499603
ebs,2000-02-01,Dbar,2.178509473800659,2.120779514312744,-0.05772995948791504
ebs,2000-03-01,Dbar,4.2631120681762695,4.310638427734375,0.04752635955810547
ebs,2000-12-01,Dbar,7.980050563812256,8.395906448364258,0.41585588455200195
ebs,2001-01-01,Dbar,6.141695976257324,6.52196741104126,0.38027143478393555
ebs,2001-02-01,Dbar,14.524882316589355,14.809972763061523,0.28509044647216797
ebs,2001-03-01,Dbar,3.659064531326294,3.6169703006744385,-0.04209423065185547
ebs,2001-04-01,Dbar,3.2562081813812256,4.199763298034668,0.9435551166534424
ebs,2001-05-01,Dbar,0.0,0.5483871102333069,0.5483871102333069
ebs,2002-04-01,Dbar,1.4358718395233154,1.4423295259475708,0.006457686424255371
ebs,2002-05-01,Dbar,1.4968769550323486,1.4790922403335571,-0.017784714698791504
ebs,2002-12-01,Dbar,7.543184757232666,7.68239688873291,0.13921213150024414
ebs,2003-01-01,Dbar,7.627586841583252,7.653876304626465,0.02628946304321289
ebs,2003-02-01,Dbar,6.934696197509766,6.908717155456543,-0.025979042053222656
ebs,2003-03-01,Dbar,13.287351608276367,13.229058265686035,-0.05829334259033203
ebs,2003-04-01,Dbar,9.93795394897461,9.96869945526123,0.030745506286621094
ebs,2003-05-01,Dbar,7.621787071228027,7.558890342712402,-0.062896728515625
ebs,2003-06-01,Dbar,5.674981594085693,5.638923645019531,-0.03605794906616211
ebs,2003-12-01,Dbar,12.890480041503906,12.890594482421875,0.00011444091796875
ebs,2004-01-01,Dbar,16.310577392578125,16.063125610351562,-0.2474517822265625
ebs,2004-02-01,Dbar,3.6318209171295166,3.5512890815734863,-0.08053183555603027
ebs,2004-03-01,Dbar,4.559469699859619,4.563477039337158,0.0040073394775390625
ebs,2004-05-01,Dbar,3.088106155395508,3.085993766784668,-0.0021123886108398438
ebs,2004-06-01,Dbar,6.984652042388916,6.99216365814209,0.007511615753173828
ebs,2005-05-01,Dbar,3.580719470977783,3.556138038635254,-0.024581432342529297
ebs,2007-01-01,Dbar,1.9808738231658936,1.9486157894134521,-0.032258033752441406
ebs,2007-02-01,Dbar,3.625,2.9107143878936768,-0.7142856121063232
ebs,2007-05-01,Dbar,0.8277890682220459,0.7096773982048035,-0.11811167001724243
ebs,2007-06-01,Dbar,1.087792158126831,1.091209053993225,0.003416895866394043
ebs,2008-05-01,Dbar,0.08193763345479965,0.08213138580322266,0.00019375234842300415
ebs,2008-06-01,Dbar,0.5340316891670227,0.536096453666687,0.0020647644996643066
ebs,2014-02-01,Dbar,3.1096761226654053,3.1427435874938965,0.03306746482849121
ebs,2014-12-01,Dbar,10.189342498779297,10.190114974975586,0.0007724761962890625
ebs,2015-01-01,Dbar,15.500116348266602,15.508862495422363,0.008746147155761719
ebs,2015-02-01,Dbar,21.647705078125,21.6485538482666,0.0008487701416015625
ebs,2015-03-01,Dbar,16.671730041503906,16.674381256103516,0.002651214599609375
ebs,2015-12-01,Dbar,7.0419921875,7.042327404022217,0.0003352165222167969
ebs,2016-01-01,Dbar,4.476590633392334,4.434107780456543,-0.042482852935791016
ebs,2016-02-01,Dbar,6.263805389404297,6.271210670471191,0.007405281066894531
ebs,2016-03-01,Dbar,8.633770942687988,8.64364242553711,0.009871482849121094
ebs,2016-04-01,Dbar,11.160201072692871,11.222147941589355,0.061946868896484375
ebs,2016-05-01,Dbar,18.94076156616211,18.86346435546875,-0.07729721069335938
ebs,2016-06-01,Dbar,29.948482513427734,29.863048553466797,-0.0854339599609375
ebs,2016-07-01,Dbar,26.969125747680664,26.91326332092285,-0.0558624267578125
ebs,2016-08-01,Dbar,37.56761932373047,37.51322555541992,-0.054393768310546875
ebs,2016-09-01,Dbar,38.82572555541992,38.79806137084961,-0.0276641845703125
ebs,2016-12-01,Dbar,38.98444366455078,38.94978332519531,-0.03466033935546875
ebs,2017-01-01,Dbar,44.251708984375,44.865501403808594,0.6137924194335938
ebs,2017-02-01,Dbar,10.12253475189209,5.778064727783203,-4.344470024108887
ebs,2017-05-01,Dbar,6.114763259887695,5.975986957550049,-0.13877630233764648
ebs,2017-06-01,Dbar,7.027282238006592,7.022989273071289,-0.004292964935302734
ebs,2017-12-01,Dbar,8.487737655639648,8.39457893371582,-0.09315872192382812
ebs,2018-01-01,Dbar,4.588906288146973,4.6030449867248535,0.01413869857788086
ebs,2018-02-01,Dbar,12.286827087402344,12.311944961547852,0.025117874145507812
ebs,2018-03-01,Dbar,29.27395248413086,29.299705505371094,0.025753021240234375
ebs,2018-04-01,Dbar,10.12755012512207,10.123394012451172,-0.0041561126708984375
ebs,2018-05-01,Dbar,9.521970748901367,8.31393051147461,-1.2080402374267578
ebs,2018-06-01,Dbar,5.055720806121826,5.051950454711914,-0.0037703514099121094
ebs,2018-07-01,Dbar,12.996644020080566,12.996256828308105,-0.0003871917724609375
ebs,2018-12-01,Dbar,10.624238014221191,10.624974250793457,0.000736236572265625
ebs,2019-02-01,Dbar,10.200295448303223,10.204008102416992,0.0037126541137695312
ebs,2019-03-01,Dbar,13.040911674499512,13.070058822631836,0.02914714813232422
ebs,2019-04-01,Dbar,12.572449684143066,12.626977920532227,0.054528236389160156
ebs,2019-05-01,Dbar,24.880857467651367,25.003015518188477,0.12215805053710938
ebs,2019-06-01,Dbar,18.440387725830078,18.407468795776367,-0.03291893005371094
ebs,2019-07-01,Dbar,18.668197631835938,18.650436401367188,-0.01776123046875
ebs,2019-08-01,Dbar,15.245859146118164,15.244406700134277,-0.0014524459838867188
ebs,2019-12-01,Dbar,20.059743881225586,20.06905174255371,0.009307861328125
ebs,2020-04-01,Dbar,4.719526767730713,4.717419147491455,-0.0021076202392578125
ebs,2020-05-01,Dbar,5.85762357711792,5.857268810272217,-0.000354766845703125
ebs,2020-06-01,Dbar,9.448058128356934,9.44589614868164,-0.0021619796752929688
ebs,2020-12-01,Dbar,7.739492893218994,7.728649139404297,-0.010843753814697266
ebs,2021-01-01,Dbar,5.9508161544799805,5.947856426239014,-0.002959728240966797
ebs,2021-04-01,Dbar,3.212326765060425,3.2131991386413574,0.0008723735809326172
ebs,2021-05-01,Dbar,5.2379679679870605,5.213999271392822,-0.02396869659423828
ebs,2023-02-01,Dbar,24.797985076904297,24.807193756103516,0.00920867919921875
ebs,2023-12-01,Dbar,5.169582843780518,5.170408248901367,0.0008254051208496094
ebs,2024-01-01,Dbar,7.370908737182617,7.370978832244873,7.009506225585938e-05
ebs,2024-12-01,Dbar,3.0183298587799072,3.013997793197632,-0.004332065582275391
ebs,2025-01-01,Dbar,12.047167778015137,12.101118087768555,0.05395030975341797
ebs,2025-02-01,Dbar,18.085180282592773,18.00591278076172,-0.07926750183105469
ebs,2025-04-01,Dbar,9.695124626159668,9.689443588256836,-0.005681037902832031
ebs,2025-05-01,Dbar,11.091485977172852,11.073219299316406,-0.018266677856445312
ebs,2025-06-01,Dbar,4.546389102935791,4.547636985778809,0.0012478828430175781
ebs,2025-12-01,Dbar,9.188469886779785,9.201269149780273,0.012799263000488281
ebs,2026-01-01,Dbar,8.113561630249023,8.119600296020508,0.006038665771484375
ebs,2026-06-01,Dbar,7.46368932723999,7.465177536010742,0.0014882087707519531
ebs,1982-02-01,Cbar,8.922091484069824,8.821212768554688,-0.10087871551513672
ebs,1982-03-01,Cbar,18.244260787963867,18.25010108947754,0.005840301513671875
ebs,1982-04-01,Cbar,4.223321914672852,4.232625484466553,0.009303569793701172
ebs,1982-05-01,Cbar,2.196204662322998,2.193539619445801,-0.0026650428771972656
ebs,1983-02-01,Cbar,1.0034327507019043,1.0029910802841187,-0.00044167041778564453
ebs,1983-03-01,Cbar,9.027464866638184,9.034608840942383,0.007143974304199219
ebs,1983-04-01,Cbar,8.659852981567383,8.656320571899414,-0.00353240966796875
ebs,1983-05-01,Cbar,7.400933265686035,7.4262847900390625,0.025351524353027344
ebs,1983-06-01,Cbar,6.397885322570801,6.397934436798096,4.9114227294921875e-05
ebs,1983-11-01,Cbar,0.03300027921795845,0.032999224960803986,-1.0542571544647217e-06
ebs,1983-12-01,Cbar,4.624383449554443,4.685820579528809,0.061437129974365234
ebs,1984-01-01,Cbar,7.851329803466797,7.955231666564941,0.10390186309814453
ebs,1984-02-01,Cbar,13.094717025756836,13.0928955078125,-0.0018215179443359375
ebs,1984-03-01,Cbar,4.453067779541016,4.498958587646484,0.04589080810546875
ebs,1984-04-01,Cbar,5.140197277069092,5.140174388885498,-2.288818359375e-05
ebs,1984-06-01,Cbar,7.175241947174072,7.178006649017334,0.0027647018432617188
ebs,1984-07-01,Cbar,2.9066078662872314,2.9065279960632324,-7.987022399902344e-05
ebs,1984-12-01,Cbar,5.764896392822266,5.765700817108154,0.0008044242858886719
ebs,1985-01-01,Cbar,11.256288528442383,11.355000495910645,0.09871196746826172
ebs,1985-02-01,Cbar,18.549396514892578,18.56013298034668,0.010736465454101562
ebs,1985-03-01,Cbar,3.3358154296875,3.338779926300049,0.002964496612548828
ebs,1985-12-01,Cbar,4.468059539794922,4.4601054191589355,-0.007954120635986328
ebs,1986-01-01,Cbar,3.0351247787475586,3.1861045360565186,0.15097975730895996
ebs,1986-02-01,Cbar,2.4901890754699707,2.4691364765167236,-0.02105259895324707
ebs,1986-03-01,Cbar,3.7762467861175537,3.8830103874206543,0.10676360130310059
ebs,1986-04-01,Cbar,6.6083984375,6.678343296051025,0.06994485855102539
ebs,1986-06-01,Cbar,1.003656029701233,0.9986547827720642,-0.005001246929168701
ebs,1986-07-01,Cbar,1.7926710844039917,1.7926055192947388,-6.556510925292969e-05
ebs,1986-12-01,Cbar,2.9059414863586426,2.9064273834228516,0.0004858970642089844
ebs,1987-01-01,Cbar,2.2890851497650146,2.1806652545928955,-0.10841989517211914
ebs,1987-02-01,Cbar,5.650760173797607,5.533756732940674,-0.1170034408569336
ebs,1987-03-01,Cbar,3.7966411113739014,3.7966456413269043,4.5299530029296875e-06
ebs,1987-04-01,Cbar,11.248668670654297,11.241435050964355,-0.007233619689941406
ebs,1987-05-01,Cbar,1.4083424806594849,1.4078869819641113,-0.00045549869537353516
ebs,1987-12-01,Cbar,0.9857967495918274,1.2109763622283936,0.22517961263656616
ebs,1988-01-01,Cbar,3.5086424350738525,3.110689401626587,-0.3979530334472656
ebs,1988-02-01,Cbar,10.70307445526123,10.672233581542969,-0.03084087371826172
ebs,1988-03-01,Cbar,2.8863933086395264,2.8699564933776855,-0.01643681526184082
ebs,1988-04-01,Cbar,1.7803938388824463,1.7008801698684692,-0.07951366901397705
ebs,1989-01-01,Cbar,0.5639238953590393,0.5624949336051941,-0.0014289617538452148
ebs,1989-02-01,Cbar,7.124868869781494,7.044369220733643,-0.08049964904785156
ebs,1989-03-01,Cbar,10.93332290649414,11.99864387512207,1.0653209686279297
ebs,1989-04-01,Cbar,6.706254005432129,6.9622883796691895,0.25603437423706055
ebs,1989-05-01,Cbar,0.9583674669265747,0.93699049949646,-0.021376967430114746
ebs,1989-12-01,Cbar,2.310770273208618,2.3049092292785645,-0.005861043930053711
ebs,1990-06-01,Cbar,2.175147533416748,2.1751503944396973,2.86102294921875e-06
ebs,1990-12-01,Cbar,1.0273994207382202,1.0293493270874023,0.001949906349182129
ebs,1991-01-01,Cbar,4.8518524169921875,4.7937164306640625,-0.058135986328125
ebs,1991-02-01,Cbar,0.6607637405395508,0.6421619057655334,-0.018601834774017334
ebs,1991-03-01,Cbar,2.039733648300171,2.1529176235198975,0.11318397521972656
ebs,1991-06-01,Cbar,1.8428982496261597,1.8309117555618286,-0.011986494064331055
ebs,1992-01-01,Cbar,1.026755690574646,0.9917353391647339,-0.03502035140991211
ebs,1992-02-01,Cbar,1.2166616916656494,1.1703356504440308,-0.04632604122161865
ebs,1992-04-01,Cbar,1.230277419090271,0.8138588666915894,-0.41641855239868164
ebs,1992-06-01,Cbar,3.2100770473480225,3.0730302333831787,-0.13704681396484375
ebs,1992-12-01,Cbar,0.1145525872707367,0.11295931786298752,-0.001593269407749176
ebs,1993-01-01,Cbar,3.2996842861175537,3.28309965133667,-0.01658463478088379
ebs,1993-02-01,Cbar,1.3486239910125732,1.3657071590423584,0.017083168029785156
ebs,1993-03-01,Cbar,2.63495135307312,2.3885133266448975,-0.24643802642822266
ebs,1993-04-01,Cbar,3.7051010131835938,3.7108545303344727,0.005753517150878906
ebs,1993-05-01,Cbar,1.4381277561187744,1.430941104888916,-0.0071866512298583984
ebs,1993-12-01,Cbar,14.084220886230469,14.919681549072266,0.8354606628417969
ebs,1994-01-01,Cbar,11.202223777770996,8.982909202575684,-2.2193145751953125
ebs,1994-02-01,Cbar,3.6824772357940674,4.215151309967041,0.5326740741729736
ebs,1994-03-01,Cbar,0.8600589632987976,0.8542159199714661,-0.005843043327331543
ebs,1994-04-01,Cbar,0.7708142995834351,2.1425695419311523,1.3717552423477173
ebs,1994-05-01,Cbar,1.2442606687545776,1.7743191719055176,0.5300585031509399
ebs,1994-06-01,Cbar,2.5346295833587646,2.517094850540161,-0.017534732818603516
ebs,1994-12-01,Cbar,0.7388105988502502,0.7377234101295471,-0.001087188720703125
ebs,1995-01-01,Cbar,1.994563102722168,1.9863163232803345,-0.008246779441833496
ebs,1995-02-01,Cbar,2.1342720985412598,2.047201156616211,-0.08707094192504883
ebs,1995-03-01,Cbar,1.0792546272277832,0.8954194188117981,-0.1838352084159851
ebs,1995-04-01,Cbar,3.0091335773468018,3.2351202964782715,0.22598671913146973
ebs,1995-05-01,Cbar,4.015971660614014,3.4510724544525146,-0.564899206161499
ebs,1995-11-01,Cbar,0.5225074887275696,0.5224187970161438,-8.869171142578125e-05
ebs,1995-12-01,Cbar,2.013704538345337,2.0054171085357666,-0.008287429809570312
ebs,1996-01-01,Cbar,10.777178764343262,10.768380165100098,-0.008798599243164062
ebs,1996-02-01,Cbar,14.186281204223633,14.037064552307129,-0.1492166519165039
ebs,1996-03-01,Cbar,2.2285478115081787,2.376436233520508,0.1478884220123291
ebs,1996-04-01,Cbar,3.845324754714966,3.8447797298431396,-0.0005450248718261719
ebs,1996-05-01,Cbar,4.071035385131836,3.995103359222412,-0.07593202590942383
ebs,1996-06-01,Cbar,4.138047695159912,4.134223461151123,-0.0038242340087890625
ebs,1996-12-01,Cbar,11.040409088134766,11.040406227111816,-2.86102294921875e-06
ebs,1997-02-01,Cbar,0.4944304823875427,0.4912729263305664,-0.0031575560569763184
ebs,1997-03-01,Cbar,1.2837423086166382,1.2861807346343994,0.0024384260177612305
ebs,1997-04-01,Cbar,2.1127426624298096,2.043936014175415,-0.06880664825439453
ebs,1997-05-01,Cbar,1.2798970937728882,1.2818567752838135,0.001959681510925293
ebs,1997-06-01,Cbar,18.47764015197754,18.475990295410156,-0.0016498565673828125
ebs,1998-01-01,Cbar,1.870615839958191,1.8695675134658813,-0.0010483264923095703
ebs,1998-03-01,Cbar,7.573228359222412,7.5426859855651855,-0.030542373657226562
ebs,1998-04-01,Cbar,11.883405685424805,10.495564460754395,-1.3878412246704102
ebs,1998-05-01,Cbar,0.48724108934402466,1.0436718463897705,0.5564307570457458
ebs,1998-11-01,Cbar,1.9105114936828613,1.9104903936386108,-2.110004425048828e-05
ebs,1998-12-01,Cbar,0.7867470383644104,0.7862628102302551,-0.00048422813415527344
ebs,1999-01-01,Cbar,0.5524557828903198,0.5372260212898254,-0.015229761600494385
ebs,2000-02-01,Cbar,1.5536391735076904,1.5493801832199097,-0.004258990287780762
ebs,2000-03-01,Cbar,3.212290048599243,3.2648448944091797,0.05255484580993652
ebs,2000-11-01,Cbar,16.41242027282715,16.412109375,-0.0003108978271484375
ebs,2000-12-01,Cbar,12.231581687927246,12.992622375488281,0.7610406875610352
ebs,2001-01-01,Cbar,10.35766315460205,10.724553108215332,0.36688995361328125
ebs,2001-02-01,Cbar,29.52644157409668,29.799516677856445,0.2730751037597656
ebs,2001-03-01,Cbar,3.2100625038146973,3.010463237762451,-0.1995992660522461
ebs,2001-04-01,Cbar,4.327965259552002,5.03338098526001,0.7054157257080078
ebs,2001-05-01,Cbar,0.0,0.4119398593902588,0.4119398593902588
ebs,2001-06-01,Cbar,8.495656967163086,8.493274688720703,-0.0023822784423828125
ebs,2002-01-01,Cbar,0.454414039850235,0.43905824422836304,-0.015355795621871948
ebs,2002-02-01,Cbar,1.1956491470336914,1.195439100265503,-0.00021004676818847656
ebs,2002-03-01,Cbar,2.6030993461608887,2.5978775024414062,-0.005221843719482422
ebs,2002-04-01,Cbar,1.3093135356903076,1.2924797534942627,-0.016833782196044922
ebs,2002-05-01,Cbar,2.5545194149017334,2.4806020259857178,-0.07391738891601562
ebs,2002-06-01,Cbar,4.269979476928711,4.271583080291748,0.0016036033630371094
ebs,2002-11-01,Cbar,18.709331512451172,18.709325790405273,-5.7220458984375e-06
ebs,2002-12-01,Cbar,14.20380973815918,14.518614768981934,0.3148050308227539
ebs,2003-01-01,Cbar,11.981955528259277,11.980337142944336,-0.0016183853149414062
ebs,2003-02-01,Cbar,10.801980972290039,10.576765060424805,-0.22521591186523438
ebs,2003-03-01,Cbar,24.643339157104492,24.463726043701172,-0.1796131134033203
ebs,2003-04-01,Cbar,12.449752807617188,12.431336402893066,-0.018416404724121094
ebs,2003-05-01,Cbar,15.035469055175781,14.891730308532715,-0.1437387466430664
ebs,2003-06-01,Cbar,13.070268630981445,12.994050979614258,-0.0762176513671875
ebs,2003-11-01,Cbar,24.468875885009766,24.4688663482666,-9.5367431640625e-06
ebs,2003-12-01,Cbar,20.989383697509766,20.989240646362305,-0.0001430511474609375
ebs,2004-01-01,Cbar,28.002126693725586,27.46515655517578,-0.5369701385498047
ebs,2004-02-01,Cbar,3.348010778427124,3.2782435417175293,-0.06976723670959473
ebs,2004-03-01,Cbar,4.716617107391357,4.729385852813721,0.012768745422363281
ebs,2004-04-01,Cbar,2.5013911724090576,2.5016961097717285,0.00030493736267089844
ebs,2004-05-01,Cbar,5.5102434158325195,5.501391887664795,-0.00885152816772461
ebs,2004-06-01,Cbar,17.281726837158203,17.29979133605957,0.018064498901367188
ebs,2004-07-01,Cbar,29.362272262573242,29.359586715698242,-0.002685546875
ebs,2004-08-01,Cbar,50.707130432128906,50.704559326171875,-0.00257110595703125
ebs,2004-09-01,Cbar,23.016984939575195,23.016611099243164,-0.00037384033203125
ebs,2004-11-01,Cbar,0.38314974308013916,0.38305574655532837,-9.399652481079102e-05
ebs,2004-12-01,Cbar,2.5528910160064697,2.5648486614227295,0.011957645416259766
ebs,2005-03-01,Cbar,4.859523773193359,4.85952091217041,-2.86102294921875e-06
ebs,2005-04-01,Cbar,4.392540454864502,4.389583110809326,-0.0029573440551757812
ebs,2005-05-01,Cbar,7.419161319732666,7.397128105163574,-0.022033214569091797
ebs,2007-01-01,Cbar,2.2581968307495117,2.2482662200927734,-0.009930610656738281
ebs,2007-02-01,Cbar,3.3428478240966797,2.902956247329712,-0.4398915767669678
ebs,2007-05-01,Cbar,0.8622130155563354,0.7178011536598206,-0.1444118618965149
ebs,2007-06-01,Cbar,3.178351879119873,3.198668956756592,0.02031707763671875
ebs,2007-07-01,Cbar,18.72970199584961,18.729448318481445,-0.0002536773681640625
ebs,2008-05-01,Cbar,0.13268502056598663,0.13509860634803772,0.0024135857820510864
ebs,2008-06-01,Cbar,1.1776708364486694,1.1965848207473755,0.018913984298706055
ebs,2009-06-01,Cbar,6.1179070472717285,6.117447853088379,-0.0004591941833496094
ebs,2009-07-01,Cbar,10.912985801696777,10.910953521728516,-0.0020322799682617188
ebs,2011-03-01,Cbar,4.44725227355957,4.447245121002197,-7.152557373046875e-06
ebs,2013-06-01,Cbar,7.702253818511963,7.701234340667725,-0.0010194778442382812
ebs,2014-02-01,Cbar,3.936643600463867,3.950927495956421,0.014283895492553711
ebs,2014-04-01,Cbar,1.328300952911377,1.3275151252746582,-0.00078582763671875
ebs,2014-05-01,Cbar,15.245362281799316,15.245011329650879,-0.0003509521484375
ebs,2014-12-01,Cbar,14.539383888244629,14.539884567260742,0.0005006790161132812
ebs,2015-01-01,Cbar,22.991558074951172,23.000150680541992,0.008592605590820312
ebs,2015-02-01,Cbar,29.66653823852539,29.66781234741211,0.00127410888671875
ebs,2015-03-01,Cbar,24.564382553100586,24.56595230102539,0.0015697479248046875
ebs,2015-04-01,Cbar,21.20513343811035,21.204212188720703,-0.0009212493896484375
ebs,2015-05-01,Cbar,11.33621883392334,11.336077690124512,-0.000141143798828125
ebs,2015-06-01,Cbar,22.774885177612305,22.774290084838867,-0.0005950927734375
ebs,2015-12-01,Cbar,13.405218124389648,13.40381908416748,-0.0013990402221679688
ebs,2016-01-01,Cbar,7.843119144439697,7.765737056732178,-0.07738208770751953
ebs,2016-02-01,Cbar,10.025793075561523,10.025351524353027,-0.00044155120849609375
ebs,2016-03-01,Cbar,15.75117015838623,15.742603302001953,-0.008566856384277344
ebs,2016-04-01,Cbar,20.42965316772461,20.566781997680664,0.1371288299560547
ebs,2016-05-01,Cbar,47.254432678222656,47.18381118774414,-0.07062149047851562
ebs,2016-06-01,Cbar,86.3523178100586,86.23114776611328,-0.1211700439453125
ebs,2016-07-01,Cbar,87.87838745117188,87.794921875,-0.083465576171875
ebs,2016-08-01,Cbar,115.44488525390625,115.36644744873047,-0.07843780517578125
ebs,2016-09-01,Cbar,115.4802017211914,115.44151306152344,-0.03868865966796875
ebs,2016-10-01,Cbar,68.19609832763672,68.19641876220703,0.0003204345703125
ebs,2016-11-01,Cbar,91.670654296875,91.67074584960938,9.1552734375e-05
ebs,2016-12-01,Cbar,79.31214141845703,79.23184204101562,-0.08029937744140625
ebs,2017-01-01,Cbar,94.04988861083984,95.76546478271484,1.715576171875
ebs,2017-02-01,Cbar,8.529642105102539,8.84272289276123,0.3130807876586914
ebs,2017-04-01,Cbar,3.5997557640075684,3.391338586807251,-0.20841717720031738
ebs,2017-05-01,Cbar,11.002762794494629,10.739887237548828,-0.2628755569458008
ebs,2017-06-01,Cbar,22.507200241088867,22.50430679321289,-0.0028934478759765625
ebs,2017-12-01,Cbar,9.672067642211914,9.516589164733887,-0.15547847747802734
ebs,2018-01-01,Cbar,5.643214225769043,5.641606330871582,-0.0016078948974609375
ebs,2018-02-01,Cbar,16.876842498779297,16.90830421447754,0.03146171569824219
ebs,2018-03-01,Cbar,42.526344299316406,42.5518798828125,0.02553558349609375
ebs,2018-04-01,Cbar,15.443655014038086,15.26791763305664,-0.1757373809814453
ebs,2018-05-01,Cbar,16.963359832763672,14.866750717163086,-2.096609115600586
ebs,2018-06-01,Cbar,15.482057571411133,15.472746849060059,-0.009310722351074219
ebs,2018-07-01,Cbar,49.44447708129883,49.44222640991211,-0.00225067138671875
ebs,2018-08-01,Cbar,33.98556137084961,33.98543167114258,-0.00012969970703125
ebs,2018-11-01,Cbar,78.44432067871094,78.44429016113281,-3.0517578125e-05
ebs,2018-12-01,Cbar,19.82288932800293,19.818674087524414,-0.004215240478515625
ebs,2019-02-01,Cbar,13.270272254943848,13.27515983581543,0.004887580871582031
ebs,2019-03-01,Cbar,20.66337776184082,20.693315505981445,0.029937744140625
ebs,2019-04-01,Cbar,22.48662567138672,22.572547912597656,0.0859222412109375
ebs,2019-05-01,Cbar,55.494972229003906,55.77363204956055,0.2786598205566406
ebs,2019-06-01,Cbar,51.85176467895508,51.805782318115234,-0.04598236083984375
ebs,2019-07-01,Cbar,61.92856979370117,61.907920837402344,-0.020648956298828125
ebs,2019-08-01,Cbar,43.817779541015625,43.816890716552734,-0.000888824462890625
ebs,2019-11-01,Cbar,21.749746322631836,21.749731063842773,-1.52587890625e-05
ebs,2019-12-01,Cbar,37.62881851196289,37.644351959228516,0.015533447265625
ebs,2020-03-01,Cbar,3.9107680320739746,3.910752058029175,-1.5974044799804688e-05
ebs,2020-04-01,Cbar,5.685979843139648,5.676075458526611,-0.00990438461303711
ebs,2020-05-01,Cbar,9.91365909576416,9.91265869140625,-0.0010004043579101562
ebs,2020-06-01,Cbar,24.531232833862305,24.534244537353516,0.0030117034912109375
ebs,2020-11-01,Cbar,20.17762565612793,20.17701530456543,-0.0006103515625
ebs,2020-12-01,Cbar,11.415868759155273,11.391182899475098,-0.02468585968017578
ebs,2021-01-01,Cbar,7.703826904296875,7.698802947998047,-0.005023956298828125
ebs,2021-02-01,Cbar,6.677382469177246,6.6773481369018555,-3.4332275390625e-05
ebs,2021-03-01,Cbar,22.100244522094727,22.100393295288086,0.000148773193359375
ebs,2021-04-01,Cbar,4.724829196929932,4.724151611328125,-0.0006775856018066406
ebs,2021-05-01,Cbar,9.398138999938965,9.358924865722656,-0.039214134216308594
ebs,2021-06-01,Cbar,12.25868034362793,12.254837989807129,-0.0038423538208007812
ebs,2021-07-01,Cbar,21.511730194091797,21.511676788330078,-5.340576171875e-05
ebs,2022-05-01,Cbar,5.120927333831787,5.1183953285217285,-0.0025320053100585938
ebs,2022-06-01,Cbar,58.3587760925293,58.35849380493164,-0.00028228759765625
ebs,2023-01-01,Cbar,10.038443565368652,10.038432121276855,-1.1444091796875e-05
ebs,2023-02-01,Cbar,31.73630142211914,31.748031616210938,0.011730194091796875
ebs,2023-05-01,Cbar,0.5673754811286926,0.5551928877830505,-0.01218259334564209
ebs,2023-11-01,Cbar,8.669684410095215,8.66966438293457,-2.002716064453125e-05
ebs,2023-12-01,Cbar,6.605020046234131,6.604571342468262,-0.0004487037658691406
ebs,2024-01-01,Cbar,8.751463890075684,8.751569747924805,0.00010585784912109375
ebs,2024-04-01,Cbar,0.14701531827449799,0.1464291661977768,-0.0005861520767211914
ebs,2024-05-01,Cbar,0.8633250594139099,0.8594338297843933,-0.0038912296295166016
ebs,2024-12-01,Cbar,3.6453006267547607,3.636357069015503,-0.008943557739257812
ebs,2025-01-01,Cbar,19.608732223510742,19.68915557861328,0.08042335510253906
ebs,2025-02-01,Cbar,32.629425048828125,32.40109634399414,-0.22832870483398438
ebs,2025-03-01,Cbar,5.601334095001221,5.59947395324707,-0.0018601417541503906
ebs,2025-04-01,Cbar,11.379497528076172,11.356107711791992,-0.023389816284179688
ebs,2025-05-01,Cbar,16.251863479614258,16.19110679626465,-0.060756683349609375
ebs,2025-06-01,Cbar,17.941959381103516,17.954389572143555,0.012430191040039062
ebs,2025-07-01,Cbar,26.245044708251953,26.245040893554688,-3.814697265625e-06
ebs,2025-12-01,Cbar,11.224611282348633,11.241817474365234,0.017206192016601562
ebs,2026-01-01,Cbar,8.47848129272461,8.561062812805176,0.0825815200805664
ebs,2026-06-01,Cbar,31.08771324157715,31.10724639892578,0.019533157348632812
ebs,2026-07-01,Cbar,56.1103401184082,56.10955047607422,-0.000789642333984375
ebs,1982-02-01,Obar,0.022393375635147095,0.022148985415697098,-0.00024439021944999695
ebs,1982-03-01,Obar,0.008275313302874565,0.008246777579188347,-2.8535723686218262e-05
ebs,1982-04-01,Obar,0.028411589562892914,0.02726244367659092,-0.0011491458863019943
ebs,1983-02-01,Obar,0.014036222361028194,0.014043292962014675,7.070600986480713e-06
ebs,1983-03-01,Obar,0.04697257652878761,0.04697291925549507,3.427267074584961e-07
ebs,1983-04-01,Obar,0.02500608004629612,0.025007668882608414,1.5888363122940063e-06
ebs,1983-05-01,Obar,0.05482913553714752,0.05697113648056984,0.0021420009434223175
ebs,1983-06-01,Obar,0.06233533099293709,0.06233162805438042,-3.7029385566711426e-06
ebs,1983-11-01,Obar,0.005655937362462282,0.005655485205352306,-4.521571099758148e-07
ebs,1983-12-01,Obar,0.039575520902872086,0.02625434659421444,-0.013321174308657646
ebs,1984-01-01,Obar,0.01956329122185707,0.018873142078518867,-0.0006901491433382034
ebs,1984-03-01,Obar,0.00688673323020339,0.007598134223371744,0.000711400993168354
ebs,1984-04-01,Obar,0.026863813400268555,0.026864299550652504,4.861503839492798e-07
ebs,1984-06-01,Obar,0.07508853822946548,0.07506430149078369,-2.4236738681793213e-05
ebs,1984-12-01,Obar,0.0440320186316967,0.04399964213371277,-3.2376497983932495e-05
ebs,1985-01-01,Obar,0.012918532826006413,0.012190911918878555,-0.0007276209071278572
ebs,1985-02-01,Obar,0.03994289040565491,0.039872314780950546,-7.057562470436096e-05
ebs,1985-03-01,Obar,0.011895389296114445,0.011904350481927395,8.961185812950134e-06
ebs,1985-12-01,Obar,0.024397995322942734,0.024376828223466873,-2.1167099475860596e-05
ebs,1986-01-01,Obar,0.007128157187253237,0.005661291535943747,-0.0014668656513094902
ebs,1986-02-01,Obar,0.020412627607584,0.02235790714621544,0.0019452795386314392
ebs,1986-03-01,Obar,0.0057153659872710705,0.004752865992486477,-0.0009624999947845936
ebs,1986-04-01,Obar,0.005111783742904663,0.005090687889605761,-2.109585329890251e-05
ebs,1986-06-01,Obar,0.0071099502965807915,0.007114518899470568,4.56860288977623e-06
ebs,1986-07-01,Obar,0.03394089639186859,0.033952496945858,1.16005539894104e-05
ebs,1986-12-01,Obar,0.02615528553724289,0.026144489645957947,-1.0795891284942627e-05
ebs,1987-01-01,Obar,0.013405496254563332,0.008336332626640797,-0.005069163627922535
ebs,1987-02-01,Obar,0.010946914553642273,0.010953339748084545,6.425194442272186e-06
ebs,1987-03-01,Obar,0.023789122700691223,0.023788869380950928,-2.5331974029541016e-07
ebs,1987-04-01,Obar,0.013406111858785152,0.013406599871814251,4.880130290985107e-07
ebs,1987-05-01,Obar,0.0051720030605793,0.0050536589697003365,-0.00011834409087896347
ebs,1987-12-01,Obar,0.006453247275203466,0.002436163602396846,-0.004017083672806621
ebs,1988-01-01,Obar,0.006480748765170574,0.012711803428828716,0.006231054663658142
ebs,1988-02-01,Obar,0.016742169857025146,0.016178671270608902,-0.0005634985864162445
ebs,1988-03-01,Obar,0.011605878360569477,0.011677270755171776,7.139239460229874e-05
ebs,1988-04-01,Obar,0.010227859020233154,0.009174513630568981,-0.0010533453896641731
ebs,1989-01-01,Obar,0.0035076101776212454,0.0035201527643948793,1.2542586773633957e-05
ebs,1989-02-01,Obar,0.014578071422874928,0.015383696183562279,0.0008056247606873512
ebs,1989-03-01,Obar,0.00769952405244112,0.007703105453401804,3.5814009606838226e-06
ebs,1989-04-01,Obar,0.018747810274362564,0.019152307882905006,0.0004044976085424423
ebs,1989-12-01,Obar,0.010993033647537231,0.010980809107422829,-1.2224540114402771e-05
ebs,1990-06-01,Obar,0.009756121784448624,0.009755183942615986,-9.378418326377869e-07
ebs,1990-12-01,Obar,0.005825233180075884,0.005895301233977079,7.006805390119553e-05
ebs,1991-01-01,Obar,0.021578218787908554,0.02079116925597191,-0.0007870495319366455
ebs,1991-02-01,Obar,0.030177410691976547,0.03016756661236286,-9.844079613685608e-06
ebs,1991-03-01,Obar,0.0011292016133666039,0.0012191811110824347,8.99794977158308e-05
ebs,1991-06-01,Obar,0.01579488441348076,0.015903564170002937,0.00010867975652217865
ebs,1992-01-01,Obar,0.004092513583600521,0.004137162584811449,4.464900121092796e-05
ebs,1992-02-01,Obar,0.022729137912392616,0.022381864488124847,-0.00034727342426776886
ebs,1992-04-01,Obar,0.024653445929288864,0.022795764729380608,-0.0018576811999082565
ebs,1992-06-01,Obar,0.02671406976878643,0.025443922728300095,-0.0012701470404863358
ebs,1992-12-01,Obar,0.0016095410101115704,0.0016474178992211819,3.787688910961151e-05
ebs,1993-01-01,Obar,0.0014424356631934643,0.0014341636560857296,-8.27200710773468e-06
ebs,1993-02-01,Obar,0.011418786831200123,0.012191563844680786,0.0007727770134806633
ebs,1993-03-01,Obar,0.02073606476187706,0.02060512639582157,-0.00013093836605548859
ebs,1993-04-01,Obar,0.028298938646912575,0.02728014625608921,-0.0010187923908233643
ebs,1993-05-01,Obar,0.038720402866601944,0.03880370035767555,8.32974910736084e-05
ebs,1993-12-01,Obar,0.015211517922580242,0.012267684563994408,-0.0029438333585858345
ebs,1994-01-01,Obar,0.014779932796955109,0.017873410135507584,0.003093477338552475
ebs,1994-02-01,Obar,0.018947752192616463,0.013306723907589912,-0.00564102828502655
ebs,1994-03-01,Obar,0.005852451082319021,0.005877027288079262,2.4576205760240555e-05
ebs,1994-04-01,Obar,0.0022631878964602947,0.0012672902084887028,-0.000995897687971592
ebs,1994-05-01,Obar,0.016403354704380035,0.016812659800052643,0.0004093050956726074
ebs,1994-06-01,Obar,0.01757097616791725,0.017681796103715897,0.00011081993579864502
ebs,1994-12-01,Obar,0.011130744591355324,0.011128364130854607,-2.380460500717163e-06
ebs,1995-02-01,Obar,0.004207828547805548,0.004266359843313694,5.8531295508146286e-05
ebs,1995-03-01,Obar,0.002767297439277172,0.003456485690549016,0.0006891882512718439
ebs,1995-04-01,Obar,0.03989589586853981,0.03682054206728935,-0.0030753538012504578
ebs,1995-05-01,Obar,0.015518896281719208,0.014714869670569897,-0.0008040266111493111
ebs,1995-11-01,Obar,0.0025107497349381447,0.002501007402315736,-9.742332622408867e-06
ebs,1995-12-01,Obar,0.023135175928473473,0.022826317697763443,-0.0003088582307100296
ebs,1996-01-01,Obar,0.01702161878347397,0.0170638058334589,4.2187049984931946e-05
ebs,1996-02-01,Obar,0.014064616523683071,0.013317051343619823,-0.0007475651800632477
ebs,1996-03-01,Obar,0.01698416844010353,0.016393056139349937,-0.0005911123007535934
ebs,1996-04-01,Obar,0.044085875153541565,0.04414450004696846,5.862489342689514e-05
ebs,1996-05-01,Obar,0.06593628972768784,0.06431848555803299,-0.0016178041696548462
ebs,1996-06-01,Obar,0.017392722889780998,0.017476201057434082,8.34781676530838e-05
ebs,1996-12-01,Obar,0.013383853249251842,0.013383924029767513,7.078051567077637e-08
ebs,1997-02-01,Obar,0.0034183342941105366,0.0034314077347517014,1.307344064116478e-05
ebs,1997-03-01,Obar,0.006215214729309082,0.006183147896081209,-3.206683322787285e-05
ebs,1997-04-01,Obar,0.020903408527374268,0.021475566551089287,0.0005721580237150192
ebs,1997-05-01,Obar,0.02874833717942238,0.028939837589859962,0.00019150041043758392
ebs,1997-06-01,Obar,0.015090505592525005,0.015103084035217762,1.2578442692756653e-05
ebs,1998-01-01,Obar,0.009830983355641365,0.009829162620007992,-1.8207356333732605e-06
ebs,1998-03-01,Obar,0.02643180824816227,0.025921054184436798,-0.0005107540637254715
ebs,1998-04-01,Obar,0.03786010295152664,0.0363275483250618,-0.0015325546264648438
ebs,1998-11-01,Obar,0.008848194032907486,0.008838001638650894,-1.0192394256591797e-05
ebs,1999-01-01,Obar,0.0027791811153292656,0.0027586116921156645,-2.0569423213601112e-05
ebs,2000-02-01,Obar,0.004493377637118101,0.004384805914014578,-0.00010857172310352325
ebs,2000-03-01,Obar,0.008502963930368423,0.008504551835358143,1.5879049897193909e-06
ebs,2000-11-01,Obar,0.015102231875061989,0.015098369680345058,-3.862194716930389e-06
ebs,2000-12-01,Obar,0.017095230519771576,0.019916294142603874,0.0028210636228322983
ebs,2001-01-01,Obar,0.016718078404664993,0.01606973074376583,-0.0006483476608991623
ebs,2001-02-01,Obar,0.010481186211109161,0.010243956930935383,-0.00023722928017377853
ebs,2001-03-01,Obar,0.013224722817540169,0.015179666690528393,0.001954943872988224
ebs,2001-04-01,Obar,0.020001215860247612,0.024004556238651276,0.004003340378403664
ebs,2001-06-01,Obar,0.052294664084911346,0.05231853574514389,2.3871660232543945e-05
ebs,2002-01-01,Obar,0.004336117301136255,0.004312925972044468,-2.3191329091787338e-05
ebs,2002-02-01,Obar,0.012485791929066181,0.012511277571320534,2.548564225435257e-05
ebs,2002-03-01,Obar,0.020743917673826218,0.020317740738391876,-0.00042617693543434143
ebs,2002-04-01,Obar,0.014137779362499714,0.013540316373109818,-0.0005974629893898964
ebs,2002-05-01,Obar,0.02880728989839554,0.028961386531591415,0.00015409663319587708
ebs,2002-11-01,Obar,0.030036160722374916,0.03003540076315403,-7.599592208862305e-07
ebs,2002-12-01,Obar,0.01662837527692318,0.01598522998392582,-0.0006431452929973602
ebs,2003-01-01,Obar,0.016051452606916428,0.01614815555512905,9.67029482126236e-05
ebs,2003-02-01,Obar,0.011325172148644924,0.011132306419312954,-0.00019286572933197021
ebs,2003-03-01,Obar,0.013148399069905281,0.013576286844909191,0.00042788777500391006
ebs,2003-04-01,Obar,0.013634895905852318,0.01358938030898571,-4.5515596866607666e-05
ebs,2003-05-01,Obar,0.02068379335105419,0.021143004298210144,0.00045921094715595245
ebs,2003-06-01,Obar,0.039207350462675095,0.03920779377222061,4.4330954551696777e-07
ebs,2003-12-01,Obar,0.010928086936473846,0.0109275346621871,-5.522742867469788e-07
ebs,2004-01-01,Obar,0.011429578065872192,0.011370387859642506,-5.919020622968674e-05
ebs,2004-02-01,Obar,0.013682826422154903,0.015169544145464897,0.0014867177233099937
ebs,2004-03-01,Obar,0.005597754847258329,0.005598037037998438,2.8219074010849e-07
ebs,2004-04-01,Obar,0.010968259535729885,0.010960757732391357,-7.5018033385276794e-06
ebs,2004-05-01,Obar,0.0677427127957344,0.06781244277954102,6.972998380661011e-05
ebs,2004-06-01,Obar,0.05161058157682419,0.05139267072081566,-0.00021791085600852966
ebs,2004-11-01,Obar,0.007756167557090521,0.0077242678962647915,-3.189966082572937e-05
ebs,2004-12-01,Obar,0.004138271789997816,0.004164449404925108,2.617761492729187e-05
ebs,2005-03-01,Obar,0.018883904442191124,0.018884005025029182,1.0058283805847168e-07
ebs,2005-04-01,Obar,0.04475332424044609,0.04472292587161064,-3.039836883544922e-05
ebs,2005-05-01,Obar,0.03329519182443619,0.03365138918161392,0.0003561973571777344
ebs,2007-01-01,Obar,0.009770260192453861,0.0021989960223436356,-0.007571264170110226
ebs,2007-05-01,Obar,0.025404993444681168,0.019209111109375954,-0.006195882335305214
ebs,2007-06-01,Obar,0.02717972919344902,0.027090158313512802,-8.957087993621826e-05
ebs,2007-07-01,Obar,0.09119284898042679,0.09121357649564743,2.072751522064209e-05
ebs,2008-05-01,Obar,0.02938951924443245,0.029592590406537056,0.00020307116210460663
ebs,2009-06-01,Obar,0.04665606841444969,0.046659257262945175,3.1888484954833984e-06
ebs,2009-07-01,Obar,0.05568120628595352,0.055688586086034775,7.379800081253052e-06
ebs,2013-06-01,Obar,0.0670572891831398,0.06705764681100845,3.5762786865234375e-07
ebs,2014-02-01,Obar,0.013500266708433628,0.01365180779248476,0.0001515410840511322
ebs,2014-04-01,Obar,0.0492636039853096,0.04923711717128754,-2.648681402206421e-05
ebs,2014-05-01,Obar,0.050078053027391434,0.050078049302101135,-3.725290298461914e-09
ebs,2014-11-01,Obar,0.019937627017498016,0.019937608391046524,-1.862645149230957e-08
ebs,2014-12-01,Obar,0.011441885493695736,0.011445432901382446,3.5474076867103577e-06
ebs,2015-01-01,Obar,0.0074546681717038155,0.007521223276853561,6.655510514974594e-05
ebs,2015-02-01,Obar,0.008298192173242569,0.008290427736938,-7.764436304569244e-06
ebs,2015-03-01,Obar,0.011612874455749989,0.011603795923292637,-9.078532457351685e-06
ebs,2015-04-01,Obar,0.028577886521816254,0.028577040880918503,-8.456408977508545e-07
ebs,2015-05-01,Obar,0.08127101510763168,0.08127135038375854,3.3527612686157227e-07
ebs,2015-06-01,Obar,0.07863550633192062,0.07863954454660416,4.038214683532715e-06
ebs,2015-12-01,Obar,0.02020217664539814,0.020197471603751183,-4.7050416469573975e-06
ebs,2016-01-01,Obar,0.04455919936299324,0.04487267881631851,0.0003134794533252716
ebs,2016-02-01,Obar,0.024266773834824562,0.023652100935578346,-0.0006146728992462158
ebs,2016-03-01,Obar,0.012305986136198044,0.01234013494104147,3.414880484342575e-05
ebs,2016-04-01,Obar,0.007652680389583111,0.0078075299970805645,0.0001548496074974537
ebs,2016-05-01,Obar,0.015960916876792908,0.016093771904706955,0.00013285502791404724
ebs,2016-06-01,Obar,0.014534923247992992,0.014558609575033188,2.3686327040195465e-05
ebs,2016-07-01,Obar,0.007493858691304922,0.007493952289223671,9.359791874885559e-08
ebs,2016-10-01,Obar,0.004694999195635319,0.004695119336247444,1.2014061212539673e-07
ebs,2016-11-01,Obar,0.0024505099281668663,0.0024505972396582365,8.731149137020111e-08
ebs,2016-12-01,Obar,0.0037972345016896725,0.003883268218487501,8.603371679782867e-05
ebs,2017-01-01,Obar,0.012460104189813137,0.010213796980679035,-0.002246307209134102
ebs,2017-02-01,Obar,0.017844725400209427,0.026901764795184135,0.009057039394974709
ebs,2017-04-01,Obar,0.021451406180858612,0.01832493580877781,-0.003126470372080803
ebs,2017-05-01,Obar,0.050226978957653046,0.05084417760372162,0.000617198646068573
ebs,2017-06-01,Obar,0.03806211054325104,0.03824587166309357,0.0001837611198425293
ebs,2017-12-01,Obar,0.02369113080203533,0.02390114590525627,0.00021001510322093964
ebs,2018-01-01,Obar,0.023144206032156944,0.022510912269353867,-0.0006332937628030777
ebs,2018-02-01,Obar,0.008292856626212597,0.008222343400120735,-7.051322609186172e-05
ebs,2018-03-01,Obar,0.006437655538320541,0.00640397984534502,-3.367569297552109e-05
ebs,2018-04-01,Obar,0.021589597687125206,0.022010603919625282,0.0004210062325000763
ebs,2018-05-01,Obar,0.018465541303157806,0.0206969752907753,0.0022314339876174927
ebs,2018-06-01,Obar,0.07034803926944733,0.07040447741746902,5.6438148021698e-05
ebs,2018-07-01,Obar,0.030858676880598068,0.030858678743243217,1.862645149230957e-09
ebs,2018-11-01,Obar,0.005196503363549709,0.005196483340114355,-2.0023435354232788e-08
ebs,2018-12-01,Obar,0.011257347650825977,0.011268427595496178,1.1079944670200348e-05
ebs,2019-02-01,Obar,0.008095328696072102,0.008050700649619102,-4.4628046452999115e-05
ebs,2019-03-01,Obar,0.011094925925135612,0.010821187868714333,-0.0002737380564212799
ebs,2019-04-01,Obar,0.009219345636665821,0.00903459545224905,-0.00018475018441677094
ebs,2019-05-01,Obar,0.010462174192070961,0.010508197359740734,4.60231676697731e-05
ebs,2019-06-01,Obar,0.014165290631353855,0.014136622659862041,-2.866797149181366e-05
ebs,2019-07-01,Obar,0.017918450757861137,0.017918480560183525,2.9802322387695312e-08
ebs,2019-11-01,Obar,0.011740459129214287,0.011740450747311115,-8.381903171539307e-09
ebs,2019-12-01,Obar,0.0063597410917282104,0.0063591510988771915,-5.899928510189056e-07
ebs,2020-03-01,Obar,0.017525793984532356,0.017524536699056625,-1.257285475730896e-06
ebs,2020-04-01,Obar,0.03497735410928726,0.03498812019824982,1.0766088962554932e-05
ebs,2020-05-01,Obar,0.04470905289053917,0.04478646442294121,7.741153240203857e-05
ebs,2020-06-01,Obar,0.031213250011205673,0.031149346381425858,-6.390362977981567e-05
ebs,2020-11-01,Obar,0.010971548967063427,0.010962724685668945,-8.824281394481659e-06
ebs,2020-12-01,Obar,0.009440847672522068,0.009433889761567116,-6.95791095495224e-06
ebs,2021-01-01,Obar,0.005925499368458986,0.005925430916249752,-6.845220923423767e-08
ebs,2021-02-01,Obar,0.017444374039769173,0.01744447648525238,1.0244548320770264e-07
ebs,2021-04-01,Obar,0.017892809584736824,0.01790563017129898,1.2820586562156677e-05
ebs,2021-05-01,Obar,0.038667868822813034,0.038048796355724335,-0.0006190724670886993
ebs,2021-06-01,Obar,0.07317091524600983,0.07317419350147247,3.2782554626464844e-06
ebs,2022-05-01,Obar,0.05818495899438858,0.05820286646485329,1.790747046470642e-05
ebs,2022-06-01,Obar,0.026440544053912163,0.02644204907119274,1.5050172805786133e-06
ebs,2022-07-01,Obar,0.007051014341413975,0.007051032967865467,1.862645149230957e-08
ebs,2023-01-01,Obar,0.009327233768999577,0.009327228181064129,-5.587935447692871e-09
ebs,2023-02-01,Obar,0.0008129676571115851,0.0008113132789731026,-1.6543781384825706e-06
ebs,2023-05-01,Obar,0.010828973725438118,0.010788296349346638,-4.0677376091480255e-05
ebs,2023-11-01,Obar,0.009264418855309486,0.009262767620384693,-1.6512349247932434e-06
ebs,2024-01-01,Obar,0.018724003806710243,0.01873345673084259,9.452924132347107e-06
ebs,2024-04-01,Obar,0.00691268453374505,0.0069150556810200214,2.3711472749710083e-06
ebs,2024-12-01,Obar,0.011613772250711918,0.011663056910037994,4.928465932607651e-05
ebs,2025-01-01,Obar,0.003218346741050482,0.0030957639683037996,-0.00012258277274668217
ebs,2025-02-01,Obar,0.006324755493551493,0.006360907107591629,3.615161404013634e-05
ebs,2025-03-01,Obar,0.01896350085735321,0.018969701603055,6.200745701789856e-06
ebs,2025-04-01,Obar,0.009920009411871433,0.009961944073438644,4.193466156721115e-05
ebs,2025-05-01,Obar,0.019278116524219513,0.01927966997027397,1.5534460544586182e-06
ebs,2025-06-01,Obar,0.04909929260611534,0.04910252243280411,3.2298266887664795e-06
ebs,2025-07-01,Obar,0.05521012470126152,0.05521039664745331,2.7194619178771973e-07
ebs,2025-12-01,Obar,0.00916728563606739,0.009212921373546124,4.563573747873306e-05
ebs,2026-01-01,Obar,0.010395738296210766,0.010420997627079487,2.5259330868721008e-05
ebs,2026-06-01,Obar,0.03555290773510933,0.03560318052768707,5.027279257774353e-05
goa,1987-12-01,area_frac,0.0010669517796486616,0.000995773239992559,-7.117853965610266e-05
goa,1988-01-01,area_frac,0.004766578786075115,0.0044466969557106495,-0.0003198818303644657
goa,1987-12-01,Ibar,1.2676883935928345,1.2875155210494995,0.01982712745666504
goa,1988-01-01,Ibar,1.290888786315918,1.3080086708068848,0.017119884490966797
goa,1987-12-01,Dbar,3.67470383644104,3.8152382373809814,0.1405344009399414
goa,1988-01-01,Dbar,4.01067590713501,4.086121082305908,0.07544517517089844
goa,1987-12-01,Cbar,7.173468589782715,7.503651142120361,0.3301825523376465
goa,1988-01-01,Cbar,7.230610370635986,7.528304100036621,0.29769372940063477
goa,1987-12-01,Obar,0.006363472435623407,0.006101673468947411,-0.0002617989666759968
goa,1988-01-01,Obar,0.015273699536919594,0.01579841412603855,0.0005247145891189575
