zone,forecaster,lead,stratum,n_at_risk,n_onset,onset_rate,onset_auc,pod,pofd,far,sedi
ai_central,climatology,1,all,208,35,0.16826923076923078,0.4615194054500413,0.42857142857142855,0.4682080924855491,0.84375,-0.04100645495044189
ai_central,climatology,1,pre2014,130,10,0.07692307692307693,0.4320833333333334,0.3,0.475,0.95,-0.2875176467460889
ai_central,climatology,1,post2014,78,25,0.32051282051282054,0.5283018867924528,0.48,0.4528301886792453,0.6666666666666666,0.12704383740488578
ai_central,climatology,2,all,207,35,0.16908212560386474,0.4769933554817276,0.42857142857142855,0.4418604651162791,0.8351648351648352,0.0289937259322858
ai_central,climatology,2,pre2014,129,10,0.07751937984496124,0.44621848739495795,0.3,0.453781512605042,0.9473684210526315,-0.15008886714870365
ai_central,climatology,2,post2014,78,25,0.32051282051282054,0.5267924528301887,0.48,0.41509433962264153,0.6470588235294118,0.1841902072225414
ai_central,climatology,3,all,206,35,0.16990291262135923,0.4973266499582289,0.45714285714285713,0.43859649122807015,0.8241758241758241,0.019419082031426692
ai_central,climatology,3,pre2014,128,10,0.078125,0.4745762711864407,0.3,0.4322033898305085,0.9444444444444444,-0.14544597536330514
ai_central,climatology,3,post2014,78,25,0.32051282051282054,0.5169811320754716,0.52,0.4528301886792453,0.6486486486486487,0.06650235138620238
ai_central,climatology,6,all,203,35,0.1724137931034483,0.5224489795918368,0.34285714285714286,0.3273809523809524,0.8208955223880597,0.05646042902005189
ai_central,climatology,6,pre2014,125,10,0.08,0.40956521739130436,0.1,0.3130434782608696,0.972972972972973,-0.19092041945484767
ai_central,climatology,6,post2014,78,25,0.32051282051282054,0.5509433962264152,0.44,0.3584905660377358,0.6333333333333333,0.1187074000767782
ai_central,damped_persistence,1,all,208,35,0.16826923076923078,0.7369942196531792,0.2571428571428571,0.03468208092485549,0.4,0.44839083541330366
ai_central,damped_persistence,1,pre2014,130,10,0.07692307692307693,0.69625,0.1,0.016666666666666666,0.6666666666666666,0.2884314780341355
ai_central,damped_persistence,1,post2014,78,25,0.32051282051282054,0.7396226415094339,0.32,0.07547169811320754,0.3333333333333333,0.4183227591190158
ai_central,damped_persistence,2,all,207,35,0.16908212560386474,0.6254152823920266,0.37142857142857144,0.18604651162790697,0.7111111111111111,0.2841783137904132
ai_central,damped_persistence,2,pre2014,129,10,0.07751937984496124,0.46554621848739497,0.1,0.1092436974789916,0.9285714285714286,-0.02083978942550591
ai_central,damped_persistence,2,post2014,78,25,0.32051282051282054,0.6332075471698113,0.48,0.3584905660377358,0.6129032258064516,0.17562457790272226
ai_central,damped_persistence,3,all,206,35,0.16990291262135923,0.6057644110275691,0.4,0.25146198830409355,0.7543859649122807,0.2481760193847219
ai_central,damped_persistence,3,pre2014,128,10,0.078125,0.3432203389830509,0.0,0.11864406779661017,1.0,-0.7179536625864998
ai_central,damped_persistence,3,post2014,78,25,0.32051282051282054,0.5335849056603774,0.56,0.5471698113207547,0.6744186046511628,0.045813444852515546
ai_central,damped_persistence,6,all,203,35,0.1724137931034483,0.6312925170068028,0.5142857142857142,0.34523809523809523,0.7631578947368421,0.2425774969657965
ai_central,damped_persistence,6,pre2014,125,10,0.08,0.4526086956521739,0.1,0.22608695652173913,0.9629629629629629,-0.2328756502213101
ai_central,damped_persistence,6,post2014,78,25,0.32051282051282054,0.5539622641509434,0.68,0.6037735849056604,0.6530612244897959,0.11252481341190759
ai_central,hurdle,1,all,208,35,0.16826923076923078,0.6947976878612717,0.14285714285714285,0.017341040462427744,0.375,0.36379484910370063
ai_central,hurdle,1,pre2014,130,10,0.07692307692307693,0.7424999999999999,0.0,0.0,,-0.0
ai_central,hurdle,1,post2014,78,25,0.32051282051282054,0.7026415094339623,0.2,0.05660377358490566,0.375,0.29965509017520886
ai_central,hurdle,2,all,207,35,0.16908212560386474,0.606063122923588,0.37142857142857144,0.18023255813953487,0.7045454545454546,0.33219184842166793
ai_central,hurdle,2,pre2014,129,10,0.07751937984496124,0.4521008403361344,0.1,0.07563025210084033,0.9,0.06037919634953395
ai_central,hurdle,2,post2014,78,25,0.32051282051282054,0.5916981132075472,0.48,0.41509433962264153,0.6470588235294118,0.15088105270437505
ai_central,hurdle,3,all,206,35,0.16990291262135923,0.6034252297410192,0.42857142857142855,0.26900584795321636,0.7540983606557377,0.26981112467307733
ai_central,hurdle,3,pre2014,128,10,0.078125,0.44872881355932204,0.0,0.11864406779661017,1.0,-0.7179536625864998
ai_central,hurdle,3,post2014,78,25,0.32051282051282054,0.5064150943396226,0.6,0.6037735849056604,0.6808510638297872,0.04936825098592953
ai_central,hurdle,6,all,203,35,0.1724137931034483,0.5735544217687074,0.4857142857142857,0.23214285714285715,0.6964285714285714,0.34883295195027036
ai_central,hurdle,6,pre2014,125,10,0.08,0.2965217391304348,0.0,0.0782608695652174,1.0,-0.701220456770855
ai_central,hurdle,6,post2014,78,25,0.32051282051282054,0.5388679245283019,0.68,0.5660377358490566,0.6382978723404256,0.1397061604975841
ai_central,lim_cs,1,all,208,35,0.16826923076923078,0.659867877786953,0.5142857142857142,0.1907514450867052,0.6470588235294118,0.4614568780880661
ai_central,lim_cs,1,pre2014,130,10,0.07692307692307693,0.7200000000000001,0.4,0.06666666666666667,0.6666666666666666,0.5312815224154881
ai_central,lim_cs,1,post2014,78,25,0.32051282051282054,0.6324528301886793,0.56,0.4716981132075472,0.6410256410256411,0.12704383740488578
ai_central,lim_cs,2,all,207,35,0.16908212560386474,0.5312292358803987,0.34285714285714286,0.28488372093023256,0.8032786885245902,0.07865480070701433
ai_central,lim_cs,2,pre2014,129,10,0.07751937984496124,0.45630252100840335,0.0,0.15126050420168066,1.0,-0.761945923625936
ai_central,lim_cs,2,post2014,78,25,0.32051282051282054,0.5456603773584905,0.48,0.5849056603773585,0.7209302325581395,-0.15088105270437507
ai_central,lim_cs,3,all,206,35,0.16990291262135923,0.5381787802840434,0.37142857142857144,0.26900584795321636,0.7796610169491526,0.15370578334670343
ai_central,lim_cs,3,pre2014,128,10,0.078125,0.4483050847457627,0.0,0.1271186440677966,1.0,-0.7423976102285178
ai_central,lim_cs,3,post2014,78,25,0.32051282051282054,0.5215094339622641,0.52,0.5849056603773585,0.7045454545454546,-0.0937780453039047
ai_central,lim_cs,6,all,203,35,0.1724137931034483,0.5954081632653062,0.45714285714285713,0.20238095238095238,0.68,0.3728571172458007
ai_central,lim_cs,6,pre2014,125,10,0.08,0.5156521739130435,0.1,0.06086956521739131,0.875,0.10228086904338193
ai_central,lim_cs,6,post2014,78,25,0.32051282051282054,0.5449056603773585,0.6,0.5094339622641509,0.6428571428571429,0.13068772540302123
ai_central,lim_ice,1,all,208,35,0.16826923076923078,0.7175061932287365,0.5714285714285714,0.2138728323699422,0.6491228070175439,0.4982623492416481
ai_central,lim_ice,1,pre2014,130,10,0.07692307692307693,0.7683333333333333,0.4,0.13333333333333333,0.8,0.40900638720165056
ai_central,lim_ice,1,post2014,78,25,0.32051282051282054,0.6483018867924528,0.64,0.39622641509433965,0.5675675675675675,0.3438533087796152
ai_central,lim_ice,2,all,207,35,0.16908212560386474,0.5537375415282393,0.4857142857142857,0.38372093023255816,0.7951807228915663,0.12208737287631077
ai_central,lim_ice,2,pre2014,129,10,0.07751937984496124,0.41680672268907565,0.0,0.226890756302521,1.0,-0.8179067192473785
ai_central,lim_ice,2,post2014,78,25,0.32051282051282054,0.48830188679245284,0.68,0.7358490566037735,0.6964285714285714,-0.08559191917834988
ai_central,lim_ice,3,all,206,35,0.16990291262135923,0.6488721804511277,0.6285714285714286,0.3567251461988304,0.7349397590361446,0.40439213039224176
ai_central,lim_ice,3,pre2014,128,10,0.078125,0.43389830508474575,0.2,0.13559322033898305,0.8888888888888888,0.1691238740412504
ai_central,lim_ice,3,post2014,78,25,0.32051282051282054,0.5366037735849056,0.8,0.8490566037735849,0.6923076923076923,-0.08770805609145656
ai_central,lim_ice,6,all,203,35,0.1724137931034483,0.6528911564625851,0.5428571428571428,0.30952380952380953,0.7323943661971831,0.32343473839513653
ai_central,lim_ice,6,pre2014,125,10,0.08,0.4747826086956522,0.0,0.06956521739130435,1.0,-0.6779466431142992
ai_central,lim_ice,6,post2014,78,25,0.32051282051282054,0.4656603773584906,0.76,0.8301886792452831,0.6984126984126984,-0.11863382406451066
ai_central,lim_k10,1,all,208,35,0.16826923076923078,0.7542526837324525,0.5428571428571428,0.18497109826589594,0.6274509803921569,0.5036510125756986
ai_central,lim_k10,1,pre2014,130,10,0.07692307692307693,0.8062499999999999,0.3,0.09166666666666666,0.7857142857142857,0.35739398220844815
ai_central,lim_k10,1,post2014,78,25,0.32051282051282054,0.6618867924528302,0.64,0.39622641509433965,0.5675675675675675,0.3438533087796152
ai_central,lim_k10,2,all,207,35,0.16908212560386474,0.5931063122923588,0.5142857142857142,0.36046511627906974,0.775,0.22088199627967303
ai_central,lim_k10,2,pre2014,129,10,0.07751937984496124,0.4172268907563026,0.1,0.23529411764705882,0.9655172413793104,-0.24703803475453873
ai_central,lim_k10,2,post2014,78,25,0.32051282051282054,0.5192452830188679,0.68,0.6415094339622641,0.6666666666666666,0.05738132897968491
ai_central,lim_k10,3,all,206,35,0.16990291262135923,0.6479532163742691,0.6285714285714286,0.3684210526315789,0.7411764705882353,0.3432359364627323
ai_central,lim_k10,3,pre2014,128,10,0.078125,0.40338983050847455,0.2,0.1694915254237288,0.9090909090909091,0.06895135340608412
ai_central,lim_k10,3,post2014,78,25,0.32051282051282054,0.5569811320754716,0.8,0.8113207547169812,0.6825396825396826,0.01278865475103417
ai_central,lim_k10,6,all,203,35,0.1724137931034483,0.6355442176870749,0.4857142857142857,0.2976190476190476,0.746268656716418,0.3102023195656347
ai_central,lim_k10,6,pre2014,125,10,0.08,0.5295652173913044,0.0,0.0782608695652174,1.0,0.05340125719673763
ai_central,lim_k10,6,post2014,78,25,0.32051282051282054,0.44301886792452827,0.68,0.7735849056603774,0.7068965517241379,-0.14535178197284868
ai_central,lim_k12,1,all,208,35,0.16826923076923078,0.7338563170933113,0.6,0.1791907514450867,0.5961538461538461,0.576366949931652
ai_central,lim_k12,1,pre2014,130,10,0.07692307692307693,0.7033333333333334,0.3,0.08333333333333333,0.7692307692307693,0.37521421238487024
ai_central,lim_k12,1,post2014,78,25,0.32051282051282054,0.6822641509433962,0.72,0.39622641509433965,0.5384615384615384,0.45045096076714014
ai_central,lim_k12,2,all,207,35,0.16908212560386474,0.6143687707641196,0.5714285714285714,0.3488372093023256,0.75,0.30759634210277936
ai_central,lim_k12,2,pre2014,129,10,0.07751937984496124,0.4756302521008403,0.1,0.20168067226890757,0.96,-0.19398930456701424
ai_central,lim_k12,2,post2014,78,25,0.32051282051282054,0.5252830188679245,0.76,0.6792452830188679,0.6545454545454545,0.12475144896024389
ai_central,lim_k12,3,all,206,35,0.16990291262135923,0.6649958228905597,0.6571428571428571,0.34502923976608185,0.7195121951219512,0.4337570668471635
ai_central,lim_k12,3,pre2014,128,10,0.078125,0.34661016949152545,0.1,0.13559322033898305,0.9411764705882353,-0.07575992411990559
ai_central,lim_k12,3,post2014,78,25,0.32051282051282054,0.570566037735849,0.88,0.8113207547169812,0.6615384615384615,0.12941300903491149
ai_central,lim_k12,6,all,203,35,0.1724137931034483,0.6468537414965987,0.5428571428571428,0.32142857142857145,0.7397260273972602,0.2985070091411522
ai_central,lim_k12,6,pre2014,125,10,0.08,0.4843478260869565,0.0,0.09565217391304348,1.0,-0.7294542469524304
ai_central,lim_k12,6,post2014,78,25,0.32051282051282054,0.48452830188679247,0.76,0.8113207547169812,0.6935483870967742,-0.08549620835823102
ai_central,lim_k15,1,all,208,35,0.16826923076923078,0.7514450867052023,0.5428571428571428,0.13872832369942195,0.5581395348837209,0.5984925732582368
ai_central,lim_k15,1,pre2014,130,10,0.07692307692307693,0.8229166666666666,0.4,0.041666666666666664,0.5555555555555556,0.6806071117643522
ai_central,lim_k15,1,post2014,78,25,0.32051282051282054,0.6822641509433962,0.6,0.3584905660377358,0.5588235294117647,0.34084242539918636
ai_central,lim_k15,2,all,207,35,0.16908212560386474,0.6043189368770765,0.4857142857142857,0.313953488372093,0.7605633802816901,0.23953994620906705
ai_central,lim_k15,2,pre2014,129,10,0.07751937984496124,0.5054621848739496,0.0,0.16806722689075632,1.0,-0.7740096567712368
ai_central,lim_k15,2,post2014,78,25,0.32051282051282054,0.5124528301886793,0.68,0.6415094339622641,0.6666666666666666,0.05738132897968491
ai_central,lim_k15,3,all,206,35,0.16990291262135923,0.6831244778613199,0.6285714285714286,0.3391812865497076,0.725,0.40439213039224176
ai_central,lim_k15,3,pre2014,128,10,0.078125,0.4398305084745763,0.1,0.15254237288135594,0.9473684210526315,-0.10831853320595737
ai_central,lim_k15,3,post2014,78,25,0.32051282051282054,0.5883018867924528,0.84,0.7547169811320755,0.6557377049180327,0.14465155421094306
ai_central,lim_k15,6,all,203,35,0.1724137931034483,0.70578231292517,0.5714285714285714,0.2619047619047619,0.6875,0.46168056478092223
ai_central,lim_k15,6,pre2014,125,10,0.08,0.5156521739130435,0.0,0.034782608695652174,1.0,0.15995619494072455
ai_central,lim_k15,6,post2014,78,25,0.32051282051282054,0.5494339622641509,0.8,0.7547169811320755,0.6666666666666666,0.07454935497426043
ai_central,lim_k8,1,all,208,35,0.16826923076923078,0.716597853014038,0.6,0.2774566473988439,0.6956521739130435,0.44146392619563096
ai_central,lim_k8,1,pre2014,130,10,0.07692307692307693,0.6649999999999999,0.3,0.2,0.8888888888888888,0.15884470722593358
ai_central,lim_k8,1,post2014,78,25,0.32051282051282054,0.7026415094339623,0.72,0.4528301886792453,0.5714285714285714,0.35366090268688144
ai_central,lim_k8,2,all,207,35,0.16908212560386474,0.6107973421926911,0.5428571428571428,0.37790697674418605,0.7738095238095238,0.21947597906665892
ai_central,lim_k8,2,pre2014,129,10,0.07751937984496124,0.507563025210084,0.0,0.24369747899159663,1.0,-0.8260122251211466
ai_central,lim_k8,2,post2014,78,25,0.32051282051282054,0.5358490566037736,0.76,0.6792452830188679,0.6545454545454545,0.09646700655434358
ai_central,lim_k8,3,all,206,35,0.16990291262135923,0.6441102756892231,0.6571428571428571,0.3742690058479532,0.735632183908046,0.3734503288407685
ai_central,lim_k8,3,pre2014,128,10,0.078125,0.3788135593220339,0.2,0.1694915254237288,0.9090909090909091,0.06895135340608412
ai_central,lim_k8,3,post2014,78,25,0.32051282051282054,0.5516981132075471,0.84,0.8301886792452831,0.676923076923077,0.05139720721862347
ai_central,lim_k8,6,all,203,35,0.1724137931034483,0.6835034013605442,0.5714285714285714,0.2976190476190476,0.7142857142857143,0.42245471028424136
ai_central,lim_k8,6,pre2014,125,10,0.08,0.5695652173913043,0.1,0.06086956521739131,0.875,0.2875608102632809
ai_central,lim_k8,6,post2014,78,25,0.32051282051282054,0.4460377358490566,0.76,0.8113207547169812,0.6935483870967742,-0.08549620835823102
ai_central,persistence,1,all,208,35,0.16826923076923078,0.7535920726672172,0.2857142857142857,0.057803468208092484,0.5,0.4166866135820877
ai_central,persistence,1,pre2014,130,10,0.07692307692307693,0.7408333333333333,0.1,0.03333333333333333,0.8,0.20025027094039838
ai_central,persistence,1,post2014,78,25,0.32051282051282054,0.7305660377358492,0.36,0.11320754716981132,0.4,0.39372857213032086
ai_central,persistence,2,all,207,35,0.16908212560386474,0.6264119601328905,0.4,0.22093023255813954,0.7307692307692307,0.26823801152958954
ai_central,persistence,2,pre2014,129,10,0.07751937984496124,0.4823529411764706,0.1,0.14285714285714285,0.9444444444444444,-0.08994332943542212
ai_central,persistence,2,post2014,78,25,0.32051282051282054,0.6211320754716982,0.52,0.39622641509433965,0.6176470588235294,0.17786261254652336
ai_central,persistence,3,all,206,35,0.16990291262135923,0.5884711779448621,0.4857142857142857,0.34502923976608185,0.7763157894736842,0.2115398768733749
ai_central,persistence,3,pre2014,128,10,0.078125,0.4279661016949152,0.2,0.2288135593220339,0.9310344827586207,-0.03411243305461399
ai_central,persistence,3,post2014,78,25,0.32051282051282054,0.5207547169811321,0.6,0.6037735849056604,0.6808510638297872,-0.005511348205042423
ai_central,persistence,6,all,203,35,0.1724137931034483,0.6450680272108844,0.5428571428571428,0.4107142857142857,0.7840909090909091,0.18947137026940464
ai_central,persistence,6,pre2014,125,10,0.08,0.4382608695652174,0.1,0.26956521739130435,0.96875,-0.29764275680172464
ai_central,persistence,6,post2014,78,25,0.32051282051282054,0.5694339622641509,0.72,0.7169811320754716,0.6785714285714286,0.004669493761442471
ai_central,pnt_persistence,1,all,208,35,0.16826923076923078,0.7795210569777045,0.34285714285714286,0.05202312138728324,0.42857142857142855,0.500480147968477
ai_central,pnt_persistence,1,pre2014,130,10,0.07692307692307693,0.7791666666666666,0.2,0.025,0.6,0.410556720858232
ai_central,pnt_persistence,1,post2014,78,25,0.32051282051282054,0.7396226415094339,0.4,0.11320754716981132,0.375,0.49121177490911694
ai_central,pnt_persistence,2,all,207,35,0.16908212560386474,0.6297342192691029,0.42857142857142855,0.23255813953488372,0.7272727272727273,0.28072784700119996
ai_central,pnt_persistence,2,pre2014,129,10,0.07751937984496124,0.5025210084033613,0.2,0.14285714285714285,0.8947368421052632,0.10310246341701072
ai_central,pnt_persistence,2,post2014,78,25,0.32051282051282054,0.5969811320754717,0.52,0.4339622641509434,0.6388888888888888,0.09675607167744174
ai_central,pnt_persistence,3,all,206,35,0.16990291262135923,0.5970760233918129,0.4857142857142857,0.3508771929824561,0.7792207792207793,0.20310417622365165
ai_central,pnt_persistence,3,pre2014,128,10,0.078125,0.4703389830508474,0.1,0.2288135593220339,0.9642857142857143,-0.22389933299273526
ai_central,pnt_persistence,3,post2014,78,25,0.32051282051282054,0.5215094339622641,0.64,0.6226415094339622,0.673469387755102,0.025576692596120287
ai_central,pnt_persistence,6,all,203,35,0.1724137931034483,0.6245748299319728,0.6285714285714286,0.39285714285714285,0.75,0.33289806001464384
ai_central,pnt_persistence,6,pre2014,125,10,0.08,0.4147826086956522,0.3,0.23478260869565218,0.9,0.1019736307318166
ai_central,pnt_persistence,6,post2014,78,25,0.32051282051282054,0.540377358490566,0.76,0.7358490566037735,0.6724137931034483,0.03838134467346881
ai_east,climatology,1,all,234,17,0.07264957264957266,0.47858498238004876,0.35294117647058826,0.4976958525345622,0.9473684210526315,-0.22135185023481393
ai_east,climatology,1,pre2014,139,4,0.02877697841726619,0.5740740740740741,0.25,0.4666666666666667,0.984375,-0.3247886067273312
ai_east,climatology,1,post2014,95,13,0.1368421052631579,0.3977485928705441,0.38461538461538464,0.5487804878048781,0.9,-0.2516014271229865
ai_east,climatology,2,all,233,17,0.07296137339055794,0.48529411764705876,0.35294117647058826,0.4861111111111111,0.9459459459459459,-0.23105552974960555
ai_east,climatology,2,pre2014,138,4,0.028985507246376812,0.583955223880597,0.25,0.4552238805970149,0.9838709677419355,-0.3294933465117274
ai_east,climatology,2,post2014,95,13,0.1368421052631579,0.4080675422138837,0.38461538461538464,0.5365853658536586,0.8979591836734694,-0.16032951961402378
ai_east,climatology,3,all,232,17,0.07327586206896551,0.4882352941176471,0.5882352941176471,0.5627906976744186,0.9236641221374046,-0.2279138701409228
ai_east,climatology,3,pre2014,137,4,0.029197080291970802,0.5864661654135338,0.5,0.518796992481203,0.971830985915493,-0.324269432311713
ai_east,climatology,3,post2014,95,13,0.1368421052631579,0.4057223264540338,0.6153846153846154,0.6341463414634146,0.8666666666666667,-0.14292897824796966
ai_east,climatology,6,all,229,17,0.07423580786026202,0.5209489456159822,0.5882352941176471,0.5518867924528302,0.9212598425196851,0.04589257509695134
ai_east,climatology,6,pre2014,134,4,0.029850746268656716,0.5692307692307692,0.5,0.49230769230769234,0.9696969696969697,0.011097582364934747
ai_east,climatology,6,post2014,95,13,0.1368421052631579,0.47232645403377116,0.6153846153846154,0.6463414634146342,0.8688524590163934,-0.08182621085936484
ai_east,damped_persistence,1,all,234,17,0.07264957264957266,0.645974518839794,0.058823529411764705,0.03686635944700461,0.8888888888888888,0.07867702958216292
ai_east,damped_persistence,1,pre2014,139,4,0.02877697841726619,0.6962962962962963,0.0,0.044444444444444446,1.0,-0.63315346164946
ai_east,damped_persistence,1,post2014,95,13,0.1368421052631579,0.6754221388367729,0.07692307692307693,0.024390243902439025,0.6666666666666666,0.18861419061305404
ai_east,damped_persistence,2,all,233,17,0.07296137339055794,0.4680010893246188,0.17647058823529413,0.21296296296296297,0.9387755102040817,-0.06279836062863563
ai_east,damped_persistence,2,pre2014,138,4,0.028985507246376812,0.5895522388059702,0.25,0.21641791044776118,0.9666666666666667,0.05453318626068602
ai_east,damped_persistence,2,post2014,95,13,0.1368421052631579,0.43151969981238275,0.15384615384615385,0.2073170731707317,0.8947368421052632,-0.09456517292595376
ai_east,damped_persistence,3,all,232,17,0.07327586206896551,0.5332421340629274,0.4117647058823529,0.3395348837209302,0.9125,0.026873159834130175
ai_east,damped_persistence,3,pre2014,137,4,0.029197080291970802,0.5169172932330828,0.5,0.3157894736842105,0.9545454545454546,-0.0788360092952955
ai_east,damped_persistence,3,post2014,95,13,0.1368421052631579,0.4934333958724203,0.38461538461538464,0.3780487804878049,0.8611111111111112,0.00963593649699277
ai_east,damped_persistence,6,all,229,17,0.07423580786026202,0.5804661487236404,0.6470588235294118,0.46226415094339623,0.8990825688073395,0.2510102411310755
ai_east,damped_persistence,6,pre2014,134,4,0.029850746268656716,0.6211538461538462,0.75,0.4,0.9454545454545454,0.4662378377452965
ai_east,damped_persistence,6,post2014,95,13,0.1368421052631579,0.5412757973733584,0.6153846153846154,0.5609756097560976,0.8518518518518519,0.07911950719840606
ai_east,hurdle,1,all,234,17,0.07264957264957266,0.559636757928978,0.058823529411764705,0.0,0.0,0.6608827483062852
ai_east,hurdle,1,pre2014,139,4,0.02877697841726619,0.4592592592592593,0.0,0.0,,-0.0
ai_east,hurdle,1,post2014,95,13,0.1368421052631579,0.75281425891182,0.07692307692307693,0.0,0.0,0.6883509258049052
ai_east,hurdle,2,all,233,17,0.07296137339055794,0.49959150326797386,0.11764705882352941,0.18055555555555555,0.9512195121951219,-0.15185731118750284
ai_east,hurdle,2,pre2014,138,4,0.028985507246376812,0.48973880597014924,0.0,0.13432835820895522,1.0,-0.7546258135553245
ai_east,hurdle,2,post2014,95,13,0.1368421052631579,0.5187617260787992,0.15384615384615385,0.25609756097560976,0.9130434782608695,-0.2095767313569632
ai_east,hurdle,3,all,232,17,0.07327586206896551,0.5975376196990424,0.7058823529411765,0.44651162790697674,0.8888888888888888,0.40973303590790766
ai_east,hurdle,3,pre2014,137,4,0.029197080291970802,0.6973684210526316,0.75,0.45112781954887216,0.9523809523809523,0.5752706995053567
ai_east,hurdle,3,post2014,95,13,0.1368421052631579,0.5590994371482176,0.6923076923076923,0.43902439024390244,0.8,0.33505054616130264
ai_east,hurdle,6,all,229,17,0.07423580786026202,0.5471698113207547,0.5882352941176471,0.5566037735849056,0.921875,-0.008892762163770121
ai_east,hurdle,6,pre2014,134,4,0.029850746268656716,0.4701923076923077,0.5,0.6538461538461539,0.9770114942528736,-0.29851648977821243
ai_east,hurdle,6,post2014,95,13,0.1368421052631579,0.5966228893058162,0.6153846153846154,0.4024390243902439,0.8048780487804879,0.2852200615080911
ai_east,lim_cs,1,all,234,17,0.07264957264957266,0.669151531580374,0.29411764705882354,0.14746543778801843,0.8648648648648649,0.24114180062245447
ai_east,lim_cs,1,pre2014,139,4,0.02877697841726619,0.6564814814814814,0.0,0.06666666666666667,1.0,-0.6735823673449249
ai_east,lim_cs,1,post2014,95,13,0.1368421052631579,0.6585365853658537,0.38461538461538464,0.2804878048780488,0.8214285714285714,0.15520337628088962
ai_east,lim_cs,2,all,233,17,0.07296137339055794,0.4861111111111111,0.29411764705882354,0.18055555555555555,0.8863636363636364,0.1750180731945259
ai_east,lim_cs,2,pre2014,138,4,0.028985507246376812,0.26865671641791045,0.0,0.08208955223880597,1.0,-0.7043382916123
ai_east,lim_cs,2,post2014,95,13,0.1368421052631579,0.49812382739212013,0.38461538461538464,0.34146341463414637,0.8484848484848485,0.06367499690536298
ai_east,lim_cs,3,all,232,17,0.07327586206896551,0.5406292749658003,0.35294117647058826,0.1813953488372093,0.8666666666666667,0.26618969173112733
ai_east,lim_cs,3,pre2014,137,4,0.029197080291970802,0.5037593984962406,0.0,0.08270676691729323,1.0,-0.6959362895511502
ai_east,lim_cs,3,post2014,95,13,0.1368421052631579,0.5356472795497186,0.46153846153846156,0.34146341463414637,0.8235294117647058,0.17425290687243875
ai_east,lim_cs,6,all,229,17,0.07423580786026202,0.5858768035516093,0.35294117647058826,0.19811320754716982,0.875,0.23116049465209862
ai_east,lim_cs,6,pre2014,134,4,0.029850746268656716,0.4240384615384616,0.0,0.07692307692307693,1.0,-0.6983380618135576
ai_east,lim_cs,6,post2014,95,13,0.1368421052631579,0.6031894934333959,0.46153846153846156,0.3902439024390244,0.8421052631578947,0.10330475823477099
ai_east,lim_ice,1,all,234,17,0.07264957264957266,0.6589861751152074,0.4117647058823529,0.16129032258064516,0.8333333333333334,0.37055669680352915
ai_east,lim_ice,1,pre2014,139,4,0.02877697841726619,0.4111111111111111,0.0,0.1037037037037037,1.0,-0.7275691434293359
ai_east,lim_ice,1,post2014,95,13,0.1368421052631579,0.6866791744840526,0.5384615384615384,0.25609756097560976,0.75,0.40012903461077043
ai_east,lim_ice,2,all,233,17,0.07296137339055794,0.6428376906318082,0.47058823529411764,0.16203703703703703,0.813953488372093,0.45042917901744733
ai_east,lim_ice,2,pre2014,138,4,0.028985507246376812,0.3703358208955224,0.0,0.07462686567164178,1.0,-0.6852007968338252
ai_east,lim_ice,2,post2014,95,13,0.1368421052631579,0.6416510318949342,0.6153846153846154,0.3048780487804878,0.7575757575757576,0.4324697782954624
ai_east,lim_ice,3,all,232,17,0.07327586206896551,0.7357045143638851,0.5882352941176471,0.17674418604651163,0.7916666666666666,0.5665086235108939
ai_east,lim_ice,3,pre2014,137,4,0.029197080291970802,0.6484962406015038,0.25,0.03759398496240601,0.8333333333333334,0.4293794091935627
ai_east,lim_ice,3,post2014,95,13,0.1368421052631579,0.6791744840525328,0.6923076923076923,0.4024390243902439,0.7857142857142857,0.40593869938981453
ai_east,lim_ice,6,all,229,17,0.07423580786026202,0.6598224195338512,0.6470588235294118,0.4811320754716981,0.9026548672566371,0.22469716736296794
ai_east,lim_ice,6,pre2014,134,4,0.029850746268656716,0.4557692307692308,0.25,0.4,0.9811320754716981,-0.3080229291660506
ai_east,lim_ice,6,post2014,95,13,0.1368421052631579,0.6388367729831145,0.7692307692307693,0.6097560975609756,0.8333333333333334,0.29678194216904025
ai_east,lim_k10,1,all,234,17,0.07264957264957266,0.6997831390620766,0.5294117647058824,0.20276497695852536,0.8301886792452831,0.462904956152
ai_east,lim_k10,1,pre2014,139,4,0.02877697841726619,0.4935185185185185,0.25,0.16296296296296298,0.9565217391304348,0.14667731504944012
ai_east,lim_k10,1,post2014,95,13,0.1368421052631579,0.7429643527204502,0.6153846153846154,0.2682926829268293,0.7333333333333333,0.4800494556948738
ai_east,lim_k10,2,all,233,17,0.07296137339055794,0.6432461873638344,0.5294117647058824,0.19907407407407407,0.8269230769230769,0.4615946268077081
ai_east,lim_k10,2,pre2014,138,4,0.028985507246376812,0.4552238805970149,0.0,0.11194029850746269,1.0,-0.7354663992324655
ai_east,lim_k10,2,post2014,95,13,0.1368421052631579,0.6538461538461539,0.6923076923076923,0.34146341463414637,0.7567567567567568,0.48301698154253975
ai_east,lim_k10,3,all,232,17,0.07327586206896551,0.6911080711354309,0.5882352941176471,0.22790697674418606,0.8305084745762712,0.5058237640729502
ai_east,lim_k10,3,pre2014,137,4,0.029197080291970802,0.5375939849624061,0.25,0.09022556390977443,0.9230769230769231,0.29043558780567047
ai_east,lim_k10,3,post2014,95,13,0.1368421052631579,0.651031894934334,0.6923076923076923,0.45121951219512196,0.8043478260869565,0.3582683938097577
ai_east,lim_k10,6,all,229,17,0.07423580786026202,0.7364039955604883,0.7647058823529411,0.42452830188679247,0.8737864077669902,0.3861028111570097
ai_east,lim_k10,6,pre2014,134,4,0.029850746268656716,0.37115384615384617,0.0,0.24615384615384617,1.0,-0.8584975526608233
ai_east,lim_k10,6,post2014,95,13,0.1368421052631579,0.7077861163227017,1.0,0.7073170731707317,0.8169014084507042,0.8403339524799535
ai_east,lim_k12,1,all,234,17,0.07264957264957266,0.6741664407698563,0.4117647058823529,0.16129032258064516,0.8333333333333334,0.3779529865942778
ai_east,lim_k12,1,pre2014,139,4,0.02877697841726619,0.45555555555555566,0.0,0.1111111111111111,1.0,-0.7275691434293359
ai_east,lim_k12,1,post2014,95,13,0.1368421052631579,0.7157598499061915,0.5384615384615384,0.24390243902439024,0.7407407407407407,0.41700804542283926
ai_east,lim_k12,2,all,233,17,0.07296137339055794,0.6181917211328976,0.5294117647058824,0.16203703703703703,0.7954545454545454,0.5134667906470478
ai_east,lim_k12,2,pre2014,138,4,0.028985507246376812,0.4048507462686567,0.0,0.08208955223880597,1.0,-0.6951492558749272
ai_east,lim_k12,2,post2014,95,13,0.1368421052631579,0.6360225140712945,0.6923076923076923,0.2926829268292683,0.7272727272727273,0.5278124908454023
ai_east,lim_k12,3,all,232,17,0.07327586206896551,0.7203830369357045,0.5882352941176471,0.19069767441860466,0.803921568627451,0.5604531059436547
ai_east,lim_k12,3,pre2014,137,4,0.029197080291970802,0.5056390977443609,0.25,0.06766917293233082,0.9,0.3435624956383499
ai_east,lim_k12,3,post2014,95,13,0.1368421052631579,0.6772983114446529,0.6923076923076923,0.3902439024390244,0.7804878048780488,0.43712968242697414
ai_east,lim_k12,6,all,229,17,0.07423580786026202,0.7437569367369589,0.8235294117647058,0.5518867924528302,0.8931297709923665,0.5488329626054881
ai_east,lim_k12,6,pre2014,134,4,0.029850746268656716,0.6048076923076924,0.5,0.45384615384615384,0.9672131147540983,-0.011097582364934747
ai_east,lim_k12,6,post2014,95,13,0.1368421052631579,0.6468105065666041,0.9230769230769231,0.7073170731707317,0.8285714285714286,0.8239321320105479
ai_east,lim_k15,1,all,234,17,0.07264957264957266,0.7156410951477366,0.23529411764705882,0.10138248847926268,0.8461538461538461,0.23423298465436024
ai_east,lim_k15,1,pre2014,139,4,0.02877697841726619,0.611111111111111,0.0,0.06666666666666667,1.0,-0.6735823673449249
ai_east,lim_k15,1,post2014,95,13,0.1368421052631579,0.6951219512195121,0.3076923076923077,0.15853658536585366,0.7647058823529411,0.21978420509188792
ai_east,lim_k15,2,all,233,17,0.07296137339055794,0.5860566448801743,0.35294117647058826,0.17592592592592593,0.8636363636363636,0.2675781177323506
ai_east,lim_k15,2,pre2014,138,4,0.028985507246376812,0.4608208955223881,0.0,0.05223880597014925,1.0,-0.6490203711456094
ai_east,lim_k15,2,post2014,95,13,0.1368421052631579,0.5328330206378987,0.46153846153846156,0.3780487804878049,0.8378378378378378,0.08559921052925015
ai_east,lim_k15,3,all,232,17,0.07327586206896551,0.7281805745554034,0.6470588235294118,0.18604651162790697,0.7843137254901961,0.624425732299441
ai_east,lim_k15,3,pre2014,137,4,0.029197080291970802,0.4877819548872181,0.25,0.03007518796992481,0.8,0.45596136768943546
ai_east,lim_k15,3,post2014,95,13,0.1368421052631579,0.677298311444653,0.7692307692307693,0.43902439024390244,0.782608695652174,0.46297276569122986
ai_east,lim_k15,6,all,229,17,0.07423580786026202,0.6725860155382907,0.6470588235294118,0.37264150943396224,0.8777777777777778,0.3895783171174993
ai_east,lim_k15,6,pre2014,134,4,0.029850746268656716,0.5326923076923076,0.25,0.2230769230769231,0.9666666666666667,-0.05418134893438418
ai_east,lim_k15,6,post2014,95,13,0.1368421052631579,0.602251407129456,0.7692307692307693,0.6097560975609756,0.8333333333333334,0.362195425435933
ai_east,lim_k8,1,all,234,17,0.07264957264957266,0.7216047709406344,0.5294117647058824,0.18433179723502305,0.8163265306122449,0.48222181681423615
ai_east,lim_k8,1,pre2014,139,4,0.02877697841726619,0.6259259259259259,0.25,0.1037037037037037,0.9333333333333333,0.2458844762381334
ai_east,lim_k8,1,post2014,95,13,0.1368421052631579,0.7307692307692307,0.6153846153846154,0.3170731707317073,0.7647058823529411,0.4164438958845142
ai_east,lim_k8,2,all,233,17,0.07296137339055794,0.6726579520697168,0.5294117647058824,0.25462962962962965,0.859375,0.45844659161301066
ai_east,lim_k8,2,pre2014,138,4,0.028985507246376812,0.6044776119402985,0.25,0.1865671641791045,0.9615384615384616,0.10503353748923752
ai_east,lim_k8,2,post2014,95,13,0.1368421052631579,0.6407129455909943,0.6153846153846154,0.36585365853658536,0.7894736842105263,0.4525460146375112
ai_east,lim_k8,3,all,232,17,0.07327586206896551,0.7562243502051983,0.6470588235294118,0.26976744186046514,0.8405797101449275,0.5396251001725381
ai_east,lim_k8,3,pre2014,137,4,0.029197080291970802,0.8026315789473684,0.5,0.18045112781954886,0.9230769230769231,0.4589089718779053
ai_east,lim_k8,3,post2014,95,13,0.1368421052631579,0.6632270168855535,0.6923076923076923,0.4146341463414634,0.7906976744186046,0.43712968242697414
ai_east,lim_k8,6,all,229,17,0.07423580786026202,0.6828523862375138,0.5294117647058824,0.3632075471698113,0.8953488372093024,0.2731103363954201
ai_east,lim_k8,6,pre2014,134,4,0.029850746268656716,0.5384615384615385,0.25,0.25384615384615383,0.9705882352941176,-0.07769509351105865
ai_east,lim_k8,6,post2014,95,13,0.1368421052631579,0.6627579737335835,0.6153846153846154,0.5365853658536586,0.8461538461538461,0.20908766271400897
ai_east,persistence,1,all,234,17,0.07264957264957266,0.6364868528056384,0.23529411764705882,0.055299539170506916,0.75,0.35556602239683877
ai_east,persistence,1,pre2014,139,4,0.02877697841726619,0.6796296296296296,0.25,0.06666666666666667,0.9,0.34608813527214555
ai_east,persistence,1,post2014,95,13,0.1368421052631579,0.6801125703564728,0.23076923076923078,0.036585365853658534,0.5,0.40733746553275113
ai_east,persistence,2,all,233,17,0.07296137339055794,0.47508169934640526,0.17647058823529413,0.21296296296296297,0.9387755102040817,-0.06279836062863563
ai_east,persistence,2,pre2014,138,4,0.028985507246376812,0.580223880597015,0.25,0.19402985074626866,0.9629629629629629,0.09220258231478658
ai_east,persistence,2,post2014,95,13,0.1368421052631579,0.43058161350844276,0.15384615384615385,0.24390243902439024,0.9090909090909091,-0.15373563070771049
ai_east,persistence,3,all,232,17,0.07327586206896551,0.5136798905608755,0.35294117647058826,0.37209302325581395,0.9302325581395349,-0.021433904463391013
ai_east,persistence,3,pre2014,137,4,0.029197080291970802,0.46052631578947373,0.25,0.3383458646616541,0.9782608695652174,-0.1349674475921633
ai_east,persistence,3,post2014,95,13,0.1368421052631579,0.49624765478424016,0.38461538461538464,0.4268292682926829,0.875,-0.0438108819235207
ai_east,persistence,6,all,229,17,0.07423580786026202,0.6046059933407325,0.5294117647058824,0.41037735849056606,0.90625,0.16423390234388605
ai_east,persistence,6,pre2014,134,4,0.029850746268656716,0.6076923076923078,0.5,0.3923076923076923,0.9622641509433962,0.14411870463588183
ai_east,persistence,6,post2014,95,13,0.1368421052631579,0.602251407129456,0.5384615384615384,0.43902439024390244,0.8372093023255814,0.14292897824796957
ai_east,pnt_persistence,1,all,234,17,0.07264957264957266,0.6470588235294118,0.17647058823529413,0.05069124423963134,0.7857142857142857,0.27999140827455055
ai_east,pnt_persistence,1,pre2014,139,4,0.02877697841726619,0.7259259259259259,0.0,0.05185185185185185,1.0,-0.6482832894043431
ai_east,pnt_persistence,1,post2014,95,13,0.1368421052631579,0.6941838649155723,0.23076923076923078,0.04878048780487805,0.5714285714285714,0.36807488382976067
ai_east,pnt_persistence,2,all,233,17,0.07296137339055794,0.4776688453159041,0.11764705882352941,0.14351851851851852,0.9393939393939394,-0.07005544597488231
ai_east,pnt_persistence,2,pre2014,138,4,0.028985507246376812,0.5494402985074627,0.0,0.08208955223880597,1.0,-0.7128828724925901
ai_east,pnt_persistence,2,post2014,95,13,0.1368421052631579,0.47326454033771104,0.15384615384615385,0.24390243902439024,0.9090909090909091,-0.15373563070771049
ai_east,pnt_persistence,3,all,232,17,0.07327586206896551,0.532421340629275,0.35294117647058826,0.3023255813953488,0.9154929577464789,0.07586887261833501
ai_east,pnt_persistence,3,pre2014,137,4,0.029197080291970802,0.4492481203007519,0.25,0.22556390977443608,0.967741935483871,0.03946453651039788
ai_east,pnt_persistence,3,post2014,95,13,0.1368421052631579,0.5628517823639775,0.38461538461538464,0.4268292682926829,0.875,-0.061497515010316695
ai_east,pnt_persistence,6,all,229,17,0.07423580786026202,0.5846281908990011,0.5294117647058824,0.3018867924528302,0.8767123287671232,0.3244536358980436
ai_east,pnt_persistence,6,pre2014,134,4,0.029850746268656716,0.6519230769230769,0.5,0.23846153846153847,0.9393939393939394,0.375496908330725
ai_east,pnt_persistence,6,post2014,95,13,0.1368421052631579,0.5863039399624765,0.5384615384615384,0.4024390243902439,0.825,0.1950291653896822
ai_west,climatology,1,all,209,33,0.15789473684210525,0.46668388429752067,0.36363636363636365,0.3522727272727273,0.8378378378378378,-0.025085159308446806
ai_west,climatology,1,pre2014,127,12,0.09448818897637795,0.3307971014492754,0.16666666666666666,0.3565217391304348,0.9534883720930233,-0.33096944429738645
ai_west,climatology,1,post2014,82,21,0.25609756097560976,0.529664324746292,0.47619047619047616,0.3442622950819672,0.6774193548387096,0.19084600162056928
ai_west,climatology,2,all,208,33,0.15865384615384615,0.4961038961038961,0.2727272727272727,0.22285714285714286,0.8125,0.08002756546938186
ai_west,climatology,2,pre2014,126,12,0.09523809523809523,0.34904970760233917,0.0,0.16666666666666666,1.0,-0.21824498800516953
ai_west,climatology,2,post2014,82,21,0.25609756097560976,0.5343481654957065,0.42857142857142855,0.32786885245901637,0.6896551724137931,0.07508449988613217
ai_west,climatology,3,all,207,33,0.15942028985507245,0.5071403692093347,0.30303030303030304,0.27586206896551724,0.8275862068965517,0.09639903879965869
ai_west,climatology,3,pre2014,125,12,0.096,0.3274336283185841,0.0,0.18584070796460178,1.0,-0.7395463753914278
ai_west,climatology,3,post2014,82,21,0.25609756097560976,0.5273224043715847,0.47619047619047616,0.4426229508196721,0.7297297297297297,0.05112601325254815
ai_west,climatology,6,all,204,33,0.16176470588235295,0.5281765018607124,0.30303030303030304,0.1695906432748538,0.7435897435897436,0.2584616797083064
ai_west,climatology,6,pre2014,122,12,0.09836065573770492,0.3803030303030303,0.0,0.05454545454545454,1.0,-0.6533175096130351
ai_west,climatology,6,post2014,82,21,0.25609756097560976,0.520686963309914,0.47619047619047616,0.3770491803278688,0.696969696969697,0.1433727603977449
ai_west,damped_persistence,1,all,209,33,0.15789473684210525,0.7817665289256198,0.15151515151515152,0.03977272727272727,0.5833333333333334,0.27484495829872035
ai_west,damped_persistence,1,pre2014,127,12,0.09448818897637795,0.7634057971014493,0.16666666666666666,0.02608695652173913,0.6,0.35603111876097204
ai_west,damped_persistence,1,post2014,82,21,0.25609756097560976,0.7580015612802499,0.14285714285714285,0.06557377049180328,0.5714285714285714,0.17680204227763693
ai_west,damped_persistence,2,all,208,33,0.15865384615384615,0.5906493506493506,0.3333333333333333,0.21142857142857144,0.7708333333333334,0.21432701281221972
ai_west,damped_persistence,2,pre2014,126,12,0.09523809523809523,0.5796783625730995,0.16666666666666666,0.11403508771929824,0.8666666666666667,0.08487712758072859
ai_west,damped_persistence,2,post2014,82,21,0.25609756097560976,0.537080405932865,0.42857142857142855,0.39344262295081966,0.7272727272727273,0.09591910596111483
ai_west,damped_persistence,3,all,207,33,0.15942028985507245,0.5754963427377221,0.3939393939393939,0.2988505747126437,0.8,0.15820197874519493
ai_west,damped_persistence,3,pre2014,125,12,0.096,0.45943952802359883,0.16666666666666666,0.1415929203539823,0.8888888888888888,0.06467354415636767
ai_west,damped_persistence,3,post2014,82,21,0.25609756097560976,0.501951600312256,0.5238095238095238,0.5901639344262295,0.7659574468085106,-0.07220268163016158
ai_west,damped_persistence,6,all,204,33,0.16176470588235295,0.5214424951267056,0.3333333333333333,0.28654970760233917,0.8166666666666667,0.061897947539632646
ai_west,damped_persistence,6,pre2014,122,12,0.09836065573770492,0.33333333333333337,0.0,0.10909090909090909,1.0,-0.7343338947427056
ai_west,damped_persistence,6,post2014,82,21,0.25609756097560976,0.49024199843871974,0.5238095238095238,0.6065573770491803,0.7708333333333334,-0.11964309273875551
ai_west,hurdle,1,all,209,33,0.15789473684210525,0.6279269972451791,0.24242424242424243,0.005681818181818182,0.1111111111111111,0.5858568078609259
ai_west,hurdle,1,pre2014,127,12,0.09448818897637795,0.7036231884057971,0.08333333333333333,0.008695652173913044,0.5,0.3191968351231257
ai_west,hurdle,1,post2014,82,21,0.25609756097560976,0.6924277907884465,0.3333333333333333,0.0,0.0,0.8565740514429906
ai_west,hurdle,2,all,208,33,0.15865384615384615,0.5968831168831169,0.3333333333333333,0.21142857142857144,0.7708333333333334,0.22338391997485227
ai_west,hurdle,2,pre2014,126,12,0.09523809523809523,0.5942982456140351,0.16666666666666666,0.12280701754385964,0.875,0.08487712758072859
ai_west,hurdle,2,post2014,82,21,0.25609756097560976,0.5433255269320844,0.42857142857142855,0.3770491803278688,0.71875,0.07508449988613217
ai_west,hurdle,3,all,207,33,0.15942028985507245,0.5384883315917799,0.36363636363636365,0.3390804597701149,0.8309859154929577,0.10558789372202396
ai_west,hurdle,3,pre2014,125,12,0.096,0.41297935103244837,0.08333333333333333,0.23008849557522124,0.9629629629629629,-0.1760402133554657
ai_west,hurdle,3,post2014,82,21,0.25609756097560976,0.5097580015612803,0.5238095238095238,0.5409836065573771,0.75,0.022528822030788796
ai_west,hurdle,6,all,204,33,0.16176470588235295,0.5395179868864078,0.45454545454545453,0.32748538011695905,0.7887323943661971,0.17622755434502285
ai_west,hurdle,6,pre2014,122,12,0.09836065573770492,0.32196969696969696,0.0,0.16363636363636364,1.0,-0.7709347153996922
ai_west,hurdle,6,post2014,82,21,0.25609756097560976,0.4863387978142077,0.7142857142857143,0.6229508196721312,0.7169811320754716,0.13634367139669862
ai_west,lim_cs,1,all,209,33,0.15789473684210525,0.696969696969697,0.42424242424242425,0.19318181818181818,0.7083333333333334,0.343935731423807
ai_west,lim_cs,1,pre2014,127,12,0.09448818897637795,0.8521739130434783,0.16666666666666666,0.06956521739130435,0.8,0.20883218809690454
ai_west,lim_cs,1,post2014,82,21,0.25609756097560976,0.624512099921936,0.5714285714285714,0.4262295081967213,0.6842105263157895,0.20777568557620543
ai_west,lim_cs,2,all,208,33,0.15865384615384615,0.5355844155844156,0.42424242424242425,0.21142857142857144,0.7254901960784313,0.31583244408968264
ai_west,lim_cs,2,pre2014,126,12,0.09523809523809523,0.5014619883040935,0.16666666666666666,0.10526315789473684,0.8571428571428571,0.12236047584035249
ai_west,lim_cs,2,post2014,82,21,0.25609756097560976,0.5675253708040593,0.5714285714285714,0.4098360655737705,0.6756756756756757,0.23080808546496304
ai_west,lim_cs,3,all,207,33,0.15942028985507245,0.491292232671543,0.30303030303030304,0.23563218390804597,0.803921568627451,0.10518653024981588
ai_west,lim_cs,3,pre2014,125,12,0.096,0.35914454277286134,0.0,0.10619469026548672,1.0,-0.7226411739902273
ai_west,lim_cs,3,post2014,82,21,0.25609756097560976,0.507416081186573,0.47619047619047616,0.47540983606557374,0.7435897435897436,0.0011269632300557311
ai_west,lim_cs,6,all,204,33,0.16176470588235295,0.5557327662590821,0.48484848484848486,0.29239766081871343,0.7575757575757576,0.2693939237054672
ai_west,lim_cs,6,pre2014,122,12,0.09836065573770492,0.4446969696969697,0.16666666666666666,0.14545454545454545,0.8888888888888888,0.022435295776032767
ai_west,lim_cs,6,post2014,82,21,0.25609756097560976,0.5425448868071818,0.6666666666666666,0.5573770491803278,0.7083333333333334,0.1593260446065386
ai_west,lim_ice,1,all,209,33,0.15789473684210525,0.700327134986226,0.5454545454545454,0.2159090909090909,0.6785714285714286,0.45645062014681587
ai_west,lim_ice,1,pre2014,127,12,0.09448818897637795,0.7630434782608696,0.3333333333333333,0.06086956521739131,0.6363636363636364,0.467961649999386
ai_west,lim_ice,1,post2014,82,21,0.25609756097560976,0.624512099921936,0.6666666666666666,0.5081967213114754,0.6888888888888889,0.20558229610249115
ai_west,lim_ice,2,all,208,33,0.15865384615384615,0.5627705627705628,0.5757575757575758,0.4,0.7865168539325843,0.21860205927896986
ai_west,lim_ice,2,pre2014,126,12,0.09523809523809523,0.5646929824561404,0.4166666666666667,0.23684210526315788,0.84375,0.21370264728446775
ai_west,lim_ice,2,post2014,82,21,0.25609756097560976,0.46526151444184227,0.6666666666666666,0.7049180327868853,0.7543859649122807,-0.057796532263189704
ai_west,lim_ice,3,all,207,33,0.15942028985507245,0.533611981887844,0.5757575757575758,0.5,0.8207547169811321,0.08208288830614187
ai_west,lim_ice,3,pre2014,125,12,0.096,0.4085545722713865,0.16666666666666666,0.2831858407079646,0.9411764705882353,-0.16398570827768774
ai_west,lim_ice,3,post2014,82,21,0.25609756097560976,0.43247462919594065,0.8095238095238095,0.9016393442622951,0.7638888888888888,-0.25484410654541606
ai_west,lim_ice,6,all,204,33,0.16176470588235295,0.6158071947545631,0.6666666666666666,0.4502923976608187,0.7777777777777778,0.2919333000398396
ai_west,lim_ice,6,pre2014,122,12,0.09836065573770492,0.4606060606060606,0.25,0.22727272727272727,0.8928571428571429,0.03666806503798139
ai_west,lim_ice,6,post2014,82,21,0.25609756097560976,0.5105386416861827,0.9047619047619048,0.8524590163934426,0.7323943661971831,0.07795902076309562
ai_west,lim_k10,1,all,209,33,0.15789473684210525,0.7262396694214875,0.5757575757575758,0.17045454545454544,0.6122448979591837,0.5608938813594186
ai_west,lim_k10,1,pre2014,127,12,0.09448818897637795,0.8,0.5,0.034782608695652174,0.4,0.695189039441412
ai_west,lim_k10,1,post2014,82,21,0.25609756097560976,0.6346604215456675,0.6190476190476191,0.4262295081967213,0.6666666666666666,0.2743677210705528
ai_west,lim_k10,2,all,208,33,0.15865384615384615,0.5781818181818184,0.5757575757575758,0.3657142857142857,0.7710843373493976,0.2981974722918508
ai_west,lim_k10,2,pre2014,126,12,0.09523809523809523,0.5752923976608186,0.3333333333333333,0.15789473684210525,0.8181818181818182,0.2785058687090734
ai_west,lim_k10,2,post2014,82,21,0.25609756097560976,0.5066354410616706,0.7142857142857143,0.7540983606557377,0.7540983606557377,-0.062395322393731675
ai_west,lim_k10,3,all,207,33,0.15942028985507245,0.5568617206548241,0.5151515151515151,0.4425287356321839,0.8191489361702128,0.12936991467135517
ai_west,lim_k10,3,pre2014,125,12,0.096,0.4221976401179941,0.08333333333333333,0.23893805309734514,0.9642857142857143,-0.2493834563117895
ai_west,lim_k10,3,post2014,82,21,0.25609756097560976,0.4918032786885246,0.7619047619047619,0.819672131147541,0.7575757575757576,-0.09698582333468694
ai_west,lim_k10,6,all,204,33,0.16176470588235295,0.6422115895800107,0.6363636363636364,0.3742690058479532,0.7529411764705882,0.3291332370197178
ai_west,lim_k10,6,pre2014,122,12,0.09836065573770492,0.5280303030303031,0.16666666666666666,0.13636363636363635,0.8823529411764706,-0.010974541468523419
ai_west,lim_k10,6,post2014,82,21,0.25609756097560976,0.5378610460577673,0.9047619047619048,0.8032786885245902,0.7205882352941176,0.16894691296070016
ai_west,lim_k12,1,all,209,33,0.15789473684210525,0.7459538567493114,0.6060606060606061,0.20454545454545456,0.6428571428571429,0.5507479153129567
ai_west,lim_k12,1,pre2014,127,12,0.09448818897637795,0.8492753623188405,0.5,0.05217391304347826,0.5,0.6600397393915154
ai_west,lim_k12,1,post2014,82,21,0.25609756097560976,0.6315378610460577,0.6666666666666666,0.4918032786885246,0.6818181818181818,0.22844672273605354
ai_west,lim_k12,2,all,208,33,0.15865384615384615,0.5766233766233767,0.48484848484848486,0.36,0.7974683544303798,0.15553680051808313
ai_west,lim_k12,2,pre2014,126,12,0.09523809523809523,0.5394736842105263,0.16666666666666666,0.18421052631578946,0.9130434782608695,-0.07633629770194734
ai_west,lim_k12,2,post2014,82,21,0.25609756097560976,0.511319281811085,0.6666666666666666,0.6885245901639344,0.75,-0.03288199070019705
ai_west,lim_k12,3,all,207,33,0.15942028985507245,0.5425809822361547,0.5151515151515151,0.43103448275862066,0.8152173913043478,0.15409076321590692
ai_west,lim_k12,3,pre2014,125,12,0.096,0.4295722713864307,0.08333333333333333,0.22123893805309736,0.9615384615384616,-0.20640137984359555
ai_west,lim_k12,3,post2014,82,21,0.25609756097560976,0.4590163934426229,0.7619047619047619,0.819672131147541,0.7575757575757576,-0.09698582333468694
ai_west,lim_k12,6,all,204,33,0.16176470588235295,0.6033138401559456,0.5454545454545454,0.39766081871345027,0.7906976744186046,0.22113510168379197
ai_west,lim_k12,6,pre2014,122,12,0.09836065573770492,0.44734848484848483,0.0,0.17272727272727273,1.0,-0.22967443039882945
ai_west,lim_k12,6,post2014,82,21,0.25609756097560976,0.4746291959406713,0.8571428571428571,0.8032786885245902,0.7313432835820896,0.0975507883018755
ai_west,lim_k15,1,all,209,33,0.15789473684210525,0.7138429752066117,0.5454545454545454,0.17613636363636365,0.6326530612244898,0.518842406634436
ai_west,lim_k15,1,pre2014,127,12,0.09448818897637795,0.8094202898550724,0.3333333333333333,0.02608695652173913,0.42857142857142855,0.5653535316096339
ai_west,lim_k15,1,post2014,82,21,0.25609756097560976,0.6479313036690085,0.6666666666666666,0.45901639344262296,0.6666666666666666,0.2959671286631003
ai_west,lim_k15,2,all,208,33,0.15865384615384615,0.6251082251082251,0.5757575757575758,0.3942857142857143,0.7840909090909091,0.292450670157725
ai_west,lim_k15,2,pre2014,126,12,0.09523809523809523,0.5723684210526315,0.25,0.21929824561403508,0.8928571428571429,0.16232226172490505
ai_west,lim_k15,2,post2014,82,21,0.25609756097560976,0.550351288056206,0.7619047619047619,0.7213114754098361,0.7333333333333333,0.06407467876853423
ai_west,lim_k15,3,all,207,33,0.15942028985507245,0.5694879832810866,0.5454545454545454,0.46551724137931033,0.8181818181818182,0.1478881191227293
ai_west,lim_k15,3,pre2014,125,12,0.096,0.4631268436578171,0.16666666666666666,0.25663716814159293,0.9354838709677419,-0.0940290369394907
ai_west,lim_k15,3,post2014,82,21,0.25609756097560976,0.49024199843871974,0.7619047619047619,0.8524590163934426,0.7647058823529411,-0.15630206468345575
ai_west,lim_k15,6,all,204,33,0.16176470588235295,0.593478646110225,0.6060606060606061,0.4327485380116959,0.7872340425531915,0.23310791571656397
ai_west,lim_k15,6,pre2014,122,12,0.09836065573770492,0.39545454545454545,0.16666666666666666,0.24545454545454545,0.9310344827586207,-0.04987055954421652
ai_west,lim_k15,6,post2014,82,21,0.25609756097560976,0.5027322404371584,0.8571428571428571,0.7704918032786885,0.7230769230769231,0.12494866820083607
ai_west,lim_k8,1,all,209,33,0.15789473684210525,0.7054063360881544,0.6666666666666666,0.3181818181818182,0.717948717948718,0.47280204239912854
ai_west,lim_k8,1,pre2014,127,12,0.09448818897637795,0.7050724637681159,0.5833333333333334,0.19130434782608696,0.7586206896551724,0.5305641575058262
ai_west,lim_k8,1,post2014,82,21,0.25609756097560976,0.6338797814207651,0.7142857142857143,0.5573770491803278,0.6938775510204082,0.22944673126666415
ai_west,lim_k8,2,all,208,33,0.15865384615384615,0.5826839826839827,0.5454545454545454,0.4342857142857143,0.8085106382978723,0.17833491266734158
ai_west,lim_k8,2,pre2014,126,12,0.09523809523809523,0.5818713450292397,0.25,0.2719298245614035,0.9117647058823529,0.0529707672517478
ai_west,lim_k8,2,post2014,82,21,0.25609756097560976,0.511319281811085,0.7142857142857143,0.7377049180327869,0.75,-0.03644579618862178
ai_west,lim_k8,3,all,207,33,0.15942028985507245,0.5652211772901428,0.6060606060606061,0.46551724137931033,0.801980198019802,0.24963198051911925
ai_west,lim_k8,3,pre2014,125,12,0.096,0.5335545722713864,0.3333333333333333,0.30973451327433627,0.8974358974358975,0.11717943924388845
ai_west,lim_k8,3,post2014,82,21,0.25609756097560976,0.45823575331772054,0.7619047619047619,0.7540983606557377,0.7419354838709677,0.01254678104230983
ai_west,lim_k8,6,all,204,33,0.16176470588235295,0.593833067517278,0.6060606060606061,0.4619883040935672,0.797979797979798,0.2168254282382619
ai_west,lim_k8,6,pre2014,122,12,0.09836065573770492,0.4318181818181818,0.08333333333333333,0.24545454545454545,0.9642857142857143,-0.16115050169905512
ai_west,lim_k8,6,post2014,82,21,0.25609756097560976,0.5214676034348166,0.9047619047619048,0.8524590163934426,0.7323943661971831,0.07795902076309562
ai_west,persistence,1,all,209,33,0.15789473684210525,0.771780303030303,0.3333333333333333,0.07386363636363637,0.5416666666666666,0.42623236048138996
ai_west,persistence,1,pre2014,127,12,0.09448818897637795,0.7514492753623189,0.25,0.05217391304347826,0.6666666666666666,0.3847636671348875
ai_west,persistence,1,post2014,82,21,0.25609756097560976,0.7634660421545668,0.38095238095238093,0.11475409836065574,0.4666666666666667,0.4174093387074813
ai_west,persistence,2,all,208,33,0.15865384615384615,0.6292640692640692,0.45454545454545453,0.25142857142857145,0.7457627118644068,0.29649328161212074
ai_west,persistence,2,pre2014,126,12,0.09523809523809523,0.6286549707602339,0.4166666666666667,0.16666666666666666,0.7916666666666666,0.3756671966666386
ai_west,persistence,2,post2014,82,21,0.25609756097560976,0.5261514441842311,0.47619047619047616,0.4098360655737705,0.7142857142857143,0.07220268163016161
ai_west,persistence,3,all,207,33,0.15942028985507245,0.571664925113201,0.48484848484848486,0.3333333333333333,0.7837837837837838,0.23535259048898366
ai_west,persistence,3,pre2014,125,12,0.096,0.46386430678466084,0.25,0.20353982300884957,0.8846153846153846,0.1062905588279045
ai_west,persistence,3,post2014,82,21,0.25609756097560976,0.4886807181889149,0.6190476190476191,0.5737704918032787,0.7291666666666666,0.06598637321764157
ai_west,persistence,6,all,204,33,0.16176470588235295,0.5151515151515151,0.5757575757575758,0.4678362573099415,0.8080808080808081,0.15507884205000025
ai_west,persistence,6,pre2014,122,12,0.09836065573770492,0.33825757575757576,0.16666666666666666,0.33636363636363636,0.9487179487179487,-0.267698970260014
ai_west,persistence,6,post2014,82,21,0.25609756097560976,0.4886807181889149,0.8095238095238095,0.7049180327868853,0.7166666666666667,0.1674821768406972
ai_west,pnt_persistence,1,all,209,33,0.15789473684210525,0.7738464187327824,0.3939393939393939,0.07386363636363637,0.5,0.5098957240930824
ai_west,pnt_persistence,1,pre2014,127,12,0.09448818897637795,0.7550724637681159,0.25,0.05217391304347826,0.6666666666666666,0.3847636671348875
ai_west,pnt_persistence,1,post2014,82,21,0.25609756097560976,0.756440281030445,0.47619047619047616,0.11475409836065574,0.4117647058823529,0.5299434500361202
ai_west,pnt_persistence,2,all,208,33,0.15865384615384615,0.6506493506493505,0.3939393939393939,0.2571428571428571,0.7758620689655172,0.20406364288823634
ai_west,pnt_persistence,2,pre2014,126,12,0.09523809523809523,0.6483918128654971,0.3333333333333333,0.17543859649122806,0.8333333333333334,0.2485610015406374
ai_west,pnt_persistence,2,post2014,82,21,0.25609756097560976,0.5550351288056206,0.42857142857142855,0.4098360655737705,0.7352941176470589,0.02723063732654845
ai_west,pnt_persistence,3,all,207,33,0.15942028985507245,0.54858934169279,0.48484848484848486,0.3390804597701149,0.7866666666666666,0.21047546813482323
ai_west,pnt_persistence,3,pre2014,125,12,0.096,0.4874631268436578,0.25,0.21238938053097345,0.8888888888888888,0.07605756595843532
ai_west,pnt_persistence,3,post2014,82,21,0.25609756097560976,0.4769711163153786,0.6190476190476191,0.5737704918032787,0.7291666666666666,0.06598637321764157
ai_west,pnt_persistence,6,all,204,33,0.16176470588235295,0.505404926457558,0.5757575757575758,0.4327485380116959,0.7956989247311828,0.2046955350930622
ai_west,pnt_persistence,6,pre2014,122,12,0.09836065573770492,0.34090909090909094,0.16666666666666666,0.2818181818181818,0.9393939393939394,-0.1887042222002454
ai_west,pnt_persistence,6,post2014,82,21,0.25609756097560976,0.492583918813427,0.8095238095238095,0.7049180327868853,0.7166666666666667,0.1674821768406972
beaufort,climatology,1,all,240,22,0.09166666666666666,0.7264386989157632,0.5909090909090909,0.19724770642201836,0.7678571428571429,0.5428614089173434
beaufort,climatology,1,pre2014,118,11,0.09322033898305085,0.6949872557349193,0.6363636363636364,0.24299065420560748,0.7878787878787878,0.5372602632011455
beaufort,climatology,1,post2014,122,11,0.09016393442622951,0.7551187551187551,0.5454545454545454,0.15315315315315314,0.7391304347826086,0.5505740236815349
beaufort,climatology,2,all,239,22,0.09205020920502092,0.7077922077922079,0.5454545454545454,0.1889400921658986,0.7735849056603774,0.5012437821996355
beaufort,climatology,2,pre2014,117,11,0.09401709401709402,0.6869639794168096,0.5454545454545454,0.22641509433962265,0.8,0.44983190929138733
beaufort,climatology,2,post2014,122,11,0.09016393442622951,0.7321867321867322,0.5454545454545454,0.15315315315315314,0.7391304347826086,0.5505740236815349
beaufort,climatology,3,all,238,22,0.09243697478991597,0.6908670033670035,0.5454545454545454,0.18981481481481483,0.7735849056603774,0.5000427008142031
beaufort,climatology,3,pre2014,116,11,0.09482758620689655,0.658874458874459,0.5454545454545454,0.22857142857142856,0.8,0.44687284967612506
beaufort,climatology,3,post2014,122,11,0.09016393442622951,0.7297297297297298,0.5454545454545454,0.15315315315315314,0.7391304347826086,0.5505740236815349
beaufort,climatology,6,all,236,20,0.0847457627118644,0.7018518518518518,0.6,0.18518518518518517,0.7692307692307693,0.5686840009547638
beaufort,climatology,6,pre2014,114,9,0.07894736842105263,0.6814814814814815,0.6666666666666666,0.21904761904761905,0.7931034482758621,0.6007650141634301
beaufort,climatology,6,post2014,122,11,0.09016393442622951,0.7256347256347258,0.5454545454545454,0.15315315315315314,0.7391304347826086,0.5505740236815349
beaufort,damped_persistence,1,all,240,22,0.09166666666666666,0.7494787322768974,1.0,0.8348623853211009,0.8921568627450981,0.771984572525379
beaufort,damped_persistence,1,pre2014,118,11,0.09322033898305085,0.7357689039932029,1.0,0.9252336448598131,0.9,0.6853945555410333
beaufort,damped_persistence,1,post2014,122,11,0.09016393442622951,0.8001638001638002,1.0,0.7477477477477478,0.8829787234042553,0.8220913484195131
beaufort,damped_persistence,2,all,239,22,0.09205020920502092,0.7457059069962295,0.9545454545454546,0.7373271889400922,0.8839779005524862,0.4210806169742179
beaufort,damped_persistence,2,pre2014,117,11,0.09401709401709402,0.6895368782161235,0.9090909090909091,0.8962264150943396,0.9047619047619048,0.030113823838454144
beaufort,damped_persistence,2,post2014,122,11,0.09016393442622951,0.8157248157248158,1.0,0.5855855855855856,0.8552631578947368,0.8843334798305615
beaufort,damped_persistence,3,all,238,22,0.09243697478991597,0.6989688552188552,0.9545454545454546,0.6203703703703703,0.864516129032258,0.5570782869489368
beaufort,damped_persistence,3,pre2014,116,11,0.09482758620689655,0.5922077922077923,0.9090909090909091,0.819047619047619,0.8958333333333334,0.1800580595693399
beaufort,damped_persistence,3,post2014,122,11,0.09016393442622951,0.8075348075348076,1.0,0.43243243243243246,0.8135593220338984,0.9255732346577288
beaufort,damped_persistence,6,all,236,20,0.0847457627118644,0.6912037037037038,0.65,0.25,0.8059701492537313,0.5444942573658466
beaufort,damped_persistence,6,pre2014,114,9,0.07894736842105263,0.6502645502645502,0.6666666666666666,0.3238095238095238,0.85,0.47287017451296076
beaufort,damped_persistence,6,post2014,122,11,0.09016393442622951,0.7231777231777232,0.6363636363636364,0.18018018018018017,0.7407407407407407,0.6145466324122
beaufort,hurdle,1,all,240,22,0.09166666666666666,0.6684737281067556,0.45454545454545453,0.1743119266055046,0.7916666666666666,0.3980000807525503
beaufort,hurdle,1,pre2014,118,11,0.09322033898305085,0.6533559898045879,0.6363636363636364,0.35514018691588783,0.8444444444444444,0.38123560403127743
beaufort,hurdle,1,post2014,122,11,0.09016393442622951,0.737100737100737,0.2727272727272727,0.0,0.0,0.8316253375660599
beaufort,hurdle,2,all,239,22,0.09205020920502092,0.5123586091328026,0.09090909090909091,0.08294930875576037,0.9,-0.035099693300862704
beaufort,hurdle,2,pre2014,117,11,0.09401709401709402,0.5102915951972555,0.18181818181818182,0.16981132075471697,0.9,-0.04428131221305427
beaufort,hurdle,2,post2014,122,11,0.09016393442622951,0.45986895986895987,0.0,0.0,,-0.0
beaufort,hurdle,3,all,238,22,0.09243697478991597,0.5700757575757576,0.18181818181818182,0.10185185185185185,0.8461538461538461,0.17760888542091588
beaufort,hurdle,3,pre2014,116,11,0.09482758620689655,0.5307359307359307,0.2727272727272727,0.14285714285714285,0.8333333333333334,0.23597302440305912
beaufort,hurdle,3,post2014,122,11,0.09016393442622951,0.6412776412776413,0.09090909090909091,0.06306306306306306,0.875,0.07438900320592284
beaufort,hurdle,6,all,236,20,0.0847457627118644,0.7422453703703704,0.45,0.14814814814814814,0.7804878048780488,0.43230225047587556
beaufort,hurdle,6,pre2014,114,9,0.07894736842105263,0.7597883597883598,0.4444444444444444,0.17142857142857143,0.8181818181818182,0.37444317742127303
beaufort,hurdle,6,post2014,122,11,0.09016393442622951,0.7608517608517608,0.45454545454545453,0.12612612612612611,0.7368421052631579,0.5883451981465477
beaufort,lim_cs,1,all,240,22,0.09166666666666666,0.5384695579649708,0.4090909090909091,0.30275229357798167,0.88,0.15678777825094936
beaufort,lim_cs,1,pre2014,118,11,0.09322033898305085,0.5029736618521665,0.5454545454545454,0.5327102803738317,0.9047619047619048,0.01841653241365648
beaufort,lim_cs,1,post2014,122,11,0.09016393442622951,0.5397215397215397,0.2727272727272727,0.08108108108108109,0.75,0.3433111271706484
beaufort,lim_cs,2,all,239,22,0.09205020920502092,0.5027230833682446,0.3181818181818182,0.30414746543778803,0.9041095890410958,0.02125458236280741
beaufort,lim_cs,2,pre2014,117,11,0.09401709401709402,0.41852487135506,0.36363636363636365,0.5377358490566038,0.9344262295081968,-0.24893142785699884
beaufort,lim_cs,2,post2014,122,11,0.09016393442622951,0.538083538083538,0.2727272727272727,0.08108108108108109,0.75,0.3433111271706484
beaufort,lim_cs,3,all,238,22,0.09243697478991597,0.47285353535353536,0.3181818181818182,0.3055555555555556,0.9041095890410958,0.026158776064715415
beaufort,lim_cs,3,pre2014,116,11,0.09482758620689655,0.31082251082251083,0.2727272727272727,0.4857142857142857,0.9444444444444444,-0.3073935587554078
beaufort,lim_cs,3,post2014,122,11,0.09016393442622951,0.5593775593775594,0.36363636363636365,0.13513513513513514,0.7894736842105263,0.37505684632263026
beaufort,lim_cs,6,all,236,20,0.0847457627118644,0.530787037037037,0.35,0.3472222222222222,0.9146341463414634,0.004125775333133896
beaufort,lim_cs,6,pre2014,114,9,0.07894736842105263,0.4793650793650793,0.4444444444444444,0.4380952380952381,0.92,0.009195813430503562
beaufort,lim_cs,6,post2014,122,11,0.09016393442622951,0.5696150696150696,0.2727272727272727,0.26126126126126126,0.90625,0.017958344607925326
beaufort,lim_ice,1,all,240,22,0.09166666666666666,0.436092577147623,0.09090909090909091,0.15137614678899083,0.9428571428571428,-0.08741418349630983
beaufort,lim_ice,1,pre2014,118,11,0.09322033898305085,0.5947323704333051,0.0,0.0,,-0.0
beaufort,lim_ice,1,post2014,122,11,0.09016393442622951,0.3415233415233415,0.18181818181818182,0.2972972972972973,0.9428571428571428,-0.061193136007109995
beaufort,lim_ice,2,all,239,22,0.09205020920502092,0.4369501466275659,0.045454545454545456,0.12442396313364056,0.9642857142857143,-0.14316194845088445
beaufort,lim_ice,2,pre2014,117,11,0.09401709401709402,0.6123499142367068,0.0,0.0,,-0.0
beaufort,lim_ice,2,post2014,122,11,0.09016393442622951,0.303030303030303,0.09090909090909091,0.24324324324324326,0.9642857142857143,-0.2962939881489751
beaufort,lim_ice,3,all,238,22,0.09243697478991597,0.4265572390572391,0.13636363636363635,0.3055555555555556,0.9565217391304348,-0.3856223363783285
beaufort,lim_ice,3,pre2014,116,11,0.09482758620689655,0.5329004329004329,0.0,0.0,,-0.0
beaufort,lim_ice,3,post2014,122,11,0.09016393442622951,0.276003276003276,0.2727272727272727,0.5945945945945946,0.9565217391304348,-0.46239095062535235
beaufort,lim_ice,6,all,236,20,0.0847457627118644,0.48368055555555556,0.15,0.28703703703703703,0.9538461538461539,-0.23299028832228455
beaufort,lim_ice,6,pre2014,114,9,0.07894736842105263,0.4830687830687831,0.0,0.0,,-0.0
beaufort,lim_ice,6,post2014,122,11,0.09016393442622951,0.39475839475839475,0.2727272727272727,0.5585585585585585,0.9538461538461539,-0.30218071733689605
beaufort,lim_k10,1,all,240,22,0.09166666666666666,0.5641159299416181,0.36363636363636365,0.3486238532110092,0.9047619047619048,0.08190683193780496
beaufort,lim_k10,1,pre2014,118,11,0.09322033898305085,0.4808836023789295,0.36363636363636365,0.5607476635514018,0.9375,-0.1525591325340712
beaufort,lim_k10,1,post2014,122,11,0.09016393442622951,0.6257166257166258,0.36363636363636365,0.14414414414414414,0.8,0.32812899777304805
beaufort,lim_k10,2,all,239,22,0.09205020920502092,0.4010263929618768,0.3181818181818182,0.41935483870967744,0.9285714285714286,-0.18776914298270084
beaufort,lim_k10,2,pre2014,117,11,0.09401709401709402,0.36963979416809606,0.45454545454545453,0.6037735849056604,0.927536231884058,-0.2535567775208106
beaufort,lim_k10,2,post2014,122,11,0.09016393442622951,0.441031941031941,0.18181818181818182,0.24324324324324326,0.9310344827586207,-0.14475767877184925
beaufort,lim_k10,3,all,238,22,0.09243697478991597,0.34638047138047134,0.2727272727272727,0.4722222222222222,0.9444444444444444,-0.2702674317773768
beaufort,lim_k10,3,pre2014,116,11,0.09482758620689655,0.3203463203463204,0.45454545454545453,0.6761904761904762,0.9342105263157895,-0.30202422766497583
beaufort,lim_k10,3,post2014,122,11,0.09016393442622951,0.3546273546273546,0.09090909090909091,0.27927927927927926,0.96875,-0.3052404852887816
beaufort,lim_k10,6,all,236,20,0.0847457627118644,0.3927083333333333,0.4,0.6342592592592593,0.9448275862068966,-0.36233941655830093
beaufort,lim_k10,6,pre2014,114,9,0.07894736842105263,0.4296296296296296,0.5555555555555556,0.6571428571428571,0.9324324324324325,-0.1619142055036052
beaufort,lim_k10,6,post2014,122,11,0.09016393442622951,0.32432432432432434,0.2727272727272727,0.6126126126126126,0.9577464788732394,-0.39855655880059276
beaufort,lim_k12,1,all,240,22,0.09166666666666666,0.5292952460383653,0.4090909090909091,0.39908256880733944,0.90625,0.01459529736233498
beaufort,lim_k12,1,pre2014,118,11,0.09322033898305085,0.5029736618521665,0.6363636363636364,0.6822429906542056,0.9125,-0.06833361397332927
beaufort,lim_k12,1,post2014,122,11,0.09016393442622951,0.5528255528255529,0.18181818181818182,0.12612612612612611,0.875,0.10498822818699005
beaufort,lim_k12,2,all,239,22,0.09205020920502092,0.39254294093003766,0.3181818181818182,0.4792626728110599,0.9369369369369369,-0.1671407385198374
beaufort,lim_k12,2,pre2014,117,11,0.09401709401709402,0.35934819897084047,0.45454545454545453,0.6886792452830188,0.9358974358974359,-0.33268767743609623
beaufort,lim_k12,2,post2014,122,11,0.09016393442622951,0.42342342342342343,0.18181818181818182,0.27927927927927926,0.9393939393939394,-0.010180698291528317
beaufort,lim_k12,3,all,238,22,0.09243697478991597,0.28114478114478114,0.3181818181818182,0.7407407407407407,0.9580838323353293,-0.5312030571498881
beaufort,lim_k12,3,pre2014,116,11,0.09482758620689655,0.23116883116883113,0.2727272727272727,0.7619047619047619,0.963855421686747,-0.6448535579845528
beaufort,lim_k12,3,post2014,122,11,0.09016393442622951,0.35708435708435704,0.36363636363636365,0.7207207207207207,0.9523809523809523,-0.43385023992713256
beaufort,lim_k12,6,all,236,20,0.0847457627118644,0.4872685185185185,0.7,0.6527777777777778,0.9096774193548387,0.05720024955698732
beaufort,lim_k12,6,pre2014,114,9,0.07894736842105263,0.45714285714285713,0.6666666666666666,0.5904761904761905,0.9117647058823529,0.11191879654575207
beaufort,lim_k12,6,post2014,122,11,0.09016393442622951,0.4537264537264537,0.7272727272727273,0.7117117117117117,0.9080459770114943,-0.017958344607925288
beaufort,lim_k15,1,all,240,22,0.09166666666666666,0.49895746455379486,0.2727272727272727,0.23394495412844038,0.8947368421052632,0.0615356982774453
beaufort,lim_k15,1,pre2014,118,11,0.09322033898305085,0.47918436703483436,0.36363636363636365,0.37383177570093457,0.9090909090909091,-0.015023167285050798
beaufort,lim_k15,1,post2014,122,11,0.09016393442622951,0.48894348894348894,0.18181818181818182,0.0990990990990991,0.8461538461538461,0.16272395102587178
beaufort,lim_k15,2,all,239,22,0.09205020920502092,0.4703602848764139,0.22727272727272727,0.3548387096774194,0.9390243902439024,-0.21450540455422049
beaufort,lim_k15,2,pre2014,117,11,0.09401709401709402,0.46226415094339623,0.2727272727272727,0.42452830188679247,0.9375,-0.22352174465837596
beaufort,lim_k15,2,post2014,122,11,0.09016393442622951,0.47542997542997545,0.18181818181818182,0.2882882882882883,0.9411764705882353,-0.211927811379485
beaufort,lim_k15,3,all,238,22,0.09243697478991597,0.3488005050505051,0.2727272727272727,0.5,0.9473684210526315,-0.30792681193343824
beaufort,lim_k15,3,pre2014,116,11,0.09482758620689655,0.34458874458874456,0.09090909090909091,0.44761904761904764,0.9791666666666666,-0.5377896339181274
beaufort,lim_k15,3,post2014,122,11,0.09016393442622951,0.36363636363636365,0.45454545454545453,0.5495495495495496,0.9242424242424242,-0.09790895415732534
beaufort,lim_k15,6,all,236,20,0.0847457627118644,0.4923611111111111,0.4,0.44907407407407407,0.9238095238095239,-0.0711983278447154
beaufort,lim_k15,6,pre2014,114,9,0.07894736842105263,0.5058201058201058,0.4444444444444444,0.2761904761904762,0.8787878787878788,0.24605859514301148
beaufort,lim_k15,6,post2014,122,11,0.09016393442622951,0.3464373464373464,0.36363636363636365,0.6126126126126126,0.9444444444444444,-0.3627961949205706
beaufort,lim_k8,1,all,240,22,0.09166666666666666,0.6298999165971644,0.4090909090909091,0.28440366972477066,0.8732394366197183,0.1773834368960627
beaufort,lim_k8,1,pre2014,118,11,0.09322033898305085,0.5029736618521665,0.45454545454545453,0.42990654205607476,0.9019607843137255,0.02213188298611339
beaufort,lim_k8,1,post2014,122,11,0.09016393442622951,0.7305487305487306,0.36363636363636365,0.14414414414414414,0.8,0.34353494431716475
beaufort,lim_k8,2,all,239,22,0.09205020920502092,0.5495391705069125,0.4090909090909091,0.34101382488479265,0.891566265060241,0.15828041662756948
beaufort,lim_k8,2,pre2014,117,11,0.09401709401709402,0.4819897084048027,0.36363636363636365,0.5,0.9298245614035088,-0.06556236278933393
beaufort,lim_k8,2,post2014,122,11,0.09016393442622951,0.6228501228501229,0.45454545454545453,0.1891891891891892,0.8076923076923077,0.3757828851428674
beaufort,lim_k8,3,all,238,22,0.09243697478991597,0.4078282828282828,0.3181818181818182,0.4166666666666667,0.9278350515463918,-0.13136836703212343
beaufort,lim_k8,3,pre2014,116,11,0.09482758620689655,0.4112554112554113,0.36363636363636365,0.47619047619047616,0.9259259259259259,-0.13571263492461083
beaufort,lim_k8,3,post2014,122,11,0.09016393442622951,0.38820638820638825,0.2727272727272727,0.36036036036036034,0.9302325581395349,-0.1319278636598401
beaufort,lim_k8,6,all,236,20,0.0847457627118644,0.47152777777777777,0.5,0.5555555555555556,0.9230769230769231,-0.11347061328199069
beaufort,lim_k8,6,pre2014,114,9,0.07894736842105263,0.5375661375661376,0.3333333333333333,0.3333333333333333,0.9210526315789473,-0.014213199002269784
beaufort,lim_k8,6,post2014,122,11,0.09016393442622951,0.3857493857493858,0.6363636363636364,0.7657657657657657,0.9239130434782609,-0.12055261863356544
beaufort,persistence,1,all,240,22,0.09166666666666666,0.775020850708924,0.9545454545454546,0.8990825688073395,0.9032258064516129,0.15484720833850016
beaufort,persistence,1,pre2014,118,11,0.09322033898305085,0.8411214953271028,1.0,0.8691588785046729,0.8942307692307693,0.7456116917828268
beaufort,persistence,1,post2014,122,11,0.09016393442622951,0.7207207207207207,0.9090909090909091,0.9279279279279279,0.911504424778761,-0.04861441311492295
beaufort,persistence,2,all,239,22,0.09205020920502092,0.6610808546292417,0.9545454545454546,0.9032258064516129,0.9032258064516129,0.145465638580424
beaufort,persistence,2,pre2014,117,11,0.09401709401709402,0.6586620926243568,0.9090909090909091,0.8773584905660378,0.9029126213592233,0.07092270828719245
beaufort,persistence,2,post2014,122,11,0.09016393442622951,0.7125307125307124,1.0,0.9279279279279279,0.9035087719298246,0.6815949454166111
beaufort,persistence,3,all,238,22,0.09243697478991597,0.6775042087542087,0.9545454545454546,0.9120370370370371,0.9036697247706422,0.12468167275653827
beaufort,persistence,3,pre2014,116,11,0.09482758620689655,0.6051948051948052,0.9090909090909091,0.9238095238095239,0.9065420560747663,-0.03743643499629348
beaufort,persistence,3,post2014,122,11,0.09016393442622951,0.7653562653562653,1.0,0.9009009009009009,0.9009009009009009,0.7151668049713334
beaufort,persistence,6,all,236,20,0.0847457627118644,0.6486111111111111,1.0,0.9166666666666666,0.908256880733945,0.6967300287158584
beaufort,persistence,6,pre2014,114,9,0.07894736842105263,0.5650793650793651,1.0,0.9142857142857143,0.9142857142857143,0.6996995635604452
beaufort,persistence,6,post2014,122,11,0.09016393442622951,0.7027027027027026,1.0,0.918918918918919,0.9026548672566371,0.6938521463459666
beaufort,pnt_persistence,1,all,240,22,0.09166666666666666,0.825792326939116,0.5,0.0779816513761468,0.6071428571428571,0.6146392747970576
beaufort,pnt_persistence,1,pre2014,118,11,0.09322033898305085,0.9022939677145284,0.6363636363636364,0.1308411214953271,0.6666666666666666,0.6743915764315753
beaufort,pnt_persistence,1,post2014,122,11,0.09016393442622951,0.7207207207207208,0.36363636363636365,0.02702702702702703,0.42857142857142855,0.5927010365741756
beaufort,pnt_persistence,2,all,239,22,0.09205020920502092,0.711772098868873,0.5909090909090909,0.24423963133640553,0.803030303030303,0.4815168035170454
beaufort,pnt_persistence,2,pre2014,117,11,0.09401709401709402,0.7555746140651801,0.7272727272727273,0.29245283018867924,0.7948717948717948,0.5838548902018311
beaufort,pnt_persistence,2,post2014,122,11,0.09016393442622951,0.6568386568386568,0.45454545454545453,0.1981981981981982,0.8148148148148148,0.3757828851428674
beaufort,pnt_persistence,3,all,238,22,0.09243697478991597,0.6430976430976431,0.5454545454545454,0.3287037037037037,0.8554216867469879,0.30848477327869295
beaufort,pnt_persistence,3,pre2014,116,11,0.09482758620689655,0.5922077922077923,0.6363636363636364,0.4,0.8571428571428571,0.33385688510436273
beaufort,pnt_persistence,3,post2014,122,11,0.09016393442622951,0.7010647010647011,0.45454545454545453,0.26126126126126126,0.8529411764705882,0.28197493336742246
beaufort,pnt_persistence,6,all,236,20,0.0847457627118644,0.6431712962962962,0.7,0.4305555555555556,0.8691588785046729,0.37987960266977655
beaufort,pnt_persistence,6,pre2014,114,9,0.07894736842105263,0.5698412698412698,0.6666666666666666,0.49523809523809526,0.896551724137931,0.24639495726544386
beaufort,pnt_persistence,6,post2014,122,11,0.09016393442622951,0.6936936936936937,0.7272727272727273,0.36936936936936937,0.8367346938775511,0.4929709348317314
chukchi,climatology,1,all,222,25,0.11261261261261261,0.7261928934010153,0.56,0.18781725888324874,0.7254901960784313,0.5197678457950847
chukchi,climatology,1,pre2014,113,13,0.11504424778761062,0.7584615384615385,0.5384615384615384,0.18,0.72,0.5053725769700059
chukchi,climatology,1,post2014,109,12,0.11009174311926606,0.6713917525773198,0.5833333333333334,0.1958762886597938,0.7307692307692307,0.5359735717516625
chukchi,climatology,2,all,221,25,0.11312217194570136,0.7210204081632654,0.56,0.17346938775510204,0.7083333333333334,0.5322504492440553
chukchi,climatology,2,pre2014,112,13,0.11607142857142858,0.7474747474747475,0.5384615384615384,0.15151515151515152,0.6818181818181818,0.5309294046773668
chukchi,climatology,2,post2014,109,12,0.11009174311926606,0.668384879725086,0.5833333333333334,0.1958762886597938,0.7307692307692307,0.5359735717516625
chukchi,climatology,3,all,220,25,0.11363636363636363,0.7249230769230768,0.56,0.18461538461538463,0.72,0.5310136001268706
chukchi,climatology,3,pre2014,111,13,0.11711711711711711,0.7523547880690737,0.5384615384615384,0.17346938775510204,0.7083333333333334,0.5286305891219436
chukchi,climatology,3,post2014,109,12,0.11009174311926606,0.6739690721649486,0.5833333333333334,0.1958762886597938,0.7307692307692307,0.5359735717516625
chukchi,climatology,6,all,218,24,0.11009174311926606,0.731421821305842,0.5833333333333334,0.18556701030927836,0.72,0.5427323935257613
chukchi,climatology,6,pre2014,109,12,0.11009174311926606,0.7757731958762887,0.5833333333333334,0.15463917525773196,0.6818181818181818,0.5900469140882607
chukchi,climatology,6,post2014,109,12,0.11009174311926606,0.6726804123711341,0.5833333333333334,0.21649484536082475,0.75,0.5088964282576967
chukchi,damped_persistence,1,all,222,25,0.11261261261261261,0.6557360406091371,0.56,0.4365482233502538,0.86,0.17705555095213169
chukchi,damped_persistence,1,pre2014,113,13,0.11504424778761062,0.5892307692307692,0.5384615384615384,0.55,0.8870967741935484,-0.016682368507314322
chukchi,damped_persistence,1,post2014,109,12,0.11009174311926606,0.7010309278350515,0.5833333333333334,0.31958762886597936,0.8157894736842105,0.3714451284937143
chukchi,damped_persistence,2,all,221,25,0.11312217194570136,0.6277551020408163,0.6,0.5408163265306123,0.8760330578512396,0.07106210734938419
chukchi,damped_persistence,2,pre2014,112,13,0.11607142857142858,0.5454545454545454,0.46153846153846156,0.5656565656565656,0.9032258064516129,-0.17839767846712234
chukchi,damped_persistence,2,post2014,109,12,0.11009174311926606,0.6812714776632303,0.75,0.5154639175257731,0.847457627118644,0.33866701803709925
chukchi,damped_persistence,3,all,220,25,0.11363636363636363,0.6166153846153846,0.64,0.5641025641025641,0.873015873015873,0.11796895968257623
chukchi,damped_persistence,3,pre2014,111,13,0.11711711711711711,0.5392464678178963,0.5384615384615384,0.5816326530612245,0.890625,-0.047704388375634475
chukchi,damped_persistence,3,post2014,109,12,0.11009174311926606,0.6769759450171822,0.75,0.5463917525773195,0.8548387096774194,0.29733943788131517
chukchi,damped_persistence,6,all,218,24,0.11009174311926606,0.6743986254295533,0.5833333333333334,0.30927835051546393,0.8108108108108109,0.37842088198919194
chukchi,damped_persistence,6,pre2014,109,12,0.11009174311926606,0.6855670103092784,0.5833333333333334,0.2268041237113402,0.7586206896551724,0.49532210807227156
chukchi,damped_persistence,6,post2014,109,12,0.11009174311926606,0.6537800687285223,0.5833333333333334,0.3917525773195876,0.8444444444444444,0.27254754417943383
chukchi,hurdle,1,all,222,25,0.11261261261261261,0.6847715736040609,0.32,0.116751269035533,0.7419354838709677,0.2967837900429385
chukchi,hurdle,1,pre2014,113,13,0.11504424778761062,0.7003846153846154,0.46153846153846156,0.21,0.7777777777777778,0.33751823671799275
chukchi,hurdle,1,post2014,109,12,0.11009174311926606,0.7302405498281787,0.16666666666666666,0.020618556701030927,0.5,0.3831021658978185
chukchi,hurdle,2,all,221,25,0.11312217194570136,0.7002040816326531,0.24,0.12244897959183673,0.8,0.29551724846889893
chukchi,hurdle,2,pre2014,112,13,0.11607142857142858,0.6787101787101787,0.3076923076923077,0.18181818181818182,0.8181818181818182,0.2766963062762198
chukchi,hurdle,2,post2014,109,12,0.11009174311926606,0.7422680412371134,0.16666666666666666,0.061855670103092786,0.75,0.33243355101110045
chukchi,hurdle,3,all,220,25,0.11363636363636363,0.6821538461538461,0.48,0.2512820512820513,0.8032786885245902,0.18838093344269624
chukchi,hurdle,3,pre2014,111,13,0.11711711711711711,0.6295133437990581,0.46153846153846156,0.336734693877551,0.8461538461538461,0.16276807824678519
chukchi,hurdle,3,post2014,109,12,0.11009174311926606,0.7268041237113402,0.5,0.16494845360824742,0.7272727272727273,0.2205255378130678
chukchi,hurdle,6,all,218,24,0.11009174311926606,0.6690292096219932,0.4166666666666667,0.27835051546391754,0.84375,0.17323652859000033
chukchi,hurdle,6,pre2014,109,12,0.11009174311926606,0.7074742268041238,0.5833333333333334,0.3402061855670103,0.825,0.31521380695688866
chukchi,hurdle,6,post2014,109,12,0.11009174311926606,0.6262886597938144,0.25,0.21649484536082475,0.875,0.13163587513685077
chukchi,lim_cs,1,all,222,25,0.11261261261261261,0.7371573604060914,0.6,0.2639593908629442,0.7761194029850746,0.46678633026066246
chukchi,lim_cs,1,pre2014,113,13,0.11504424778761062,0.6338461538461537,0.5384615384615384,0.37,0.8409090909090909,0.24095609562388873
chukchi,lim_cs,1,post2014,109,12,0.11009174311926606,0.793384879725086,0.6666666666666666,0.15463917525773196,0.6521739130434783,0.6758968021438826
chukchi,lim_cs,2,all,221,25,0.11312217194570136,0.6780612244897959,0.44,0.2653061224489796,0.8253968253968254,0.24091255417288074
chukchi,lim_cs,2,pre2014,112,13,0.11607142857142858,0.6491841491841492,0.46153846153846156,0.31313131313131315,0.8378378378378378,0.18609788085548254
chukchi,lim_cs,2,post2014,109,12,0.11009174311926606,0.7190721649484537,0.4166666666666667,0.21649484536082475,0.8076923076923077,0.297851504834745
chukchi,lim_cs,3,all,220,25,0.11363636363636363,0.6529230769230768,0.28,0.2153846153846154,0.8571428571428571,0.10306879355647841
chukchi,lim_cs,3,pre2014,111,13,0.11711711711711711,0.5557299843014128,0.15384615384615385,0.22448979591836735,0.9166666666666666,-0.12280309243216962
chukchi,lim_cs,3,post2014,109,12,0.11009174311926606,0.7396907216494846,0.4166666666666667,0.20618556701030927,0.8,0.313737983980054
chukchi,lim_cs,6,all,218,24,0.11009174311926606,0.569372852233677,0.25,0.22164948453608246,0.8775510204081632,0.037434354156637276
chukchi,lim_cs,6,pre2014,109,12,0.11009174311926606,0.5051546391752577,0.08333333333333333,0.12371134020618557,0.9230769230769231,-0.11258480998070843
chukchi,lim_cs,6,post2014,109,12,0.11009174311926606,0.6357388316151202,0.4166666666666667,0.31958762886597936,0.8611111111111112,0.14257154267055247
chukchi,lim_ice,1,all,222,25,0.11261261261261261,0.6099492385786801,0.88,0.6700507614213198,0.8571428571428571,0.33489322109717684
chukchi,lim_ice,1,pre2014,113,13,0.11504424778761062,0.6361538461538462,0.8461538461538461,0.51,0.8225806451612904,0.4741240189124627
chukchi,lim_ice,1,post2014,109,12,0.11009174311926606,0.636168384879725,0.9166666666666666,0.8350515463917526,0.8804347826086957,0.1703959952930486
chukchi,lim_ice,2,all,221,25,0.11312217194570136,0.5647959183673469,0.72,0.6122448979591837,0.8695652173913043,0.2559884447042432
chukchi,lim_ice,2,pre2014,112,13,0.11607142857142858,0.62004662004662,0.5384615384615384,0.35353535353535354,0.8333333333333334,0.41686225575591135
chukchi,lim_ice,2,post2014,109,12,0.11009174311926606,0.6078178694158076,0.9166666666666666,0.8762886597938144,0.8854166666666666,0.09181699521999095
chukchi,lim_ice,3,all,220,25,0.11363636363636363,0.5397948717948718,0.68,0.6564102564102564,0.8827586206896552,-0.043173890261789284
chukchi,lim_ice,3,pre2014,111,13,0.11711711711711711,0.4901883830455259,0.38461538461538464,0.3673469387755102,0.8780487804878049,-0.17115070000055752
chukchi,lim_ice,3,post2014,109,12,0.11009174311926606,0.7233676975945017,1.0,0.9484536082474226,0.8846153846153846,0.6817279710891351
chukchi,lim_ice,6,all,218,24,0.11009174311926606,0.5259879725085911,0.5833333333333334,0.5721649484536082,0.888,-0.020892890734583797
chukchi,lim_ice,6,pre2014,109,12,0.11009174311926606,0.48152920962199314,0.16666666666666666,0.1958762886597938,0.9047619047619048,-0.21410528330342765
chukchi,lim_ice,6,post2014,109,12,0.11009174311926606,0.654639175257732,1.0,0.9484536082474226,0.8846153846153846,0.6476980309108338
chukchi,lim_k10,1,all,222,25,0.11261261261261261,0.6251776649746191,0.64,0.38578680203045684,0.8260869565217391,0.3374322502566724
chukchi,lim_k10,1,pre2014,113,13,0.11504424778761062,0.5176923076923077,0.8461538461538461,0.61,0.8472222222222222,0.3487467946289926
chukchi,lim_k10,1,post2014,109,12,0.11009174311926606,0.6804123711340205,0.4166666666666667,0.15463917525773196,0.75,0.3458173383711088
chukchi,lim_k10,2,all,221,25,0.11312217194570136,0.5625510204081633,0.56,0.42857142857142855,0.8571428571428571,0.18025266482644065
chukchi,lim_k10,2,pre2014,112,13,0.11607142857142858,0.5244755244755245,0.6153846153846154,0.494949494949495,0.8596491228070176,0.08693063918394886
chukchi,lim_k10,2,post2014,109,12,0.11009174311926606,0.6151202749140894,0.5,0.36082474226804123,0.8536585365853658,0.3010381078307936
chukchi,lim_k10,3,all,220,25,0.11363636363636363,0.5721025641025641,0.72,0.5692307692307692,0.8604651162790697,0.1763384700507635
chukchi,lim_k10,3,pre2014,111,13,0.11711711711711711,0.44152276295133436,0.5384615384615384,0.6122448979591837,0.8955223880597015,-0.14328441542550277
chukchi,lim_k10,3,post2014,109,12,0.11009174311926606,0.6847079037800687,0.9166666666666666,0.5257731958762887,0.8225806451612904,0.6314465365891817
chukchi,lim_k10,6,all,218,24,0.11009174311926606,0.45017182130584193,0.75,0.7577319587628866,0.8909090909090909,0.04738774562578743
chukchi,lim_k10,6,pre2014,109,12,0.11009174311926606,0.443298969072165,0.5,0.6288659793814433,0.9104477611940298,-0.08166644656643893
chukchi,lim_k10,6,post2014,109,12,0.11009174311926606,0.42353951890034364,1.0,0.8865979381443299,0.8775510204081632,0.7194288568398928
chukchi,lim_k12,1,all,222,25,0.11261261261261261,0.6150253807106599,0.44,0.3197969543147208,0.8513513513513513,0.21689583671343948
chukchi,lim_k12,1,pre2014,113,13,0.11504424778761062,0.5123076923076924,0.46153846153846156,0.38,0.8636363636363636,0.21267129023467982
chukchi,lim_k12,1,post2014,109,12,0.11009174311926606,0.6855670103092784,0.4166666666666667,0.25773195876288657,0.8333333333333334,0.21954872848628681
chukchi,lim_k12,2,all,221,25,0.11312217194570136,0.6027551020408164,0.48,0.3622448979591837,0.8554216867469879,0.16079934341335322
chukchi,lim_k12,2,pre2014,112,13,0.11607142857142858,0.5567210567210568,0.46153846153846156,0.32323232323232326,0.8421052631578947,0.23567826737471675
chukchi,lim_k12,2,post2014,109,12,0.11009174311926606,0.6408934707903781,0.5,0.4020618556701031,0.8666666666666667,0.08177393694443467
chukchi,lim_k12,3,all,220,25,0.11363636363636363,0.558871794871795,0.52,0.46153846153846156,0.8737864077669902,0.07111770118223402
chukchi,lim_k12,3,pre2014,111,13,0.11711711711711711,0.4976452119309262,0.23076923076923078,0.2857142857142857,0.9032258064516129,-0.13918551503006507
chukchi,lim_k12,3,post2014,109,12,0.11009174311926606,0.6151202749140894,0.8333333333333334,0.6391752577319587,0.8611111111111112,0.3294125326077585
chukchi,lim_k12,6,all,218,24,0.11009174311926606,0.5165378006872852,0.7083333333333334,0.6907216494845361,0.8874172185430463,0.13598733262241197
chukchi,lim_k12,6,pre2014,109,12,0.11009174311926606,0.4690721649484536,0.4166666666666667,0.5154639175257731,0.9090909090909091,-0.1707947475380941
chukchi,lim_k12,6,post2014,109,12,0.11009174311926606,0.4879725085910653,1.0,0.865979381443299,0.875,0.7393831285479366
chukchi,lim_k15,1,all,222,25,0.11261261261261261,0.6877157360406091,0.64,0.3147208121827411,0.7948717948717948,0.49449670276674834
chukchi,lim_k15,1,pre2014,113,13,0.11504424778761062,0.5338461538461539,0.5384615384615384,0.4,0.851063829787234,0.2915720551784796
chukchi,lim_k15,1,post2014,109,12,0.11009174311926606,0.7568728522336771,0.75,0.2268041237113402,0.7096774193548387,0.6808632336281563
chukchi,lim_k15,2,all,221,25,0.11312217194570136,0.5875510204081633,0.52,0.33163265306122447,0.8333333333333334,0.38899771512041226
chukchi,lim_k15,2,pre2014,112,13,0.11607142857142858,0.5664335664335665,0.38461538461538464,0.29292929292929293,0.8529411764705882,0.36802482483822524
chukchi,lim_k15,2,post2014,109,12,0.11009174311926606,0.6194158075601375,0.6666666666666666,0.3711340206185567,0.8181818181818182,0.412456288808299
chukchi,lim_k15,3,all,220,25,0.11363636363636363,0.5071794871794871,0.6,0.4666666666666667,0.8584905660377359,0.11370896681667504
chukchi,lim_k15,3,pre2014,111,13,0.11711711711711711,0.41091051805337525,0.3076923076923077,0.25510204081632654,0.8620689655172413,-0.07182184493461787
chukchi,lim_k15,3,post2014,109,12,0.11009174311926606,0.5738831615120275,0.9166666666666666,0.6804123711340206,0.8571428571428571,0.4007683631930226
chukchi,lim_k15,6,all,218,24,0.11009174311926606,0.5313573883161512,0.75,0.711340206185567,0.8846153846153846,0.12786185920932522
chukchi,lim_k15,6,pre2014,109,12,0.11009174311926606,0.41967353951890035,0.5,0.6185567010309279,0.9090909090909091,-0.28899188884556926
chukchi,lim_k15,6,post2014,109,12,0.11009174311926606,0.5369415807560137,1.0,0.8041237113402062,0.8666666666666667,0.7918417642305077
chukchi,lim_k8,1,all,222,25,0.11261261261261261,0.6742131979695432,0.64,0.40609137055837563,0.8333333333333334,0.3100475435808819
chukchi,lim_k8,1,pre2014,113,13,0.11504424778761062,0.5934615384615385,0.6923076923076923,0.56,0.8615384615384616,0.19332663318569301
chukchi,lim_k8,1,post2014,109,12,0.11009174311926606,0.743127147766323,0.5833333333333334,0.24742268041237114,0.7741935483870968,0.4406857563126839
chukchi,lim_k8,2,all,221,25,0.11312217194570136,0.626734693877551,0.56,0.3673469387755102,0.8372093023255814,0.173897296401999
chukchi,lim_k8,2,pre2014,112,13,0.11607142857142858,0.5384615384615384,0.46153846153846156,0.37373737373737376,0.8604651162790697,0.06862148472160372
chukchi,lim_k8,2,post2014,109,12,0.11009174311926606,0.6812714776632303,0.6666666666666666,0.36082474226804123,0.813953488372093,0.3310338282576252
chukchi,lim_k8,3,all,220,25,0.11363636363636363,0.5732307692307693,0.76,0.6717948717948717,0.8733333333333333,0.05052021950124493
chukchi,lim_k8,3,pre2014,111,13,0.11711711711711711,0.4313186813186813,0.6153846153846154,0.7346938775510204,0.9,-0.30207704401331503
chukchi,lim_k8,3,post2014,109,12,0.11009174311926606,0.6640893470790378,0.9166666666666666,0.6082474226804123,0.8428571428571429,0.5122872397747539
chukchi,lim_k8,6,all,218,24,0.11009174311926606,0.5071950171821306,0.75,0.7319587628865979,0.8875,0.07208396945999875
chukchi,lim_k8,6,pre2014,109,12,0.11009174311926606,0.4703608247422681,0.5,0.6082474226804123,0.9076923076923077,-0.08166644656643893
chukchi,lim_k8,6,post2014,109,12,0.11009174311926606,0.4914089347079038,1.0,0.8556701030927835,0.8736842105263158,0.7566291167887016
chukchi,persistence,1,all,222,25,0.11261261261261261,0.6623350253807108,0.72,0.5532994923857868,0.8582677165354331,0.24354906869914159
chukchi,persistence,1,pre2014,113,13,0.11504424778761062,0.676923076923077,0.6923076923076923,0.62,0.8732394366197183,0.1074137812395547
chukchi,persistence,1,post2014,109,12,0.11009174311926606,0.6340206185567011,0.75,0.4845360824742268,0.8392857142857143,0.37909223830512595
chukchi,persistence,2,all,221,25,0.11312217194570136,0.6197959183673469,0.88,0.8367346938775511,0.8817204301075269,0.15725114979182944
chukchi,persistence,2,pre2014,112,13,0.11607142857142858,0.5765345765345765,0.7692307692307693,0.7878787878787878,0.8863636363636364,0.06845650571756923
chukchi,persistence,2,post2014,109,12,0.11009174311926606,0.6967353951890034,1.0,0.8865979381443299,0.8775510204081632,0.7298009732805496
chukchi,persistence,3,all,220,25,0.11363636363636363,0.6034871794871794,0.96,0.8974358974358975,0.8793969849246231,0.17873661500523494
chukchi,persistence,3,pre2014,111,13,0.11711711711711711,0.554160125588697,0.9230769230769231,0.8877551020408163,0.8787878787878788,0.08420185699253628
chukchi,persistence,3,post2014,109,12,0.11009174311926606,0.6786941580756014,1.0,0.9072164948453608,0.88,0.7081113453765479
chukchi,persistence,6,all,218,24,0.11009174311926606,0.5578823024054983,0.9583333333333334,0.8711340206185567,0.8802083333333334,0.22643713755212314
chukchi,persistence,6,pre2014,109,12,0.11009174311926606,0.48281786941580757,0.9166666666666666,0.8969072164948454,0.8877551020408163,0.047361095129676255
chukchi,persistence,6,post2014,109,12,0.11009174311926606,0.5859106529209622,1.0,0.845360824742268,0.8723404255319149,0.7644615198226301
chukchi,pnt_persistence,1,all,222,25,0.11261261261261261,0.7766497461928935,0.44,0.08121827411167512,0.5925925925925926,0.5467167756385173
chukchi,pnt_persistence,1,pre2014,113,13,0.11504424778761062,0.8392307692307692,0.5384615384615384,0.1,0.5882352941176471,0.618754515125131
chukchi,pnt_persistence,1,post2014,109,12,0.11009174311926606,0.7070446735395189,0.3333333333333333,0.061855670103092786,0.6,0.465642049585003
chukchi,pnt_persistence,2,all,221,25,0.11312217194570136,0.6416326530612245,0.52,0.2193877551020408,0.7678571428571429,0.428005110238331
chukchi,pnt_persistence,2,pre2014,112,13,0.11607142857142858,0.7156177156177156,0.5384615384615384,0.21212121212121213,0.75,0.46093290859767966
chukchi,pnt_persistence,2,post2014,109,12,0.11009174311926606,0.5498281786941581,0.5,0.2268041237113402,0.7857142857142857,0.3921882989185426
chukchi,pnt_persistence,3,all,220,25,0.11363636363636363,0.6174358974358974,0.52,0.3435897435897436,0.8375,0.2528108793891847
chukchi,pnt_persistence,3,pre2014,111,13,0.11711711711711711,0.6715070643642072,0.5384615384615384,0.336734693877551,0.825,0.2877734047550278
chukchi,pnt_persistence,3,post2014,109,12,0.11009174311926606,0.5322164948453608,0.5,0.35051546391752575,0.85,0.2151872403880326
chukchi,pnt_persistence,6,all,218,24,0.11009174311926606,0.548754295532646,0.625,0.4793814432989691,0.8611111111111112,0.20901104210942772
chukchi,pnt_persistence,6,pre2014,109,12,0.11009174311926606,0.5489690721649485,0.5,0.4536082474226804,0.88,0.06691354559397632
chukchi,pnt_persistence,6,post2014,109,12,0.11009174311926606,0.5360824742268042,0.75,0.5051546391752577,0.8448275862068966,0.3522418880865181
egoa,climatology,1,all,234,14,0.05982905982905983,0.5282467532467532,0.5,0.41363636363636364,0.9285714285714286,0.1114100863460014
egoa,climatology,1,pre2014,126,5,0.03968253968253968,0.4132231404958677,0.4,0.4793388429752066,0.9666666666666667,-0.12646230535617367
egoa,climatology,1,post2014,108,9,0.08333333333333333,0.6419753086419753,0.5555555555555556,0.3333333333333333,0.868421052631579,0.24517940496187154
egoa,climatology,2,all,233,14,0.060085836909871244,0.54044357469015,0.5,0.365296803652968,0.9195402298850575,0.20998849063338118
egoa,climatology,2,pre2014,125,5,0.04,0.42000000000000004,0.4,0.43333333333333335,0.9629629629629629,-0.08453154374266252
egoa,climatology,2,post2014,108,9,0.08333333333333333,0.6599326599326599,0.5555555555555556,0.2828282828282828,0.8484848484848485,0.3561337551227532
egoa,climatology,3,all,232,14,0.0603448275862069,0.526867627785059,0.5,0.5779816513761468,0.9473684210526315,0.0595497845807071
egoa,climatology,3,pre2014,124,5,0.04032258064516129,0.4016806722689076,0.4,0.5462184873949579,0.9701492537313433,-0.13814130730325108
egoa,climatology,3,post2014,108,9,0.08333333333333333,0.6363636363636362,0.5555555555555556,0.6161616161616161,0.9242424242424242,0.1451557834857055
egoa,climatology,6,all,229,14,0.0611353711790393,0.5280730897009966,0.5,0.5023255813953489,0.9391304347826087,-0.023485053345986814
egoa,climatology,6,pre2014,121,5,0.04132231404958678,0.4206896551724138,0.4,0.49137931034482757,0.9661016949152542,-0.16857027565413446
egoa,climatology,6,post2014,108,9,0.08333333333333333,0.6296296296296297,0.5555555555555556,0.5151515151515151,0.9107142857142857,0.32643751788427633
egoa,damped_persistence,1,all,234,14,0.05982905982905983,0.8011363636363636,0.21428571428571427,0.01818181818181818,0.5714285714285714,0.4405101611471131
egoa,damped_persistence,1,pre2014,126,5,0.03968253968253968,0.7231404958677685,0.2,0.01652892561983471,0.6666666666666666,0.4114911362525199
egoa,damped_persistence,1,post2014,108,9,0.08333333333333333,0.9023569023569022,0.2222222222222222,0.020202020202020204,0.5,0.462998548879784
egoa,damped_persistence,2,all,233,14,0.060085836909871244,0.6030658838878018,0.2857142857142857,0.0776255707762557,0.8095238095238095,0.35858871062694253
egoa,damped_persistence,2,pre2014,125,5,0.04,0.325,0.0,0.09166666666666666,1.0,-0.7161411320230037
egoa,damped_persistence,2,post2014,108,9,0.08333333333333333,0.7744107744107744,0.4444444444444444,0.06060606060606061,0.6,0.5903714013697812
egoa,damped_persistence,3,all,232,14,0.0603448275862069,0.6828309305373526,0.35714285714285715,0.12844036697247707,0.8484848484848485,0.3873571754387317
egoa,damped_persistence,3,pre2014,124,5,0.04032258064516129,0.373109243697479,0.0,0.13445378151260504,1.0,-0.7257201138221817
egoa,damped_persistence,3,post2014,108,9,0.08333333333333333,0.8271604938271604,0.5555555555555556,0.12121212121212122,0.7058823529411765,0.605843623890119
egoa,damped_persistence,6,all,229,14,0.0611353711790393,0.6694352159468439,0.5,0.3767441860465116,0.9204545454545454,0.16418016783987582
egoa,damped_persistence,6,pre2014,121,5,0.04132231404958678,0.3948275862068965,0.4,0.5172413793103449,0.967741935483871,-0.1807491391830248
egoa,damped_persistence,6,post2014,108,9,0.08333333333333333,0.8237934904601572,0.5555555555555556,0.21212121212121213,0.8076923076923077,0.5970021548357304
egoa,hurdle,1,all,234,14,0.05982905982905983,0.7258116883116883,0.07142857142857142,0.004545454545454545,0.5,0.34816927358334865
egoa,hurdle,1,pre2014,126,5,0.03968253968253968,0.7818181818181819,0.0,0.008264462809917356,1.0,-0.48486634383716126
egoa,hurdle,1,post2014,108,9,0.08333333333333333,0.8911335578002244,0.1111111111111111,0.0,0.0,0.7275691434293359
egoa,hurdle,2,all,233,14,0.060085836909871244,0.7025440313111546,0.07142857142857142,0.0228310502283105,0.8333333333333334,0.33285590596630893
egoa,hurdle,2,pre2014,125,5,0.04,0.6783333333333333,0.0,0.016666666666666666,1.0,-0.5432116386915015
egoa,hurdle,2,post2014,108,9,0.08333333333333333,0.8294051627384961,0.1111111111111111,0.030303030303030304,0.75,0.41891174282357607
egoa,hurdle,3,all,232,14,0.0603448275862069,0.7060943643512451,0.2857142857142857,0.14678899082568808,0.8888888888888888,0.2729959122400604
egoa,hurdle,3,pre2014,124,5,0.04032258064516129,0.6823529411764706,0.2,0.2184873949579832,0.9629629629629629,0.0409829315950051
egoa,hurdle,3,post2014,108,9,0.08333333333333333,0.8305274971941639,0.3333333333333333,0.06060606060606061,0.6666666666666666,0.4685840871385449
egoa,hurdle,6,all,229,14,0.0611353711790393,0.6812292358803986,0.7142857142857143,0.4697674418604651,0.9099099099099099,0.266922280026122
egoa,hurdle,6,pre2014,121,5,0.04132231404958678,0.613793103448276,0.8,0.6810344827586207,0.9518072289156626,0.09561529332439117
egoa,hurdle,6,post2014,108,9,0.08333333333333333,0.7586980920314254,0.6666666666666666,0.2222222222222222,0.7857142857142857,0.7035693798665487
egoa,lim_cs,1,all,234,14,0.05982905982905983,0.8272727272727273,0.42857142857142855,0.1,0.7857142857142857,0.5790947844209205
egoa,lim_cs,1,pre2014,126,5,0.03968253968253968,0.6396694214876033,0.2,0.008264462809917356,0.5,0.5124854732029894
egoa,lim_cs,1,post2014,108,9,0.08333333333333333,0.8518518518518519,0.5555555555555556,0.21212121212121213,0.8076923076923077,0.6089527183453591
egoa,lim_cs,2,all,233,14,0.060085836909871244,0.8519243313763862,0.5714285714285714,0.0821917808219178,0.6923076923076923,0.6766118293803149
egoa,lim_cs,2,pre2014,125,5,0.04,0.6733333333333333,0.2,0.008333333333333333,0.5,0.5118592589842766
egoa,lim_cs,2,post2014,108,9,0.08333333333333333,0.8888888888888888,0.7777777777777778,0.1717171717171717,0.7083333333333334,0.7626817294216035
egoa,lim_cs,3,all,232,14,0.0603448275862069,0.781127129750983,0.35714285714285715,0.09174311926605505,0.8,0.4308789729074539
egoa,lim_cs,3,pre2014,124,5,0.04032258064516129,0.7529411764705882,0.0,0.008403361344537815,1.0,-0.48620055871030965
egoa,lim_cs,3,post2014,108,9,0.08333333333333333,0.8103254769921436,0.5555555555555556,0.1919191919191919,0.7916666666666666,0.5090377945383754
egoa,lim_cs,6,all,229,14,0.0611353711790393,0.6845514950166114,0.35714285714285715,0.14883720930232558,0.8648648648648649,0.32677358838790993
egoa,lim_cs,6,pre2014,121,5,0.04132231404958678,0.5120689655172415,0.0,0.017241379310344827,1.0,-0.5461504025102194
egoa,lim_cs,6,post2014,108,9,0.08333333333333333,0.7732884399551065,0.5555555555555556,0.30303030303030304,0.8571428571428571,0.35754124917637703
egoa,lim_ice,1,all,234,14,0.05982905982905983,0.849025974025974,0.6428571428571429,0.05,0.55,0.7755217527084558
egoa,lim_ice,1,pre2014,126,5,0.03968253968253968,0.771900826446281,0.6,0.024793388429752067,0.5,0.7764202801576274
egoa,lim_ice,1,post2014,108,9,0.08333333333333333,0.9102132435465768,0.6666666666666666,0.08080808080808081,0.5714285714285714,0.7613433057293822
egoa,lim_ice,2,all,233,14,0.060085836909871244,0.7606001304631442,0.5,0.045662100456621,0.5882352941176471,0.6725825273757091
egoa,lim_ice,2,pre2014,125,5,0.04,0.5716666666666667,0.4,0.008333333333333333,0.3333333333333333,0.7028242018538052
egoa,lim_ice,2,post2014,108,9,0.08333333333333333,0.8395061728395061,0.5555555555555556,0.09090909090909091,0.6428571428571429,0.6489668672019354
egoa,lim_ice,3,all,232,14,0.0603448275862069,0.6577653997378768,0.2857142857142857,0.05963302752293578,0.7647058823529411,0.4238704552947951
egoa,lim_ice,3,pre2014,124,5,0.04032258064516129,0.4445378151260504,0.0,0.03361344537815126,1.0,-0.5798875178764384
egoa,lim_ice,3,post2014,108,9,0.08333333333333333,0.7418630751964085,0.4444444444444444,0.09090909090909091,0.6923076923076923,0.5342967724876567
egoa,lim_ice,6,all,229,14,0.0611353711790393,0.6292358803986711,0.5,0.2372093023255814,0.8793103448275862,0.39193542130003917
egoa,lim_ice,6,pre2014,121,5,0.04132231404958678,0.4137931034482759,0.4,0.2672413793103448,0.9393939393939394,0.08110271393069621
egoa,lim_ice,6,post2014,108,9,0.08333333333333333,0.7295173961840629,0.5555555555555556,0.20202020202020202,0.8,0.6089527183453591
egoa,lim_k10,1,all,234,14,0.05982905982905983,0.8175324675324674,0.5,0.04090909090909091,0.5625,0.6821615834748015
egoa,lim_k10,1,pre2014,126,5,0.03968253968253968,0.7223140495867768,0.0,0.0,,-0.0
egoa,lim_k10,1,post2014,108,9,0.08333333333333333,0.8754208754208754,0.7777777777777778,0.09090909090909091,0.5625,0.8368286823004549
egoa,lim_k10,2,all,233,14,0.060085836909871244,0.7243966079582518,0.42857142857142855,0.0547945205479452,0.6666666666666666,0.5766801468557543
egoa,lim_k10,2,pre2014,125,5,0.04,0.6900000000000001,0.0,0.008333333333333333,1.0,-0.4855303673011469
egoa,lim_k10,2,post2014,108,9,0.08333333333333333,0.7845117845117845,0.6666666666666666,0.1111111111111111,0.6470588235294118,0.7143440593035667
egoa,lim_k10,3,all,232,14,0.0603448275862069,0.6728374836173002,0.42857142857142855,0.11467889908256881,0.8064516129032258,0.4831437601973785
egoa,lim_k10,3,pre2014,124,5,0.04032258064516129,0.5436974789915967,0.2,0.04201680672268908,0.8333333333333334,0.37499860653721107
egoa,lim_k10,3,post2014,108,9,0.08333333333333333,0.7295173961840629,0.5555555555555556,0.20202020202020202,0.8,0.49533804602640846
egoa,lim_k10,6,all,229,14,0.0611353711790393,0.5973421926910298,0.5,0.21395348837209302,0.8679245283018868,0.363980490590404
egoa,lim_k10,6,pre2014,121,5,0.04132231404958678,0.3275862068965517,0.2,0.22413793103448276,0.9629629629629629,-0.10904327311927205
egoa,lim_k10,6,post2014,108,9,0.08333333333333333,0.6980920314253647,0.6666666666666666,0.20202020202020202,0.7692307692307693,0.6208404092298314
egoa,lim_k12,1,all,234,14,0.05982905982905983,0.9053571428571427,0.5,0.045454545454545456,0.5882352941176471,0.6729926591525905
egoa,lim_k12,1,pre2014,126,5,0.03968253968253968,0.7785123966942149,0.2,0.0,0.0,0.7942958403683613
egoa,lim_k12,1,post2014,108,9,0.08333333333333333,0.9365881032547698,0.6666666666666666,0.10101010101010101,0.625,0.7376704869800595
egoa,lim_k12,2,all,233,14,0.060085836909871244,0.7035225048923679,0.2857142857142857,0.0547945205479452,0.75,0.4245332257566081
egoa,lim_k12,2,pre2014,125,5,0.04,0.615,0.0,0.008333333333333333,1.0,-0.4855303673011469
egoa,lim_k12,2,post2014,108,9,0.08333333333333333,0.8058361391694724,0.4444444444444444,0.1111111111111111,0.7333333333333333,0.4998480617798132
egoa,lim_k12,3,all,232,14,0.0603448275862069,0.6913499344692007,0.35714285714285715,0.08256880733944955,0.782608695652174,0.4682899616955766
egoa,lim_k12,3,pre2014,124,5,0.04032258064516129,0.5747899159663865,0.0,0.05042016806722689,1.0,-0.6064580165804138
egoa,lim_k12,3,post2014,108,9,0.08333333333333333,0.7609427609427609,0.5555555555555556,0.12121212121212122,0.7058823529411765,0.605843623890119
egoa,lim_k12,6,all,229,14,0.0611353711790393,0.6382059800664452,0.42857142857142855,0.19534883720930232,0.875,0.38394704282390535
egoa,lim_k12,6,pre2014,121,5,0.04132231404958678,0.3517241379310345,0.2,0.22413793103448276,0.9629629629629629,-0.10904327311927205
egoa,lim_k12,6,post2014,108,9,0.08333333333333333,0.7418630751964086,0.5555555555555556,0.16161616161616163,0.7619047619047619,0.6561669900995203
egoa,lim_k15,1,all,234,14,0.05982905982905983,0.860064935064935,0.42857142857142855,0.03636363636363636,0.5714285714285714,0.6282837578511345
egoa,lim_k15,1,pre2014,126,5,0.03968253968253968,0.7652892561983471,0.2,0.008264462809917356,0.5,0.5124854732029894
egoa,lim_k15,1,post2014,108,9,0.08333333333333333,0.89337822671156,0.5555555555555556,0.0707070707070707,0.5833333333333334,0.6791669139846981
egoa,lim_k15,2,all,233,14,0.060085836909871244,0.786692759295499,0.35714285714285715,0.045662100456621,0.6666666666666666,0.6061637840483611
egoa,lim_k15,2,pre2014,125,5,0.04,0.6533333333333332,0.2,0.008333333333333333,0.5,0.5118592589842766
egoa,lim_k15,2,post2014,108,9,0.08333333333333333,0.866442199775533,0.4444444444444444,0.09090909090909091,0.6923076923076923,0.6489668672019354
egoa,lim_k15,3,all,232,14,0.0603448275862069,0.7558977719528178,0.42857142857142855,0.07339449541284404,0.7272727272727273,0.5489550445298743
egoa,lim_k15,3,pre2014,124,5,0.04032258064516129,0.66890756302521,0.2,0.025210084033613446,0.75,0.4096112562079569
egoa,lim_k15,3,post2014,108,9,0.08333333333333333,0.7946127946127945,0.5555555555555556,0.13131313131313133,0.7222222222222222,0.5918046908977005
egoa,lim_k15,6,all,229,14,0.0611353711790393,0.5817275747508306,0.5,0.19069767441860466,0.8541666666666666,0.40394260519448505
egoa,lim_k15,6,pre2014,121,5,0.04132231404958678,0.27931034482758627,0.2,0.23275862068965517,0.9642857142857143,-0.0956152933243912
egoa,lim_k15,6,post2014,108,9,0.08333333333333333,0.712682379349046,0.6666666666666666,0.1414141414141414,0.7,0.6794959041252285
egoa,lim_k8,1,all,234,14,0.05982905982905983,0.8587662337662337,0.42857142857142855,0.05909090909090909,0.6842105263157895,0.5772342657070658
egoa,lim_k8,1,pre2014,126,5,0.03968253968253968,0.7355371900826446,0.0,0.0,,-0.0
egoa,lim_k8,1,post2014,108,9,0.08333333333333333,0.8956228956228955,0.6666666666666666,0.13131313131313133,0.6842105263157895,0.7027294566588966
egoa,lim_k8,2,all,233,14,0.060085836909871244,0.7674494455316373,0.2857142857142857,0.0730593607305936,0.8,0.4690019109357942
egoa,lim_k8,2,pre2014,125,5,0.04,0.725,0.0,0.0,,0.7942958403683613
egoa,lim_k8,2,post2014,108,9,0.08333333333333333,0.7957351290684624,0.4444444444444444,0.16161616161616163,0.8,0.41886590716133765
egoa,lim_k8,3,all,232,14,0.0603448275862069,0.6528505897771952,0.35714285714285715,0.11467889908256881,0.8333333333333334,0.40442053681657375
egoa,lim_k8,3,pre2014,124,5,0.04032258064516129,0.6260504201680672,0.0,0.025210084033613446,1.0,-0.48620055871030965
egoa,lim_k8,3,post2014,108,9,0.08333333333333333,0.7182940516273849,0.5555555555555556,0.2222222222222222,0.8148148148148148,0.4679314054457944
egoa,lim_k8,6,all,229,14,0.0611353711790393,0.6456810631229236,0.5714285714285714,0.25116279069767444,0.8709677419354839,0.4171087786433667
egoa,lim_k8,6,pre2014,121,5,0.04132231404958678,0.49310344827586206,0.4,0.25,0.9354838709677419,0.1712079309994311
egoa,lim_k8,6,post2014,108,9,0.08333333333333333,0.6835016835016835,0.6666666666666666,0.25252525252525254,0.8064516129032258,0.560745981724487
egoa,persistence,1,all,234,14,0.05982905982905983,0.8180194805194806,0.21428571428571427,0.022727272727272728,0.625,0.4405101611471131
egoa,persistence,1,pre2014,126,5,0.03968253968253968,0.871900826446281,0.2,0.024793388429752067,0.75,0.4114911362525199
egoa,persistence,1,post2014,108,9,0.08333333333333333,0.8900112233445566,0.2222222222222222,0.020202020202020204,0.5,0.462998548879784
egoa,persistence,2,all,233,14,0.060085836909871244,0.6606327462491846,0.2857142857142857,0.0821917808219178,0.8181818181818182,0.34853801010409685
egoa,persistence,2,pre2014,125,5,0.04,0.5041666666666667,0.0,0.09166666666666666,1.0,-0.7068203735113423
egoa,persistence,2,post2014,108,9,0.08333333333333333,0.7867564534231201,0.4444444444444444,0.0707070707070707,0.6363636363636364,0.5708778628503948
egoa,persistence,3,all,232,14,0.0603448275862069,0.6772608125819135,0.42857142857142855,0.1834862385321101,0.8695652173913043,0.3717769400777116
egoa,persistence,3,pre2014,124,5,0.04032258064516129,0.3563025210084034,0.0,0.21008403361344538,1.0,-0.7952834309443424
egoa,persistence,3,post2014,108,9,0.08333333333333333,0.8484848484848484,0.6666666666666666,0.15151515151515152,0.7142857142857143,0.6794959041252285
egoa,persistence,6,all,229,14,0.0611353711790393,0.6169435215946844,0.5,0.2930232558139535,0.9,0.29749345776044633
egoa,persistence,6,pre2014,121,5,0.04132231404958678,0.3706896551724138,0.2,0.33620689655172414,0.975,-0.2118748324963844
egoa,persistence,6,post2014,108,9,0.08333333333333333,0.7429854096520763,0.6666666666666666,0.24242424242424243,0.8,0.572900993662295
egoa,pnt_persistence,1,all,234,14,0.05982905982905983,0.8147727272727272,0.14285714285714285,0.022727272727272728,0.7142857142857143,0.33339438600623783
egoa,pnt_persistence,1,pre2014,126,5,0.03968253968253968,0.9239669421487603,0.2,0.024793388429752067,0.75,0.4114911362525199
egoa,pnt_persistence,1,post2014,108,9,0.08333333333333333,0.8900112233445567,0.1111111111111111,0.020202020202020204,0.6666666666666666,0.2889225301984843
egoa,pnt_persistence,2,all,233,14,0.060085836909871244,0.6912915851272016,0.2857142857142857,0.0821917808219178,0.8181818181818182,0.35858871062694253
egoa,pnt_persistence,2,pre2014,125,5,0.04,0.575,0.0,0.09166666666666666,1.0,-0.7068203735113423
egoa,pnt_persistence,2,post2014,108,9,0.08333333333333333,0.7957351290684623,0.4444444444444444,0.0707070707070707,0.6363636363636364,0.5708778628503948
egoa,pnt_persistence,3,all,232,14,0.0603448275862069,0.7054390563564875,0.42857142857142855,0.15137614678899083,0.8461538461538461,0.4225461317837913
egoa,pnt_persistence,3,pre2014,124,5,0.04032258064516129,0.5546218487394958,0.0,0.15126050420168066,1.0,-0.7554707927860744
egoa,pnt_persistence,3,post2014,108,9,0.08333333333333333,0.8103254769921436,0.6666666666666666,0.15151515151515152,0.7142857142857143,0.6794959041252285
egoa,pnt_persistence,6,all,229,14,0.0611353711790393,0.6303986710963455,0.42857142857142855,0.28837209302325584,0.9117647058823529,0.19893626840346162
egoa,pnt_persistence,6,pre2014,121,5,0.04132231404958678,0.4172413793103449,0.0,0.3275862068965517,1.0,-0.8576550541273561
egoa,pnt_persistence,6,post2014,108,9,0.08333333333333333,0.7530864197530864,0.6666666666666666,0.24242424242424243,0.8,0.572900993662295
nbs,climatology,1,all,223,20,0.08968609865470852,0.6900246305418718,0.65,0.32019704433497537,0.8333333333333334,0.4564838488612122
nbs,climatology,1,pre2014,118,10,0.0847457627118644,0.7611111111111112,0.8,0.2962962962962963,0.8,0.6620716873400498
nbs,climatology,1,post2014,105,10,0.09523809523809523,0.5736842105263158,0.5,0.3473684210526316,0.868421052631579,0.21969950596535257
nbs,climatology,2,all,222,20,0.09009009009009009,0.6933168316831684,0.65,0.31683168316831684,0.8311688311688312,0.4607798474197562
nbs,climatology,2,pre2014,117,10,0.08547008547008547,0.7672897196261683,0.8,0.2897196261682243,0.7948717948717948,0.6688232210052715
nbs,climatology,2,post2014,105,10,0.09523809523809523,0.5757894736842106,0.5,0.3473684210526316,0.868421052631579,0.21969950596535257
nbs,climatology,3,all,221,20,0.09049773755656108,0.6977611940298508,0.65,0.31343283582089554,0.8289473684210527,0.4714356405321573
nbs,climatology,3,pre2014,116,10,0.08620689655172414,0.7679245283018867,0.8,0.2830188679245283,0.7894736842105263,0.6851967454706733
nbs,climatology,3,post2014,105,10,0.09523809523809523,0.5726315789473684,0.5,0.3473684210526316,0.868421052631579,0.21969950596535257
nbs,climatology,6,all,218,20,0.09174311926605505,0.6654040404040404,0.65,0.30808080808080807,0.8243243243243243,0.47191411078202017
nbs,climatology,6,pre2014,113,10,0.08849557522123894,0.7330097087378642,0.8,0.27184466019417475,0.7777777777777778,0.6869466164723311
nbs,climatology,6,post2014,105,10,0.09523809523809523,0.5442105263157895,0.5,0.3473684210526316,0.868421052631579,0.21969950596535257
nbs,damped_persistence,1,all,223,20,0.08968609865470852,0.7167487684729064,0.4,0.1921182266009852,0.8297872340425532,0.3133155826457401
nbs,damped_persistence,1,pre2014,118,10,0.0847457627118644,0.7925925925925926,0.6,0.3148148148148148,0.85,0.39959080740135483
nbs,damped_persistence,1,post2014,105,10,0.09523809523809523,0.7673684210526316,0.2,0.05263157894736842,0.7142857142857143,0.31133307886889744
nbs,damped_persistence,2,all,222,20,0.09009009009009009,0.6455445544554456,0.5,0.25742574257425743,0.8387096774193549,0.34129871260671085
nbs,damped_persistence,2,pre2014,117,10,0.08547008547008547,0.6892523364485981,0.7,0.3177570093457944,0.8292682926829268,0.5215744829537063
nbs,damped_persistence,2,post2014,105,10,0.09523809523809523,0.6515789473684211,0.3,0.18947368421052632,0.8571428571428571,0.15884470722593358
nbs,damped_persistence,3,all,221,20,0.09049773755656108,0.677363184079602,0.65,0.3582089552238806,0.8470588235294118,0.30123840084102266
nbs,damped_persistence,3,pre2014,116,10,0.08620689655172414,0.7547169811320755,0.8,0.3584905660377358,0.8260869565217391,0.6164701066637744
nbs,damped_persistence,3,post2014,105,10,0.09523809523809523,0.5800000000000001,0.5,0.35789473684210527,0.8717948717948718,-0.0555310739529032
nbs,damped_persistence,6,all,218,20,0.09174311926605505,0.7194444444444444,0.75,0.3939393939393939,0.8387096774193549,0.4923511309064735
nbs,damped_persistence,6,pre2014,113,10,0.08849557522123894,0.7233009708737865,0.8,0.34951456310679613,0.8181818181818182,0.6057852469467385
nbs,damped_persistence,6,post2014,105,10,0.09523809523809523,0.6789473684210526,0.7,0.4421052631578947,0.8571428571428571,0.3647836658708949
nbs,hurdle,1,all,223,20,0.08968609865470852,0.6903940886699508,0.15,0.024630541871921183,0.625,0.33588663956967163
nbs,hurdle,1,pre2014,118,10,0.0847457627118644,0.7523148148148149,0.3,0.046296296296296294,0.625,0.46530926285741886
nbs,hurdle,1,post2014,105,10,0.09523809523809523,0.7510526315789474,0.0,0.0,,-0.0
nbs,hurdle,2,all,222,20,0.09009009009009009,0.6547029702970296,0.4,0.17326732673267325,0.813953488372093,0.2424770961897802
nbs,hurdle,2,pre2014,117,10,0.08547008547008547,0.583177570093458,0.5,0.27102803738317754,0.8529411764705882,0.20855463389793047
nbs,hurdle,2,post2014,105,10,0.09523809523809523,0.7873684210526316,0.3,0.06315789473684211,0.6666666666666666,0.3733081136728967
nbs,hurdle,3,all,221,20,0.09049773755656108,0.5901741293532339,0.35,0.21393034825870647,0.86,0.1267632706049965
nbs,hurdle,3,pre2014,116,10,0.08620689655172414,0.5811320754716981,0.4,0.29245283018867924,0.8857142857142857,0.1463236057797855
nbs,hurdle,3,post2014,105,10,0.09523809523809523,0.6294736842105263,0.3,0.12631578947368421,0.8,0.1572681000555601
nbs,hurdle,6,all,218,20,0.09174311926605505,0.6623737373737373,0.5,0.22727272727272727,0.8181818181818182,0.3626030623653437
nbs,hurdle,6,pre2014,113,10,0.08849557522123894,0.6553398058252428,0.6,0.2524271844660194,0.8125,0.4308694543501142
nbs,hurdle,6,post2014,105,10,0.09523809523809523,0.7078947368421054,0.4,0.2,0.8260869565217391,0.2844166195832315
nbs,lim_cs,1,all,223,20,0.08968609865470852,0.7332512315270936,0.5,0.15270935960591134,0.7560975609756098,0.49938650282442265
nbs,lim_cs,1,pre2014,118,10,0.0847457627118644,0.6749999999999999,0.4,0.14814814814814814,0.8,0.3842534075630507
nbs,lim_cs,1,post2014,105,10,0.09523809523809523,0.8421052631578947,0.6,0.15789473684210525,0.7142857142857143,0.6036476963159367
nbs,lim_cs,2,all,222,20,0.09009009009009009,0.7053217821782178,0.5,0.16831683168316833,0.7727272727272727,0.4693351669389768
nbs,lim_cs,2,pre2014,117,10,0.08547008547008547,0.6411214953271029,0.5,0.1588785046728972,0.7727272727272727,0.47667502301026127
nbs,lim_cs,2,post2014,105,10,0.09523809523809523,0.8231578947368421,0.5,0.17894736842105263,0.7727272727272727,0.46108880073507236
nbs,lim_cs,3,all,221,20,0.09049773755656108,0.6159203980099502,0.45,0.208955223880597,0.8235294117647058,0.35370126314940076
nbs,lim_cs,3,pre2014,116,10,0.08620689655172414,0.6136792452830189,0.5,0.1792452830188679,0.7916666666666666,0.46065684118625233
nbs,lim_cs,3,post2014,105,10,0.09523809523809523,0.6852631578947368,0.4,0.24210526315789474,0.8518518518518519,0.2355988360048196
nbs,lim_cs,6,all,218,20,0.09174311926605505,0.5544191919191919,0.3,0.18686868686868688,0.8604651162790697,0.17237648386068838
nbs,lim_cs,6,pre2014,113,10,0.08849557522123894,0.4199029126213592,0.1,0.06796116504854369,0.875,0.05495759176148553
nbs,lim_cs,6,post2014,105,10,0.09523809523809523,0.6936842105263159,0.5,0.3157894736842105,0.8571428571428571,0.26493046431820577
nbs,lim_ice,1,all,223,20,0.08968609865470852,0.6440886699507389,0.5,0.35467980295566504,0.8780487804878049,0.20214821070171668
nbs,lim_ice,1,pre2014,118,10,0.0847457627118644,0.5537037037037037,0.3,0.23148148148148148,0.8928571428571429,0.10728510311014236
nbs,lim_ice,1,post2014,105,10,0.09523809523809523,0.6863157894736842,0.7,0.49473684210526314,0.8703703703703703,0.2803629503580156
nbs,lim_ice,2,all,222,20,0.09009009009009009,0.6396039603960396,0.65,0.4207920792079208,0.8673469387755102,0.2807885853992851
nbs,lim_ice,2,pre2014,117,10,0.08547008547008547,0.6289719626168224,0.5,0.3364485981308411,0.8780487804878049,0.17722394898504004
nbs,lim_ice,2,post2014,105,10,0.09523809523809523,0.6378947368421053,0.8,0.5157894736842106,0.8596491228070176,0.3976018326529422
nbs,lim_ice,3,all,221,20,0.09049773755656108,0.6200248756218906,0.65,0.4577114427860697,0.8761904761904762,0.2593772845495796
nbs,lim_ice,3,pre2014,116,10,0.08620689655172414,0.5504716981132075,0.4,0.2641509433962264,0.875,0.11546960151866224
nbs,lim_ice,3,post2014,105,10,0.09523809523809523,0.6526315789473683,0.9,0.6736842105263158,0.8767123287671232,0.42892529063023765
nbs,lim_ice,6,all,218,20,0.09174311926605505,0.6109848484848485,0.65,0.4898989898989899,0.8818181818181818,0.3189514266940247
nbs,lim_ice,6,pre2014,113,10,0.08849557522123894,0.5514563106796116,0.3,0.2815533980582524,0.90625,0.23053921837813937
nbs,lim_ice,6,post2014,105,10,0.09523809523809523,0.6694736842105263,1.0,0.7157894736842105,0.8717948717948718,0.8367020385969638
nbs,lim_k10,1,all,223,20,0.08968609865470852,0.7108374384236453,0.5,0.2019704433497537,0.803921568627451,0.427839964504439
nbs,lim_k10,1,pre2014,118,10,0.0847457627118644,0.648148148148148,0.5,0.16666666666666666,0.782608695652174,0.4789458697359926
nbs,lim_k10,1,post2014,105,10,0.09523809523809523,0.8010526315789475,0.5,0.24210526315789474,0.8214285714285714,0.37028340214566363
nbs,lim_k10,2,all,222,20,0.09009009009009009,0.7139851485148514,0.6,0.25742574257425743,0.8125,0.45588197308999384
nbs,lim_k10,2,pre2014,117,10,0.08547008547008547,0.6607476635514018,0.6,0.21495327102803738,0.7931034482758621,0.49413618516663743
nbs,lim_k10,2,post2014,105,10,0.09523809523809523,0.7747368421052632,0.6,0.30526315789473685,0.8285714285714286,0.4123093295820026
nbs,lim_k10,3,all,221,20,0.09049773755656108,0.6216417910447761,0.55,0.29850746268656714,0.8450704225352113,0.3907497959869247
nbs,lim_k10,3,pre2014,116,10,0.08620689655172414,0.5915094339622642,0.5,0.2169811320754717,0.8214285714285714,0.488134897780878
nbs,lim_k10,3,post2014,105,10,0.09523809523809523,0.6147368421052631,0.6,0.3894736842105263,0.8604651162790697,0.2985812657201828
nbs,lim_k10,6,all,218,20,0.09174311926605505,0.6449494949494949,0.6,0.3181818181818182,0.84,0.426607607958202
nbs,lim_k10,6,pre2014,113,10,0.08849557522123894,0.5728155339805825,0.5,0.18446601941747573,0.7916666666666666,0.519650750284106
nbs,lim_k10,6,post2014,105,10,0.09523809523809523,0.7,0.7,0.4631578947368421,0.8627450980392157,0.29465072175376217
nbs,lim_k12,1,all,223,20,0.08968609865470852,0.6798029556650247,0.45,0.21182266009852216,0.8269230769230769,0.34939399954920164
nbs,lim_k12,1,pre2014,118,10,0.0847457627118644,0.6416666666666666,0.4,0.19444444444444445,0.84,0.3096423638306312
nbs,lim_k12,1,post2014,105,10,0.09523809523809523,0.8,0.5,0.23157894736842105,0.8148148148148148,0.38534912946647715
nbs,lim_k12,2,all,222,20,0.09009009009009009,0.6662128712871287,0.55,0.24257425742574257,0.8166666666666667,0.43333942943951675
nbs,lim_k12,2,pre2014,117,10,0.08547008547008547,0.6598130841121496,0.6,0.21495327102803738,0.7931034482758621,0.5304248593633158
nbs,lim_k12,2,post2014,105,10,0.09523809523809523,0.7536842105263158,0.5,0.2736842105263158,0.8387096774193549,0.3251366854413372
nbs,lim_k12,3,all,221,20,0.09049773755656108,0.6945273631840796,0.55,0.23383084577114427,0.8103448275862069,0.45888878895558394
nbs,lim_k12,3,pre2014,116,10,0.08620689655172414,0.6877358490566038,0.6,0.16981132075471697,0.75,0.6004665408418962
nbs,lim_k12,3,post2014,105,10,0.09523809523809523,0.6757894736842105,0.5,0.30526315789473685,0.8529411764705882,0.2799903277961969
nbs,lim_k12,6,all,218,20,0.09174311926605505,0.6252525252525253,0.5,0.31313131313131315,0.8611111111111112,0.30816820694762015
nbs,lim_k12,6,pre2014,113,10,0.08849557522123894,0.5228155339805826,0.3,0.14563106796116504,0.8333333333333334,0.34095343943370243
nbs,lim_k12,6,post2014,105,10,0.09523809523809523,0.7263157894736842,0.7,0.49473684210526314,0.8703703703703703,0.2659887929053779
nbs,lim_k15,1,all,223,20,0.08968609865470852,0.6928571428571428,0.5,0.2019704433497537,0.803921568627451,0.427839964504439
nbs,lim_k15,1,pre2014,118,10,0.0847457627118644,0.5166666666666667,0.4,0.2037037037037037,0.8461538461538461,0.2950840920903657
nbs,lim_k15,1,post2014,105,10,0.09523809523809523,0.8410526315789475,0.6,0.2,0.76,0.5496704199299685
nbs,lim_k15,2,all,222,20,0.09009009009009009,0.6391089108910891,0.5,0.2524752475247525,0.8360655737704918,0.34129871260671085
nbs,lim_k15,2,pre2014,117,10,0.08547008547008547,0.6345794392523364,0.5,0.22429906542056074,0.8275862068965517,0.3690167818609256
nbs,lim_k15,2,post2014,105,10,0.09523809523809523,0.7242105263157895,0.5,0.28421052631578947,0.84375,0.3100915604696857
nbs,lim_k15,3,all,221,20,0.09049773755656108,0.6720149253731343,0.6,0.24875621890547264,0.8064516129032258,0.4384937844989486
nbs,lim_k15,3,pre2014,116,10,0.08620689655172414,0.6820754716981132,0.6,0.18867924528301888,0.7692307692307693,0.5883821335424813
nbs,lim_k15,3,post2014,105,10,0.09523809523809523,0.6457894736842106,0.6,0.3157894736842105,0.8333333333333334,0.26493046431820577
nbs,lim_k15,6,all,218,20,0.09174311926605505,0.6731060606060606,0.65,0.3888888888888889,0.8555555555555555,0.31985510117171156
nbs,lim_k15,6,pre2014,113,10,0.08849557522123894,0.6393203883495147,0.5,0.24271844660194175,0.8333333333333334,0.3277658121080449
nbs,lim_k15,6,post2014,105,10,0.09523809523809523,0.716842105263158,0.8,0.5473684210526316,0.8666666666666667,0.32916161291152973
nbs,lim_k8,1,all,223,20,0.08968609865470852,0.7560344827586207,0.6,0.28078817733990147,0.8260869565217391,0.5001334979652754
nbs,lim_k8,1,pre2014,118,10,0.0847457627118644,0.5699074074074074,0.4,0.26851851851851855,0.8787878787878788,0.332519628219719
nbs,lim_k8,1,post2014,105,10,0.09523809523809523,0.8452631578947368,0.8,0.29473684210526313,0.7777777777777778,0.6527940170448693
nbs,lim_k8,2,all,222,20,0.09009009009009009,0.7025990099009901,0.65,0.3118811881188119,0.8289473684210527,0.448118587766704
nbs,lim_k8,2,pre2014,117,10,0.08547008547008547,0.6799065420560747,0.6,0.2803738317757009,0.8333333333333334,0.40812262995807624
nbs,lim_k8,2,post2014,105,10,0.09523809523809523,0.7494736842105263,0.7,0.3473684210526316,0.825,0.4853994684076368
nbs,lim_k8,3,all,221,20,0.09049773755656108,0.6313432835820895,0.65,0.36318407960199006,0.8488372093023255,0.42680264022381953
nbs,lim_k8,3,pre2014,116,10,0.08620689655172414,0.6339622641509433,0.6,0.3018867924528302,0.8421052631578947,0.47886534449143214
nbs,lim_k8,3,post2014,105,10,0.09523809523809523,0.6178947368421053,0.7,0.43157894736842106,0.8541666666666666,0.3785463103905211
nbs,lim_k8,6,all,218,20,0.09174311926605505,0.6251262626262626,0.6,0.3838383838383838,0.8636363636363636,0.33343698608939476
nbs,lim_k8,6,pre2014,113,10,0.08849557522123894,0.6441747572815535,0.5,0.22330097087378642,0.8214285714285714,0.46917252334659965
nbs,lim_k8,6,post2014,105,10,0.09523809523809523,0.6126315789473684,0.7,0.5578947368421052,0.8833333333333333,0.1928239000651848
nbs,persistence,1,all,223,20,0.08968609865470852,0.7312807881773399,0.5,0.2857142857142857,0.8529411764705882,0.3079420692946109
nbs,persistence,1,pre2014,118,10,0.0847457627118644,0.7518518518518519,0.6,0.4444444444444444,0.8888888888888888,0.22245072753954417
nbs,persistence,1,post2014,105,10,0.09523809523809523,0.7968421052631579,0.4,0.10526315789473684,0.7142857142857143,0.4577226064058511
nbs,persistence,2,all,222,20,0.09009009009009009,0.6893564356435644,0.55,0.3712871287128713,0.872093023255814,0.25510957507164894
nbs,persistence,2,pre2014,117,10,0.08547008547008547,0.6644859813084112,0.7,0.48598130841121495,0.8813559322033898,0.30646897193528927
nbs,persistence,2,post2014,105,10,0.09523809523809523,0.7515789473684211,0.4,0.24210526315789474,0.8518518518518519,0.21949935099225726
nbs,persistence,3,all,221,20,0.09049773755656108,0.6733830845771145,0.65,0.46766169154228854,0.8785046728971962,0.26756316340597935
nbs,persistence,3,pre2014,116,10,0.08620689655172414,0.7462264150943396,0.9,0.49056603773584906,0.8524590163934426,0.5889862548293292
nbs,persistence,3,post2014,105,10,0.09523809523809523,0.5989473684210527,0.4,0.4421052631578947,0.9130434782608695,-0.04591762321337346
nbs,persistence,6,all,218,20,0.09174311926605505,0.7556818181818181,1.0,0.6818181818181818,0.8709677419354839,0.8507350805560755
nbs,persistence,6,pre2014,113,10,0.08849557522123894,0.7368932038834952,1.0,0.7184466019417476,0.8809523809523809,0.8355434875487465
nbs,persistence,6,post2014,105,10,0.09523809523809523,0.7689473684210526,1.0,0.6421052631578947,0.8591549295774648,0.8655612604490934
nbs,pnt_persistence,1,all,223,20,0.08968609865470852,0.7763546798029557,0.3,0.06403940886699508,0.6842105263157895,0.41936929657183086
nbs,pnt_persistence,1,pre2014,118,10,0.0847457627118644,0.8166666666666667,0.4,0.09259259259259259,0.7142857142857143,0.4807891445553322
nbs,pnt_persistence,1,post2014,105,10,0.09523809523809523,0.8168421052631579,0.2,0.031578947368421054,0.6,0.38287726526229127
nbs,pnt_persistence,2,all,222,20,0.09009009009009009,0.6403465346534654,0.45,0.19306930693069307,0.8125,0.3701781587538231
nbs,pnt_persistence,2,pre2014,117,10,0.08547008547008547,0.7018691588785048,0.6,0.2523364485981308,0.8181818181818182,0.48197027515512864
nbs,pnt_persistence,2,post2014,105,10,0.09523809523809523,0.6884210526315789,0.3,0.12631578947368421,0.8,0.24982673581592799
nbs,pnt_persistence,3,all,221,20,0.09049773755656108,0.645273631840796,0.5,0.26865671641791045,0.84375,0.2648479617589284
nbs,pnt_persistence,3,pre2014,116,10,0.08620689655172414,0.7216981132075472,0.8,0.330188679245283,0.813953488372093,0.5064768496259955
nbs,pnt_persistence,3,post2014,105,10,0.09523809523809523,0.5463157894736843,0.2,0.2,0.9047619047619048,-0.0
nbs,pnt_persistence,6,all,218,20,0.09174311926605505,0.7209595959595959,0.75,0.4090909090909091,0.84375,0.4739464875777965
nbs,pnt_persistence,6,pre2014,113,10,0.08849557522123894,0.7271844660194174,0.9,0.3786407766990291,0.8125,0.6984629707888083
nbs,pnt_persistence,6,post2014,105,10,0.09523809523809523,0.6868421052631579,0.6,0.4421052631578947,0.875,0.22571914839962948
sebs,climatology,1,all,224,15,0.06696428571428571,0.4952153110047847,0.4666666666666667,0.4784688995215311,0.9345794392523364,-0.05152950826070518
sebs,climatology,1,pre2014,124,4,0.03225806451612903,0.15208333333333332,0.0,0.425,1.0,-0.8901099722711778
sebs,climatology,1,post2014,100,11,0.11,0.6087844739530133,0.6363636363636364,0.550561797752809,0.875,0.09241901959563006
sebs,climatology,2,all,223,15,0.06726457399103139,0.51875,0.4666666666666667,0.4230769230769231,0.9263157894736842,0.0143575761276607
sebs,climatology,2,pre2014,123,4,0.032520325203252036,0.15546218487394958,0.0,0.3277310924369748,1.0,-0.8697053960837364
sebs,climatology,2,post2014,100,11,0.11,0.5965270684371807,0.6363636363636364,0.550561797752809,0.875,0.09241901959563006
sebs,climatology,3,all,222,15,0.06756756756756757,0.5278582930756843,0.6,0.42028985507246375,0.90625,0.1371594728114837
sebs,climatology,3,pre2014,122,4,0.03278688524590164,0.13771186440677968,0.0,0.3220338983050847,1.0,-0.8230446342566891
sebs,climatology,3,post2014,100,11,0.11,0.5985699693564862,0.8181818181818182,0.550561797752809,0.8448275862068966,0.28875815106179603
sebs,climatology,6,all,219,15,0.0684931506849315,0.5467320261437908,0.5333333333333333,0.38235294117647056,0.9069767441860465,0.19545998867536407
sebs,climatology,6,pre2014,119,4,0.03361344537815126,0.1521739130434783,0.0,0.24347826086956523,1.0,-0.8220535931358719
sebs,climatology,6,post2014,100,11,0.11,0.6312563840653729,0.7272727272727273,0.5617977528089888,0.8620689655172413,0.2425521221617793
sebs,damped_persistence,1,all,224,15,0.06696428571428571,0.5999999999999999,0.2,0.03827751196172249,0.7272727272727273,0.35788640495409496
sebs,damped_persistence,1,pre2014,124,4,0.03225806451612903,0.9,0.25,0.025,0.75,0.4760331612031753
sebs,damped_persistence,1,post2014,100,11,0.11,0.6833503575076609,0.18181818181818182,0.056179775280898875,0.7142857142857143,0.2720327677402076
sebs,damped_persistence,2,all,223,15,0.06726457399103139,0.4719551282051282,0.13333333333333333,0.13942307692307693,0.9354838709677419,-0.03980453950282761
sebs,damped_persistence,2,pre2014,123,4,0.032520325203252036,0.49264705882352944,0.0,0.09243697478991597,1.0,-0.7170430956043781
sebs,damped_persistence,2,post2014,100,11,0.11,0.5597548518896833,0.18181818181818182,0.20224719101123595,0.9,-0.05420983476903972
sebs,damped_persistence,3,all,222,15,0.06756756756756757,0.45861513687600647,0.3333333333333333,0.2946859903381642,0.9242424242424242,0.10304942912921526
sebs,damped_persistence,3,pre2014,122,4,0.03278688524590164,0.3771186440677966,0.25,0.2711864406779661,0.9696969696969697,0.03415146037567358
sebs,damped_persistence,3,post2014,100,11,0.11,0.5546475995914198,0.36363636363636365,0.3258426966292135,0.8787878787878788,0.09002380935654379
sebs,damped_persistence,6,all,219,15,0.0684931506849315,0.48464052287581694,0.4,0.2696078431372549,0.9016393442622951,0.1788577614584044
sebs,damped_persistence,6,pre2014,119,4,0.03361344537815126,0.25869565217391305,0.0,0.24347826086956523,1.0,-0.8220535931358719
sebs,damped_persistence,6,post2014,100,11,0.11,0.5526046986721144,0.5454545454545454,0.30337078651685395,0.8181818181818182,0.3437284797634753
sebs,hurdle,1,all,224,15,0.06696428571428571,0.635725677830941,0.06666666666666667,0.023923444976076555,0.8333333333333334,0.1636975201037005
sebs,hurdle,1,pre2014,124,4,0.03225806451612903,0.9541666666666667,0.25,0.041666666666666664,0.8333333333333334,0.41614966276858095
sebs,hurdle,1,post2014,100,11,0.11,0.7865168539325842,0.0,0.0,,-0.0
sebs,hurdle,2,all,223,15,0.06726457399103139,0.5865384615384615,0.13333333333333333,0.0625,0.8666666666666667,0.15366897455055703
sebs,hurdle,2,pre2014,123,4,0.032520325203252036,0.8949579831932774,0.25,0.025210084033613446,0.75,0.44305564372045175
sebs,hurdle,2,post2014,100,11,0.11,0.651685393258427,0.09090909090909091,0.11235955056179775,0.9090909090909091,-0.04912473132579847
sebs,hurdle,3,all,222,15,0.06756756756756757,0.5792270531400966,0.3333333333333333,0.13043478260869565,0.84375,0.3722453987322597
sebs,hurdle,3,pre2014,122,4,0.03278688524590164,0.7944915254237288,0.75,0.1271186440677966,0.8333333333333334,0.617496167322916
sebs,hurdle,3,post2014,100,11,0.11,0.6026557711950971,0.18181818181818182,0.1348314606741573,0.8571428571428571,0.08752421643528518
sebs,hurdle,6,all,219,15,0.0684931506849315,0.5589869281045753,0.2,0.11274509803921569,0.8846153846153846,0.12360243133295377
sebs,hurdle,6,pre2014,119,4,0.03361344537815126,0.5054347826086957,0.0,0.08695652173913043,1.0,-0.7294542469524304
sebs,hurdle,6,post2014,100,11,0.11,0.6302349336057201,0.2727272727272727,0.14606741573033707,0.8125,0.19172967732885135
sebs,lim_cs,1,all,224,15,0.06696428571428571,0.6848484848484848,0.4666666666666667,0.08133971291866028,0.7083333333333334,0.5666156748562226
sebs,lim_cs,1,pre2014,124,4,0.03225806451612903,0.9791666666666666,0.75,0.025,0.5,0.8838196769018017
sebs,lim_cs,1,post2014,100,11,0.11,0.67926455566905,0.36363636363636365,0.15730337078651685,0.7777777777777778,0.3211005697437553
sebs,lim_cs,2,all,223,15,0.06726457399103139,0.6270833333333333,0.4,0.11538461538461539,0.8,0.4398294866101069
sebs,lim_cs,2,pre2014,123,4,0.032520325203252036,0.9621848739495797,0.5,0.04201680672268908,0.7142857142857143,0.679892397240035
sebs,lim_cs,2,post2014,100,11,0.11,0.6118488253319714,0.36363636363636365,0.21348314606741572,0.8260869565217391,0.22920497771609558
sebs,lim_cs,3,all,222,15,0.06756756756756757,0.5536231884057972,0.3333333333333333,0.13043478260869565,0.84375,0.32710241204964285
sebs,lim_cs,3,pre2014,122,4,0.03278688524590164,0.8411016949152542,0.25,0.0423728813559322,0.8333333333333334,0.4139242306570085
sebs,lim_cs,3,post2014,100,11,0.11,0.5444330949948928,0.36363636363636365,0.24719101123595505,0.8461538461538461,0.17615662548371722
sebs,lim_cs,6,all,219,15,0.0684931506849315,0.5034313725490196,0.13333333333333333,0.15196078431372548,0.9393939393939394,-0.04545395611586519
sebs,lim_cs,6,pre2014,119,4,0.03361344537815126,0.7108695652173913,0.0,0.02608695652173913,1.0,-0.6096773567174822
sebs,lim_cs,6,post2014,100,11,0.11,0.49795709908069463,0.18181818181818182,0.3146067415730337,0.9333333333333333,-0.21089814771297918
sebs,lim_ice,1,all,224,15,0.06696428571428571,0.8226475279106858,0.5333333333333333,0.11483253588516747,0.75,0.5917402539610503
sebs,lim_ice,1,pre2014,124,4,0.03225806451612903,0.9770833333333333,1.0,0.06666666666666667,0.6666666666666666,0.9916837553922502
sebs,lim_ice,1,post2014,100,11,0.11,0.7221654749744637,0.36363636363636365,0.1797752808988764,0.8,0.2836911364158214
sebs,lim_ice,2,all,223,15,0.06726457399103139,0.7182692307692308,0.4666666666666667,0.11057692307692307,0.7666666666666667,0.5259685863140902
sebs,lim_ice,2,pre2014,123,4,0.032520325203252036,0.9495798319327731,0.5,0.06722689075630252,0.8,0.6329068960555636
sebs,lim_ice,2,post2014,100,11,0.11,0.6353421859039836,0.45454545454545453,0.16853932584269662,0.75,0.4036333418927871
sebs,lim_ice,3,all,222,15,0.06756756756756757,0.6805152979066023,0.4,0.14492753623188406,0.8333333333333334,0.39763869828516146
sebs,lim_ice,3,pre2014,122,4,0.03278688524590164,0.8792372881355933,0.25,0.059322033898305086,0.875,0.36514086199443235
sebs,lim_ice,3,post2014,100,11,0.11,0.5955056179775281,0.45454545454545453,0.25842696629213485,0.8214285714285714,0.30275975259544735
sebs,lim_ice,6,all,219,15,0.0684931506849315,0.5738562091503268,0.4666666666666667,0.22549019607843138,0.8679245283018868,0.343705835142811
sebs,lim_ice,6,pre2014,119,4,0.03361344537815126,0.47173913043478266,0.25,0.09565217391304348,0.9166666666666666,0.2785073769040139
sebs,lim_ice,6,post2014,100,11,0.11,0.5566905005107252,0.5454545454545454,0.39325842696629215,0.8536585365853658,0.1860150792050819
sebs,lim_k10,1,all,224,15,0.06696428571428571,0.7700159489633174,0.5333333333333333,0.10526315789473684,0.7333333333333333,0.5987286696615327
sebs,lim_k10,1,pre2014,124,4,0.03225806451612903,0.9708333333333333,0.75,0.058333333333333334,0.7,0.8397333718960144
sebs,lim_k10,1,post2014,100,11,0.11,0.7252298263534218,0.45454545454545453,0.16853932584269662,0.75,0.42077329533987734
sebs,lim_k10,2,all,223,15,0.06726457399103139,0.6701923076923078,0.4,0.11538461538461539,0.8,0.4398294866101069
sebs,lim_k10,2,pre2014,123,4,0.032520325203252036,0.8382352941176471,0.25,0.05042016806722689,0.8571428571428571,0.38977007996970586
sebs,lim_k10,2,post2014,100,11,0.11,0.6506639427987744,0.45454545454545453,0.20224719101123595,0.782608695652174,0.36969718135368446
sebs,lim_k10,3,all,222,15,0.06756756756756757,0.6476650563607085,0.4666666666666667,0.1111111111111111,0.7666666666666667,0.44733323845048584
sebs,lim_k10,3,pre2014,122,4,0.03278688524590164,0.8728813559322033,0.25,0.06779661016949153,0.8888888888888888,0.34324263309742403
sebs,lim_k10,3,post2014,100,11,0.11,0.6210418794688457,0.5454545454545454,0.16853932584269662,0.7142857142857143,0.5293060872087371
sebs,lim_k10,6,all,219,15,0.0684931506849315,0.5761437908496732,0.3333333333333333,0.2107843137254902,0.8958333333333334,0.16644905543342317
sebs,lim_k10,6,pre2014,119,4,0.03361344537815126,0.5902173913043478,0.25,0.12173913043478261,0.9333333333333333,0.20737118524840062
sebs,lim_k10,6,post2014,100,11,0.11,0.6118488253319714,0.36363636363636365,0.3258426966292135,0.8787878787878788,0.039405600948946934
sebs,lim_k12,1,all,224,15,0.06696428571428571,0.7594896331738437,0.4666666666666667,0.07177033492822966,0.6818181818181818,0.5832894560958809
sebs,lim_k12,1,pre2014,124,4,0.03225806451612903,0.98125,0.75,0.016666666666666666,0.4,0.8947338123677845
sebs,lim_k12,1,post2014,100,11,0.11,0.7211440245148111,0.36363636363636365,0.14606741573033707,0.7647058823529411,0.3402280080438548
sebs,lim_k12,2,all,223,15,0.06726457399103139,0.6846153846153846,0.4,0.1201923076923077,0.8064516129032258,0.5029186309537285
sebs,lim_k12,2,pre2014,123,4,0.032520325203252036,0.9453781512605042,0.25,0.058823529411764705,0.875,0.3664720777129894
sebs,lim_k12,2,post2014,100,11,0.11,0.6414708886618999,0.45454545454545453,0.20224719101123595,0.782608695652174,0.46757148887708516
sebs,lim_k12,3,all,222,15,0.06756756756756757,0.6718196457326892,0.4,0.13043478260869565,0.8181818181818182,0.4304651749170888
sebs,lim_k12,3,pre2014,122,4,0.03278688524590164,0.8686440677966102,0.25,0.05084745762711865,0.8571428571428571,0.3885426519265576
sebs,lim_k12,3,post2014,100,11,0.11,0.6016343207354443,0.45454545454545453,0.23595505617977527,0.8076923076923077,0.35286530766796337
sebs,lim_k12,6,all,219,15,0.0684931506849315,0.6016339869281045,0.4,0.22549019607843138,0.8846153846153846,0.3077153071612524
sebs,lim_k12,6,pre2014,119,4,0.03361344537815126,0.5086956521739131,0.25,0.1565217391304348,0.9473684210526315,0.1119008471844202
sebs,lim_k12,6,post2014,100,11,0.11,0.6118488253319715,0.45454545454545453,0.3146067415730337,0.8484848484848485,0.3281190257948346
sebs,lim_k15,1,all,224,15,0.06696428571428571,0.6998405103668262,0.4,0.06220095693779904,0.6842105263157895,0.540606958993623
sebs,lim_k15,1,pre2014,124,4,0.03225806451612903,0.9750000000000001,0.75,0.025,0.5,0.8838196769018017
sebs,lim_k15,1,post2014,100,11,0.11,0.7242083758937692,0.2727272727272727,0.11235955056179775,0.7692307692307693,0.2768391561611269
sebs,lim_k15,2,all,223,15,0.06726457399103139,0.5850961538461539,0.26666666666666666,0.09134615384615384,0.8260869565217391,0.3120041819477897
sebs,lim_k15,2,pre2014,123,4,0.032520325203252036,0.8529411764705881,0.25,0.03361344537815126,0.8,0.44305564372045175
sebs,lim_k15,2,post2014,100,11,0.11,0.5750766087844739,0.2727272727272727,0.16853932584269662,0.8333333333333334,0.1717007568597571
sebs,lim_k15,3,all,222,15,0.06756756756756757,0.5921095008051529,0.4666666666666667,0.15458937198067632,0.8205128205128205,0.46439678600238277
sebs,lim_k15,3,pre2014,122,4,0.03278688524590164,0.8368644067796611,0.5,0.0847457627118644,0.8333333333333334,0.6034942795724351
sebs,lim_k15,3,post2014,100,11,0.11,0.5628192032686414,0.45454545454545453,0.24719101123595505,0.8148148148148148,0.31940674706028793
sebs,lim_k15,6,all,219,15,0.0684931506849315,0.5496732026143791,0.3333333333333333,0.17647058823529413,0.8780487804878049,0.22227197274085908
sebs,lim_k15,6,pre2014,119,4,0.03361344537815126,0.5271739130434783,0.25,0.13043478260869565,0.9375,0.1743729727306316
sebs,lim_k15,6,post2014,100,11,0.11,0.6016343207354443,0.36363636363636365,0.23595505617977527,0.84,0.1937055947309648
sebs,lim_k8,1,all,224,15,0.06696428571428571,0.8510366826156299,0.5333333333333333,0.11483253588516747,0.75,0.5917402539610503
sebs,lim_k8,1,pre2014,124,4,0.03225806451612903,0.95,0.75,0.05,0.6666666666666666,0.8563968552732322
sebs,lim_k8,1,post2014,100,11,0.11,0.7374872318692542,0.45454545454545453,0.20224719101123595,0.782608695652174,0.36969718135368446
sebs,lim_k8,2,all,223,15,0.06726457399103139,0.7647435897435897,0.4666666666666667,0.11538461538461539,0.7741935483870968,0.49534740132714256
sebs,lim_k8,2,pre2014,123,4,0.032520325203252036,0.9348739495798319,0.5,0.058823529411764705,0.7777777777777778,0.6477810755416424
sebs,lim_k8,2,post2014,100,11,0.11,0.658835546475996,0.45454545454545453,0.19101123595505617,0.7727272727272727,0.3361055242850868
sebs,lim_k8,3,all,222,15,0.06756756756756757,0.6843800322061192,0.4666666666666667,0.178743961352657,0.8409090909090909,0.4422877418494763
sebs,lim_k8,3,pre2014,122,4,0.03278688524590164,0.8326271186440677,0.25,0.06779661016949153,0.8888888888888888,0.34324263309742403
sebs,lim_k8,3,post2014,100,11,0.11,0.6302349336057201,0.5454545454545454,0.3258426966292135,0.8285714285714286,0.35930360844657505
sebs,lim_k8,6,all,219,15,0.0684931506849315,0.6083333333333334,0.4,0.24019607843137256,0.8909090909090909,0.20857208811783057
sebs,lim_k8,6,pre2014,119,4,0.03361344537815126,0.5369565217391304,0.0,0.0782608695652174,1.0,-0.7113663015918433
sebs,lim_k8,6,post2014,100,11,0.11,0.609805924412666,0.5454545454545454,0.449438202247191,0.8695652173913043,0.13802918920772841
sebs,persistence,1,all,224,15,0.06696428571428571,0.6650717703349283,0.3333333333333333,0.04784688995215311,0.6666666666666666,0.500249204347156
sebs,persistence,1,pre2014,124,4,0.03225806451612903,0.9020833333333333,0.75,0.03333333333333333,0.5714285714285714,0.8741127890927987
sebs,persistence,1,post2014,100,11,0.11,0.7037793667007151,0.18181818181818182,0.06741573033707865,0.75,0.24036424667127798
sebs,persistence,2,all,223,15,0.06726457399103139,0.5753205128205128,0.4666666666666667,0.12980769230769232,0.7941176470588235,0.49534740132714256
sebs,persistence,2,pre2014,123,4,0.032520325203252036,0.7983193277310925,0.75,0.05042016806722689,0.6666666666666666,0.8559676366961517
sebs,persistence,2,post2014,100,11,0.11,0.5699693564862104,0.36363636363636365,0.23595505617977527,0.84,0.1937055947309648
sebs,persistence,3,all,222,15,0.06756756756756757,0.5341384863123992,0.3333333333333333,0.21739130434782608,0.9,0.18727003288808602
sebs,persistence,3,pre2014,122,4,0.03278688524590164,0.701271186440678,0.5,0.1440677966101695,0.8947368421052632,0.5121409297921375
sebs,persistence,3,post2014,100,11,0.11,0.5423901940755873,0.2727272727272727,0.3146067415730337,0.9032258064516129,-0.04714058418283146
sebs,persistence,6,all,219,15,0.0684931506849315,0.6016339869281045,0.5333333333333333,0.21568627450980393,0.8461538461538461,0.44971089112816076
sebs,persistence,6,pre2014,119,4,0.03361344537815126,0.7195652173913044,0.75,0.11304347826086956,0.8125,0.7948415975188752
sebs,persistence,6,post2014,100,11,0.11,0.5439223697650664,0.45454545454545453,0.34831460674157305,0.8611111111111112,0.15435071270674586
sebs,pnt_persistence,1,all,224,15,0.06696428571428571,0.6748006379585327,0.2,0.06220095693779904,0.8125,0.28387209121819956
sebs,pnt_persistence,1,pre2014,124,4,0.03225806451612903,0.925,0.25,0.03333333333333333,0.8,0.4440497308010347
sebs,pnt_persistence,1,post2014,100,11,0.11,0.7017364657814096,0.18181818181818182,0.10112359550561797,0.8181818181818182,0.15818150379922458
sebs,pnt_persistence,2,all,223,15,0.06726457399103139,0.5342948717948718,0.3333333333333333,0.1201923076923077,0.8333333333333334,0.3459171538245733
sebs,pnt_persistence,2,pre2014,123,4,0.032520325203252036,0.73109243697479,0.5,0.04201680672268908,0.7142857142857143,0.679892397240035
sebs,pnt_persistence,2,post2014,100,11,0.11,0.5709908069458631,0.2727272727272727,0.2247191011235955,0.8695652173913043,0.07653251581719897
sebs,pnt_persistence,3,all,222,15,0.06756756756756757,0.5587761674718196,0.3333333333333333,0.18840579710144928,0.8863636363636364,0.24299803549011448
sebs,pnt_persistence,3,pre2014,122,4,0.03278688524590164,0.8516949152542372,0.5,0.1016949152542373,0.8571428571428571,0.6034942795724351
sebs,pnt_persistence,3,post2014,100,11,0.11,0.5597548518896833,0.2727272727272727,0.30337078651685395,0.9,-0.04714058418283146
sebs,pnt_persistence,6,all,219,15,0.0684931506849315,0.6490196078431373,0.5333333333333333,0.22058823529411764,0.8490566037735849,0.4429026331288173
sebs,pnt_persistence,6,pre2014,119,4,0.03361344537815126,0.6956521739130436,0.5,0.11304347826086956,0.8666666666666667,0.5588419205835399
sebs,pnt_persistence,6,post2014,100,11,0.11,0.6159346271705822,0.5454545454545454,0.3595505617977528,0.8421052631578947,0.26532170182245485
wgoa,climatology,1,all,235,12,0.05106382978723404,0.5112107623318385,0.5,0.47085201793721976,0.9459459459459459,0.042047756343766195
wgoa,climatology,1,pre2014,131,4,0.030534351145038167,0.33267716535433073,0.5,0.5590551181102362,0.9726027397260274,-0.09651195165254038
wgoa,climatology,1,post2014,104,8,0.07692307692307693,0.64453125,0.5,0.3541666666666667,0.8947368421052632,0.19500557542514216
wgoa,climatology,2,all,234,12,0.05128205128205128,0.5187687687687688,0.5,0.46396396396396394,0.944954128440367,0.01299713729691914
wgoa,climatology,2,pre2014,130,4,0.03076923076923077,0.3551587301587302,0.5,0.5476190476190477,0.971830985915493,-0.09156001193524169
wgoa,climatology,2,post2014,104,8,0.07692307692307693,0.6484375,0.5,0.3541666666666667,0.8947368421052632,0.10513676813281801
wgoa,climatology,3,all,233,12,0.05150214592274678,0.5054675716440422,0.5833333333333334,0.5927601809954751,0.9492753623188406,-0.009791998465741887
wgoa,climatology,3,pre2014,129,4,0.031007751937984496,0.37,0.5,0.608,0.9743589743589743,-0.07499821834665847
wgoa,climatology,3,post2014,104,8,0.07692307692307693,0.603515625,0.625,0.5729166666666666,0.9166666666666666,0.075118338207259
wgoa,climatology,6,all,230,12,0.05217391304347826,0.5303899082568807,0.5833333333333334,0.5596330275229358,0.9457364341085271,0.007779084144241446
wgoa,climatology,6,pre2014,126,4,0.031746031746031744,0.3668032786885246,0.5,0.5983606557377049,0.9733333333333334,-0.16533073557573955
wgoa,climatology,6,post2014,104,8,0.07692307692307693,0.6809895833333333,0.625,0.5104166666666666,0.9074074074074074,0.13574688342797922
wgoa,damped_persistence,1,all,235,12,0.05106382978723404,0.6808669656203289,0.16666666666666666,0.02242152466367713,0.7142857142857143,0.3737375752289143
wgoa,damped_persistence,1,pre2014,131,4,0.030534351145038167,0.5708661417322834,0.25,0.007874015748031496,0.5,0.5727291253535726
wgoa,damped_persistence,1,post2014,104,8,0.07692307692307693,0.7486979166666666,0.125,0.041666666666666664,0.8,0.21893165653091215
wgoa,damped_persistence,2,all,234,12,0.05128205128205128,0.7567567567567567,0.4166666666666667,0.07207207207207207,0.7619047619047619,0.5386316911864198
wgoa,damped_persistence,2,pre2014,130,4,0.03076923076923077,0.7301587301587302,0.0,0.031746031746031744,1.0,-0.601105744025772
wgoa,damped_persistence,2,post2014,104,8,0.07692307692307693,0.8072916666666666,0.625,0.125,0.7058823529411765,0.6705420253758829
wgoa,damped_persistence,3,all,233,12,0.05150214592274678,0.6679864253393666,0.4166666666666667,0.2850678733031674,0.9264705882352942,0.24848452325778483
wgoa,damped_persistence,3,pre2014,129,4,0.031007751937984496,0.365,0.0,0.352,1.0,-0.8383380370881898
wgoa,damped_persistence,3,post2014,104,8,0.07692307692307693,0.8020833333333334,0.625,0.19791666666666666,0.7916666666666666,0.5933062687702235
wgoa,damped_persistence,6,all,230,12,0.05217391304347826,0.4822247706422018,0.4166666666666667,0.44954128440366975,0.9514563106796117,0.05293518554805426
wgoa,damped_persistence,6,pre2014,126,4,0.031746031746031744,0.30942622950819676,0.5,0.5819672131147541,0.9726027397260274,-0.1535485210000659
wgoa,damped_persistence,6,post2014,104,8,0.07692307692307693,0.6015624999999999,0.375,0.28125,0.9,0.3143231986657773
wgoa,hurdle,1,all,235,12,0.05106382978723404,0.6292974588938715,0.08333333333333333,0.0,0.0,0.6967300287163906
wgoa,hurdle,1,pre2014,131,4,0.030534351145038167,0.6318897637795274,0.25,0.0,0.0,0.8210017836770497
wgoa,hurdle,1,post2014,104,8,0.07692307692307693,0.8111979166666667,0.0,0.0,,-0.0
wgoa,hurdle,2,all,234,12,0.05128205128205128,0.6685435435435435,0.16666666666666666,0.04504504504504504,0.8333333333333334,0.2673180622013921
wgoa,hurdle,2,pre2014,130,4,0.03076923076923077,0.6408730158730158,0.0,0.031746031746031744,1.0,-0.601105744025772
wgoa,hurdle,2,post2014,104,8,0.07692307692307693,0.7018229166666667,0.25,0.0625,0.75,0.3306026047741629
wgoa,hurdle,3,all,233,12,0.05150214592274678,0.661764705882353,0.4166666666666667,0.21266968325791855,0.9038461538461539,0.3889342997728419
wgoa,hurdle,3,pre2014,129,4,0.031007751937984496,0.474,0.0,0.272,1.0,-0.7793431057789493
wgoa,hurdle,3,post2014,104,8,0.07692307692307693,0.77734375,0.625,0.13541666666666666,0.7222222222222222,0.6965390056640014
wgoa,hurdle,6,all,230,12,0.05217391304347826,0.4499235474006116,0.3333333333333333,0.43577981651376146,0.9595959595959596,-0.188583065477755
wgoa,hurdle,6,pre2014,126,4,0.031746031746031744,0.341188524590164,0.25,0.5327868852459017,0.9848484848484849,-0.4629831605049551
wgoa,hurdle,6,post2014,104,8,0.07692307692307693,0.5559895833333334,0.375,0.3125,0.9090909090909091,0.25472920974647045
wgoa,lim_cs,1,all,235,12,0.05106382978723404,0.7752242152466368,0.3333333333333333,0.08520179372197309,0.8260869565217391,0.41434690034361216
wgoa,lim_cs,1,pre2014,131,4,0.030534351145038167,0.8720472440944882,0.25,0.023622047244094488,0.75,0.48187339546715924
wgoa,lim_cs,1,post2014,104,8,0.07692307692307693,0.7877604166666667,0.375,0.16666666666666666,0.8421052631578947,0.3207707750002992
wgoa,lim_cs,2,all,234,12,0.05128205128205128,0.7961711711711712,0.4166666666666667,0.09009009009009009,0.8,0.5046358544685122
wgoa,lim_cs,2,pre2014,130,4,0.03076923076923077,0.8353174603174602,0.5,0.015873015873015872,0.5,0.7442407189545852
wgoa,lim_cs,2,post2014,104,8,0.07692307692307693,0.7278645833333333,0.375,0.1875,0.8571428571428571,0.2867295303264155
wgoa,lim_cs,3,all,233,12,0.05150214592274678,0.6395173453996983,0.4166666666666667,0.09502262443438914,0.8076923076923077,0.49569469030907476
wgoa,lim_cs,3,pre2014,129,4,0.031007751937984496,0.744,0.25,0.008,0.5,0.5716566832030412
wgoa,lim_cs,3,post2014,104,8,0.07692307692307693,0.6744791666666666,0.5,0.20833333333333334,0.8333333333333334,0.41868920965418926
wgoa,lim_cs,6,all,230,12,0.05217391304347826,0.49636850152905193,0.08333333333333333,0.16972477064220184,0.9736842105263158,-0.1788187947995837
wgoa,lim_cs,6,pre2014,126,4,0.031746031746031744,0.5471311475409837,0.0,0.040983606557377046,1.0,-0.625311396234968
wgoa,lim_cs,6,post2014,104,8,0.07692307692307693,0.48177083333333337,0.125,0.3333333333333333,0.9696969696969697,-0.33703147843337394
wgoa,lim_ice,1,all,235,12,0.05106382978723404,0.7645739910313901,0.5833333333333334,0.04484304932735426,0.5882352941176471,0.8001504552522879
wgoa,lim_ice,1,pre2014,131,4,0.030534351145038167,0.9389763779527559,0.75,0.023622047244094488,0.5,0.8761840687189595
wgoa,lim_ice,1,post2014,104,8,0.07692307692307693,0.7708333333333334,0.5,0.07291666666666667,0.6363636363636364,0.7366862617439607
wgoa,lim_ice,2,all,234,12,0.05128205128205128,0.6955705705705706,0.5,0.07207207207207207,0.7272727272727273,0.5948415950862816
wgoa,lim_ice,2,pre2014,130,4,0.03076923076923077,0.8214285714285714,0.5,0.015873015873015872,0.5,0.7442407189545852
wgoa,lim_ice,2,post2014,104,8,0.07692307692307693,0.6549479166666666,0.5,0.14583333333333334,0.7777777777777778,0.4487078889069977
wgoa,lim_ice,3,all,233,12,0.05150214592274678,0.6851432880844646,0.4166666666666667,0.13122171945701358,0.8529411764705882,0.44083498741622595
wgoa,lim_ice,3,pre2014,129,4,0.031007751937984496,0.77,0.0,0.048,1.0,-0.6229765909473555
wgoa,lim_ice,3,post2014,104,8,0.07692307692307693,0.6979166666666666,0.625,0.23958333333333334,0.8214285714285714,0.5413379306912673
wgoa,lim_ice,6,all,230,12,0.05217391304347826,0.6307339449541285,0.3333333333333333,0.25229357798165136,0.9322033898305084,0.14713356049332857
wgoa,lim_ice,6,pre2014,126,4,0.031746031746031744,0.6680327868852459,0.0,0.1721311475409836,1.0,-0.8229781278403534
wgoa,lim_ice,6,post2014,104,8,0.07692307692307693,0.6119791666666666,0.5,0.3541666666666667,0.8947368421052632,0.37989966935738834
wgoa,lim_k10,1,all,235,12,0.05106382978723404,0.7488789237668161,0.5,0.06726457399103139,0.7142857142857143,0.7090135734122026
wgoa,lim_k10,1,pre2014,131,4,0.030534351145038167,0.8799212598425197,0.5,0.023622047244094488,0.6,0.7218448260635268
wgoa,lim_k10,1,post2014,104,8,0.07692307692307693,0.7434895833333334,0.5,0.125,0.75,0.6705420253758829
wgoa,lim_k10,2,all,234,12,0.05128205128205128,0.6959459459459458,0.5833333333333334,0.07207207207207207,0.6956521739130435,0.695509199168781
wgoa,lim_k10,2,pre2014,130,4,0.03076923076923077,0.7976190476190477,0.75,0.023809523809523808,0.5,0.8759003168025584
wgoa,lim_k10,2,post2014,104,8,0.07692307692307693,0.69921875,0.5,0.13541666666666666,0.7647058823529411,0.5250030701925749
wgoa,lim_k10,3,all,233,12,0.05150214592274678,0.6872171945701357,0.5,0.13122171945701358,0.8285714285714286,0.5449191224562762
wgoa,lim_k10,3,pre2014,129,4,0.031007751937984496,0.6940000000000001,0.25,0.064,0.8888888888888888,0.39681984652218927
wgoa,lim_k10,3,post2014,104,8,0.07692307692307693,0.744140625,0.625,0.21875,0.8076923076923077,0.5674117964862843
wgoa,lim_k10,6,all,230,12,0.05217391304347826,0.5319189602446484,0.25,0.2018348623853211,0.9361702127659575,-0.0036492218495079226
wgoa,lim_k10,6,pre2014,126,4,0.031746031746031744,0.5122950819672131,0.0,0.13114754098360656,1.0,-0.7873530551553677
wgoa,lim_k10,6,post2014,104,8,0.07692307692307693,0.5377604166666667,0.375,0.2916666666666667,0.9032258064516129,0.12433960342966548
wgoa,lim_k12,1,all,235,12,0.05106382978723404,0.7720478325859492,0.4166666666666667,0.05829596412556054,0.7222222222222222,0.5572338610974621
wgoa,lim_k12,1,pre2014,131,4,0.030534351145038167,0.9133858267716535,0.25,0.03937007874015748,0.8333333333333334,0.4235232840303562
wgoa,lim_k12,1,post2014,104,8,0.07692307692307693,0.8190104166666666,0.5,0.08333333333333333,0.6666666666666666,0.605802578995024
wgoa,lim_k12,2,all,234,12,0.05128205128205128,0.7631381381381381,0.5,0.06756756756756757,0.7142857142857143,0.6245838125345106
wgoa,lim_k12,2,pre2014,130,4,0.03076923076923077,0.8234126984126984,0.5,0.023809523809523808,0.6,0.7213534734103515
wgoa,lim_k12,2,post2014,104,8,0.07692307692307693,0.7265625,0.5,0.125,0.75,0.5250030701925749
wgoa,lim_k12,3,all,233,12,0.05150214592274678,0.6693061840120664,0.4166666666666667,0.13122171945701358,0.8529411764705882,0.4561331826884842
wgoa,lim_k12,3,pre2014,129,4,0.031007751937984496,0.6739999999999999,0.25,0.064,0.8888888888888888,0.39681984652218927
wgoa,lim_k12,3,post2014,104,8,0.07692307692307693,0.7291666666666667,0.5,0.21875,0.84,0.41868920965418926
wgoa,lim_k12,6,all,230,12,0.05217391304347826,0.6859709480122324,0.5833333333333334,0.2706422018348624,0.8939393939393939,0.37560639607538615
wgoa,lim_k12,6,pre2014,126,4,0.031746031746031744,0.6823770491803278,0.5,0.22950819672131148,0.9333333333333333,0.29455001884371784
wgoa,lim_k12,6,post2014,104,8,0.07692307692307693,0.6809895833333333,0.625,0.3229166666666667,0.8611111111111112,0.4211243699068201
wgoa,lim_k15,1,all,235,12,0.05106382978723404,0.7585949177877429,0.3333333333333333,0.04484304932735426,0.7142857142857143,0.5082259517329838
wgoa,lim_k15,1,pre2014,131,4,0.030534351145038167,0.8996062992125985,0.25,0.015748031496062992,0.6666666666666666,0.5198787222410707
wgoa,lim_k15,1,post2014,104,8,0.07692307692307693,0.8111979166666666,0.375,0.08333333333333333,0.7272727272727273,0.46909930336328415
wgoa,lim_k15,2,all,234,12,0.05128205128205128,0.7597597597597598,0.5,0.07657657657657657,0.7391304347826086,0.609503468863426
wgoa,lim_k15,2,pre2014,130,4,0.03076923076923077,0.878968253968254,0.5,0.007936507936507936,0.3333333333333333,0.7749425087270139
wgoa,lim_k15,2,post2014,104,8,0.07692307692307693,0.7122395833333334,0.5,0.16666666666666666,0.8,0.46379277374598643
wgoa,lim_k15,3,all,233,12,0.05150214592274678,0.6858974358974359,0.4166666666666667,0.13122171945701358,0.8529411764705882,0.4561331826884842
wgoa,lim_k15,3,pre2014,129,4,0.031007751937984496,0.624,0.0,0.056,1.0,-0.6018496702059166
wgoa,lim_k15,3,post2014,104,8,0.07692307692307693,0.7473958333333334,0.625,0.22916666666666666,0.8148148148148148,0.5413379306912673
wgoa,lim_k15,6,all,230,12,0.05217391304347826,0.6135321100917431,0.3333333333333333,0.24311926605504589,0.9298245614035088,0.07415010414810431
wgoa,lim_k15,6,pre2014,126,4,0.031746031746031744,0.6475409836065573,0.25,0.18032786885245902,0.9565217391304348,0.03301844957062255
wgoa,lim_k15,6,post2014,104,8,0.07692307692307693,0.6158854166666666,0.375,0.3229166666666667,0.9117647058823529,0.07726774867280861
wgoa,lim_k8,1,all,235,12,0.05106382978723404,0.7458893871449925,0.4166666666666667,0.08520179372197309,0.7916666666666666,0.4972300701143594
wgoa,lim_k8,1,pre2014,131,4,0.030534351145038167,0.8385826771653543,0.25,0.023622047244094488,0.75,0.45068463260926755
wgoa,lim_k8,1,post2014,104,8,0.07692307692307693,0.744140625,0.5,0.16666666666666666,0.8,0.46379277374598643
wgoa,lim_k8,2,all,234,12,0.05128205128205128,0.6906906906906907,0.5833333333333334,0.12162162162162163,0.7941176470588235,0.7138728859292824
wgoa,lim_k8,2,pre2014,130,4,0.03076923076923077,0.7480158730158729,0.5,0.03968253968253968,0.7142857142857143,0.8671715334751389
wgoa,lim_k8,2,post2014,104,8,0.07692307692307693,0.7161458333333333,0.625,0.22916666666666666,0.8148148148148148,0.5282228986989845
wgoa,lim_k8,3,all,233,12,0.05150214592274678,0.7051282051282051,0.5,0.1493212669683258,0.8461538461538461,0.5177725819840915
wgoa,lim_k8,3,pre2014,129,4,0.031007751937984496,0.796,0.25,0.064,0.8888888888888888,0.3741133006818809
wgoa,lim_k8,3,post2014,104,8,0.07692307692307693,0.7096354166666666,0.625,0.2604166666666667,0.8333333333333334,0.5150515598763997
wgoa,lim_k8,6,all,230,12,0.05217391304347826,0.5904051987767585,0.25,0.23853211009174313,0.9454545454545454,-0.03253290455348673
wgoa,lim_k8,6,pre2014,126,4,0.031746031746031744,0.5,0.0,0.1721311475409836,1.0,-0.7971657604036437
wgoa,lim_k8,6,post2014,104,8,0.07692307692307693,0.6028645833333334,0.375,0.3229166666666667,0.9117647058823529,0.06170121579920679
wgoa,persistence,1,all,235,12,0.05106382978723404,0.6775037369207774,0.16666666666666666,0.03139013452914798,0.7777777777777778,0.3328794188018774
wgoa,persistence,1,pre2014,131,4,0.030534351145038167,0.6141732283464567,0.25,0.023622047244094488,0.75,0.48187339546715924
wgoa,persistence,1,post2014,104,8,0.07692307692307693,0.71484375,0.125,0.041666666666666664,0.8,0.21893165653091215
wgoa,persistence,2,all,234,12,0.05128205128205128,0.7605105105105106,0.5,0.09009009009009009,0.7692307692307693,0.5948415950862816
wgoa,persistence,2,pre2014,130,4,0.03076923076923077,0.8154761904761905,0.25,0.05555555555555555,0.875,0.37533237611213693
wgoa,persistence,2,post2014,104,8,0.07692307692307693,0.7877604166666667,0.625,0.13541666666666666,0.7222222222222222,0.6576441384790602
wgoa,persistence,3,all,233,12,0.05150214592274678,0.6870286576168929,0.4166666666666667,0.19004524886877827,0.8936170212765957,0.3458904418577762
wgoa,persistence,3,pre2014,129,4,0.031007751937984496,0.544,0.0,0.176,1.0,-0.7793431057789493
wgoa,persistence,3,post2014,104,8,0.07692307692307693,0.8046875,0.625,0.20833333333333334,0.8,0.5803788323661864
wgoa,persistence,6,all,230,12,0.05217391304347826,0.5051605504587156,0.3333333333333333,0.23853211009174313,0.9285714285714286,0.1456762547897634
wgoa,persistence,6,pre2014,126,4,0.031746031746031744,0.3063524590163934,0.0,0.1885245901639344,1.0,-0.7873530551553677
wgoa,persistence,6,post2014,104,8,0.07692307692307693,0.6067708333333333,0.5,0.3020833333333333,0.8787878787878788,0.28453827267439435
wgoa,pnt_persistence,1,all,235,12,0.05106382978723404,0.702914798206278,0.25,0.03587443946188341,0.7272727272727273,0.4351884826438093
wgoa,pnt_persistence,1,pre2014,131,4,0.030534351145038167,0.7165354330708661,0.25,0.031496062992125984,0.8,0.45068463260926755
wgoa,pnt_persistence,1,post2014,104,8,0.07692307692307693,0.7708333333333333,0.25,0.041666666666666664,0.6666666666666666,0.41614966276858095
wgoa,pnt_persistence,2,all,234,12,0.05128205128205128,0.7263513513513513,0.4166666666666667,0.10810810810810811,0.8275862068965517,0.47255664573102524
wgoa,pnt_persistence,2,pre2014,130,4,0.03076923076923077,0.876984126984127,0.0,0.06349206349206349,1.0,-0.6686080320134656
wgoa,pnt_persistence,2,post2014,104,8,0.07692307692307693,0.7552083333333333,0.625,0.16666666666666666,0.7619047619047619,0.6190706081909135
wgoa,pnt_persistence,3,all,233,12,0.05150214592274678,0.6546003016591252,0.4166666666666667,0.14479638009049775,0.8648648648648649,0.4109084868793719
wgoa,pnt_persistence,3,pre2014,129,4,0.031007751937984496,0.528,0.0,0.096,1.0,-0.7117551673657129
wgoa,pnt_persistence,3,post2014,104,8,0.07692307692307693,0.7877604166666667,0.625,0.20833333333333334,0.8,0.5674117964862843
wgoa,pnt_persistence,6,all,230,12,0.05217391304347826,0.5107033639143731,0.3333333333333333,0.23394495412844038,0.9272727272727272,0.15295781997602878
wgoa,pnt_persistence,6,pre2014,126,4,0.031746031746031744,0.31864754098360654,0.0,0.16393442622950818,1.0,-0.7711438207806369
wgoa,pnt_persistence,6,post2014,104,8,0.07692307692307693,0.6087239583333334,0.5,0.3229166666666667,0.8857142857142857,0.25472920974647045
