zone,date,column,old,new,delta,days_from_nearest_hole
ai,2021-03-18,Cbar,6.991700649261475,7.220434188842773,0.22873353958129883,5
ai,2021-03-19,Cbar,7.811424732208252,7.984348773956299,0.17292404174804688,4
ai,2021-03-20,Cbar,7.433348655700684,7.07138204574585,-0.361966609954834,3
ai,2021-03-21,Cbar,8.159429550170898,7.091510772705078,-1.0679187774658203,2
ai,2021-03-22,Cbar,9.073573112487793,7.579678535461426,-1.4938945770263672,1
ai,2021-03-23,Cbar,9.482501029968262,7.349597454071045,-2.132903575897217,0
ai,2021-03-24,Cbar,5.013751983642578,5.986947059631348,0.9731950759887695,1
ai,2021-03-25,Cbar,5.7870612144470215,6.519199848175049,0.7321386337280273,2
ai,2021-03-26,Cbar,6.457690238952637,7.264008522033691,0.8063182830810547,3
ai,2021-03-27,Cbar,7.177756309509277,7.977724552154541,0.7999682426452637,4
ai,2021-03-28,Cbar,7.86295223236084,8.973526954650879,1.110574722290039,5
ai,2021-03-29,Cbar,7.519900321960449,8.370652198791504,0.8507518768310547,6
ai,2021-03-30,Cbar,7.7560715675354,8.750524520874023,0.994452953338623,7
ai,2021-03-31,Cbar,9.755997657775879,10.863999366760254,1.108001708984375,8
ai,2021-04-01,Cbar,1.2807834148406982,1.5181257724761963,0.23734235763549805,9
ai,2021-09-01,Cbar,32.005672454833984,31.976511001586914,-0.029161453247070312,6
ai,2021-09-02,Cbar,32.01725387573242,31.994401931762695,-0.022851943969726562,5
ai,2021-09-03,Cbar,34.17398452758789,31.668657302856445,-2.5053272247314453,4
ai,2021-09-04,Cbar,36.346839904785156,32.0434455871582,-4.303394317626953,3
ai,2021-09-05,Cbar,38.565223693847656,33.8140983581543,-4.751125335693359,2
ai,2021-09-06,Cbar,40.86174392700195,35.989749908447266,-4.8719940185546875,1
ai,2021-09-07,Cbar,43.06205749511719,37.98986053466797,-5.072196960449219,0
ai,2021-09-08,Cbar,40.031959533691406,39.98699188232422,-0.0449676513671875,1
ai,2021-09-09,Cbar,42.32239532470703,42.34036636352539,0.017971038818359375,2
ai,2021-09-10,Cbar,44.509056091308594,45.42808532714844,0.9190292358398438,3
ai,2021-09-11,Cbar,46.56169128417969,48.1639518737793,1.6022605895996094,4
ai,2021-09-12,Cbar,48.419586181640625,51.402713775634766,2.9831275939941406,5
ai,2021-09-13,Cbar,52.25369644165039,55.159942626953125,2.9062461853027344,6
ai,2021-09-14,Cbar,53.62169647216797,56.48495101928711,2.8632545471191406,7
ai,2021-09-15,Cbar,56.6273193359375,59.39962387084961,2.7723045349121094,8
ai,2021-09-16,Cbar,60.024112701416016,62.86541748046875,2.8413047790527344,9
ai,2021-09-17,Cbar,62.05493927001953,64.90492248535156,2.8499832153320312,10
ai,2021-09-18,Cbar,64.7123794555664,67.47820281982422,2.7658233642578125,11
ai,2021-09-19,Cbar,68.65154266357422,71.49122619628906,2.8396835327148438,12
ai,2021-09-20,Cbar,72.8307876586914,75.70659637451172,2.8758087158203125,13
ai,2021-09-21,Cbar,75.69446563720703,78.47872161865234,2.7842559814453125,14
ai,2021-09-22,Cbar,74.80526733398438,77.53334045410156,2.7280731201171875,15
ai,2021-09-23,Cbar,82.07530975341797,84.61215209960938,2.5368423461914062,16
ai,2021-09-24,Cbar,82.92374420166016,85.42139434814453,2.497650146484375,17
ai,2021-09-25,Cbar,84.11429595947266,86.52063751220703,2.406341552734375,18
ai,2021-09-26,Cbar,84.246826171875,86.50074005126953,2.2539138793945312,19
ai,2021-09-27,Cbar,84.90645599365234,87.11520385742188,2.2087478637695312,20
ai,2021-09-28,Cbar,86.17155456542969,88.37030029296875,2.1987457275390625,21
ai,2021-09-29,Cbar,87.48625183105469,89.6816635131836,2.1954116821289062,22
ai,2021-09-30,Cbar,96.01631927490234,98.37403869628906,2.3577194213867188,23
ai,2021-10-01,Cbar,96.13972473144531,98.47247314453125,2.3327484130859375,24
ai,2021-10-02,Cbar,97.68130493164062,100.00135040283203,2.3200454711914062,25
ai,2021-10-03,Cbar,84.9061050415039,86.9661865234375,2.0600814819335938,26
ai,2021-10-04,Cbar,79.53263854980469,81.48683166503906,1.954193115234375,27
ai,2021-10-05,Cbar,70.46880340576172,72.15364837646484,1.684844970703125,28
ai,2021-10-06,Cbar,62.252201080322266,63.70174789428711,1.4495468139648438,29
ai,2021-10-07,Cbar,61.821048736572266,63.21983337402344,1.3987846374511719,30
ai,2021-10-08,Cbar,64.10871887207031,65.53116607666016,1.4224472045898438,31
ai,2021-10-09,Cbar,64.71808624267578,66.12804412841797,1.4099578857421875,32
ai,2021-10-10,Cbar,63.45071792602539,64.75276947021484,1.3020515441894531,33
ai,2021-10-11,Cbar,64.24333953857422,65.505126953125,1.2617874145507812,34
ai,2021-10-12,Cbar,77.2271957397461,78.66831970214844,1.4411239624023438,35
ai,2021-10-13,Cbar,78.21112823486328,79.63191223144531,1.4207839965820312,36
ai,2021-10-14,Cbar,76.10202026367188,77.45745849609375,1.355438232421875,37
ai,2021-10-15,Cbar,62.14097213745117,63.193416595458984,1.0524444580078125,38
ai,2021-10-16,Cbar,53.16437530517578,54.043731689453125,0.8793563842773438,39
ai,2021-10-17,Cbar,45.10284423828125,45.8105583190918,0.7077140808105469,40
ai,2021-10-18,Cbar,37.981266021728516,38.534576416015625,0.5533103942871094,41
ai,2021-10-19,Cbar,30.599653244018555,31.008451461791992,0.4087982177734375,42
ai,2021-10-20,Cbar,31.88289451599121,32.29169464111328,0.4088001251220703,43
ai,2021-10-21,Cbar,33.35547637939453,33.780399322509766,0.4249229431152344,44
ai,2021-10-22,Cbar,35.686309814453125,36.144615173339844,0.45830535888671875,45
ai,2021-10-23,Cbar,37.80939865112305,38.283409118652344,0.4740104675292969,46
ai,2022-10-15,Cbar,64.77583312988281,63.94131088256836,-0.8345222473144531,4
ai,2022-10-16,Cbar,71.42599487304688,70.24824523925781,-1.1777496337890625,3
ai,2022-10-17,Cbar,77.5032958984375,75.93212890625,-1.5711669921875,2
ai,2022-10-18,Cbar,81.07843017578125,79.35340881347656,-1.7250213623046875,1
ai,2022-10-19,Cbar,81.60282897949219,80.64108276367188,-0.9617462158203125,0
ai,2022-10-20,Cbar,73.62918853759766,74.452880859375,0.8236923217773438,1
ai,2022-10-21,Cbar,65.69937133789062,66.47687530517578,0.7775039672851562,2
ai,2022-10-22,Cbar,54.136714935302734,54.82625198364258,0.6895370483398438,3
ai,2022-10-23,Cbar,47.006591796875,47.62285614013672,0.6162643432617188,4
ai,2022-10-24,Cbar,42.876007080078125,43.59993362426758,0.7239265441894531,5
ai,2022-10-25,Cbar,41.32123947143555,41.99540710449219,0.6741676330566406,6
ai,2022-10-26,Cbar,42.42988204956055,43.099334716796875,0.6694526672363281,7
ai,2022-10-27,Cbar,44.13084030151367,44.80706024169922,0.6762199401855469,8
ai,2022-10-28,Cbar,46.17987823486328,46.867000579833984,0.6871223449707031,9
ai,2022-10-29,Cbar,45.719642639160156,46.38077163696289,0.6611289978027344,10
ai,2022-10-30,Cbar,43.05314254760742,43.65685272216797,0.6037101745605469,11
ai,2022-10-31,Cbar,36.476463317871094,36.969879150390625,0.49341583251953125,12
ai,2022-11-01,Cbar,31.324321746826172,31.730079650878906,0.4057579040527344,13
ai,2022-11-02,Cbar,30.685192108154297,31.066083908081055,0.3808917999267578,14
ai,2022-11-03,Cbar,28.449562072753906,28.78626251220703,0.336700439453125,15
ai,2022-11-04,Cbar,27.58652687072754,27.896726608276367,0.3101997375488281,16
ai,2022-11-05,Cbar,27.269216537475586,27.56003189086914,0.2908153533935547,17
ai,2022-11-06,Cbar,28.37370491027832,28.662857055664062,0.2891521453857422,18
ai,2022-11-07,Cbar,27.111928939819336,27.37542152404785,0.2634925842285156,19
ai,2022-11-08,Cbar,27.12462043762207,27.37605857849121,0.2514381408691406,20
ai,2022-11-09,Cbar,27.641746520996094,27.886249542236328,0.24450302124023438,21
ai,2022-11-10,Cbar,28.212383270263672,28.450450897216797,0.238067626953125,22
ai,2022-11-11,Cbar,29.22861671447754,29.464969635009766,0.23635292053222656,23
ai,2022-11-12,Cbar,29.835664749145508,30.067811965942383,0.232147216796875,24
ai,2022-11-13,Cbar,28.551897048950195,28.76528549194336,0.21338844299316406,25
ai,2022-11-14,Cbar,28.75080108642578,28.957170486450195,0.20636940002441406,26
ai,2022-11-15,Cbar,27.7845401763916,27.979408264160156,0.1948680877685547,27
ai,2022-11-16,Cbar,27.327157974243164,27.51026153564453,0.1831035614013672,28
ai,2022-11-17,Cbar,28.444467544555664,28.627578735351562,0.18311119079589844,29
ai,2022-11-18,Cbar,28.6165771484375,28.79420280456543,0.1776256561279297,30
ai,2022-11-19,Cbar,28.89344596862793,29.066659927368164,0.17321395874023438,31
ai,2022-11-20,Cbar,28.726255416870117,28.892284393310547,0.1660289764404297,32
ai,2022-11-21,Cbar,27.8042049407959,27.958221435546875,0.15401649475097656,33
ai,2022-11-22,Cbar,27.552154541015625,27.69822120666504,0.14606666564941406,34
ai,2022-11-23,Cbar,27.29892349243164,27.437395095825195,0.1384716033935547,35
ai,2022-11-24,Cbar,26.203399658203125,26.3302059173584,0.12680625915527344,36
ai,2022-11-25,Cbar,26.670175552368164,26.793243408203125,0.12306785583496094,37
ai,2022-11-26,Cbar,27.270172119140625,27.390432357788086,0.12026023864746094,38
ai,2022-11-27,Cbar,28.166141510009766,28.285776138305664,0.11963462829589844,39
ai,2022-11-28,Cbar,29.167686462402344,29.28677749633789,0.11909103393554688,40
ai,2022-11-29,Cbar,29.051246643066406,29.16472816467285,0.11348152160644531,41
ai,2022-11-30,Cbar,29.01347541809082,29.121606826782227,0.10813140869140625,42
ai,2022-12-01,Cbar,29.038570404052734,29.14128875732422,0.10271835327148438,43
ai,2022-12-02,Cbar,27.984130859375,28.077693939208984,0.09356307983398438,44
ai,2022-12-03,Cbar,28.572107315063477,28.662595748901367,0.09048843383789062,45
ai,2022-12-04,Cbar,29.803211212158203,29.89296531677246,0.08975410461425781,46
ai,2022-12-05,Cbar,31.11977767944336,31.20924949645996,0.08947181701660156,47
ai,2022-12-06,Cbar,32.54857635498047,32.63808822631836,0.08951187133789062,48
ai,2022-12-07,Cbar,34.06382369995117,34.1537971496582,0.08997344970703125,49
ai,2022-12-08,Cbar,35.5012321472168,35.59157943725586,0.0903472900390625,50
ai,2022-12-09,Cbar,36.69522476196289,36.78509521484375,0.08987045288085938,51
ai,2022-12-10,Cbar,37.94759750366211,38.037105560302734,0.089508056640625,52
ai,2022-12-11,Cbar,39.129703521728516,39.21878433227539,0.089080810546875,52
ai,2022-12-12,Cbar,40.500640869140625,40.58984375,0.089202880859375,51
ai,2022-12-13,Cbar,42.016963958740234,42.10679244995117,0.0898284912109375,50
ai,2022-12-14,Cbar,43.31822204589844,43.40804672241211,0.08982467651367188,49
ai,2022-12-15,Cbar,44.61345672607422,44.70336151123047,0.08990478515625,48
ai,2022-12-16,Cbar,45.973533630371094,46.06476974487305,0.09123611450195312,47
ai,2022-12-17,Cbar,47.45907974243164,47.552181243896484,0.09310150146484375,46
ai,2022-12-18,Cbar,48.0184440612793,48.11039352416992,0.091949462890625,45
ai,2022-12-19,Cbar,48.06535339355469,48.155128479003906,0.08977508544921875,44
ai,2022-12-20,Cbar,46.83306884765625,46.918033599853516,0.08496475219726562,43
ai,2022-12-21,Cbar,46.575439453125,46.657371520996094,0.08193206787109375,42
ai,2022-12-22,Cbar,47.629638671875,47.710906982421875,0.081268310546875,41
ai,2022-12-23,Cbar,48.79389190673828,48.8746452331543,0.08075332641601562,40
ai,2022-12-24,Cbar,49.4361686706543,49.515560150146484,0.0793914794921875,39
ai,2022-12-25,Cbar,51.76704406738281,51.84797668457031,0.0809326171875,38
ai,2022-12-26,Cbar,53.38811111450195,53.46934509277344,0.08123397827148438,37
ai,2022-12-27,Cbar,55.29641342163086,55.37859344482422,0.08218002319335938,36
ai,2022-12-28,Cbar,57.26713943481445,57.350379943847656,0.08324050903320312,35
ai,2022-12-29,Cbar,59.43185806274414,59.51667404174805,0.08481597900390625,34
ai,2022-12-30,Cbar,62.79634475708008,62.8853874206543,0.08904266357421875,33
ai,2022-12-31,Cbar,64.78340148925781,64.87384033203125,0.0904388427734375,32
ai,2023-01-01,Cbar,66.2224349975586,66.31379699707031,0.09136199951171875,31
ai,2023-01-02,Cbar,67.83110809326172,67.92431640625,0.09320831298828125,30
ai,2023-01-03,Cbar,70.21151733398438,70.30923461914062,0.09771728515625,29
ai,2023-01-04,Cbar,72.66142272949219,72.76549530029297,0.10407257080078125,28
ai,2023-01-05,Cbar,74.13581085205078,74.24217987060547,0.1063690185546875,27
ai,2023-01-06,Cbar,74.90877532958984,75.0153579711914,0.1065826416015625,26
ai,2023-01-07,Cbar,73.21077728271484,73.31364440917969,0.10286712646484375,25
ai,2023-01-08,Cbar,72.49497985839844,72.59540557861328,0.10042572021484375,24
ai,2023-01-09,Cbar,72.44355773925781,72.54256439208984,0.09900665283203125,23
ai,2023-01-10,Cbar,72.64070129394531,72.73904418945312,0.0983428955078125,22
ai,2023-01-11,Cbar,72.95265197753906,73.05170440673828,0.09905242919921875,21
ai,2023-01-12,Cbar,73.0256118774414,73.1237564086914,0.09814453125,20
ai,2023-01-13,Cbar,73.3213119506836,73.41908264160156,0.09777069091796875,19
ai,2023-01-14,Cbar,73.75626373291016,73.85426330566406,0.09799957275390625,18
ai,2023-01-15,Cbar,74.1493148803711,74.24681091308594,0.09749603271484375,17
ai,2023-01-16,Cbar,74.43603515625,74.53268432617188,0.096649169921875,16
ai,2023-01-17,Cbar,74.9600601196289,75.05660247802734,0.0965423583984375,15
ai,2023-01-18,Cbar,75.80697631835938,75.904052734375,0.097076416015625,14
ai,2023-01-19,Cbar,77.63591003417969,77.7347640991211,0.09885406494140625,13
ai,2023-01-20,Cbar,80.18922424316406,80.29195404052734,0.10272979736328125,12
ai,2023-01-21,Cbar,81.20277404785156,81.30549621582031,0.10272216796875,11
ai,2023-01-22,Cbar,82.17802429199219,82.28380584716797,0.10578155517578125,10
ai,2023-01-23,Cbar,82.85161590576172,82.95780181884766,0.1061859130859375,9
ai,2023-01-24,Cbar,81.59214782714844,81.69554901123047,0.10340118408203125,8
ai,2023-01-25,Cbar,75.20476531982422,75.2988510131836,0.094085693359375,7
ai,2023-01-26,Cbar,74.14655303955078,74.17115783691406,0.02460479736328125,6
ai,2023-01-27,Cbar,74.7951431274414,74.50629425048828,-0.288848876953125,5
ai,2023-01-28,Cbar,75.68418884277344,72.2581787109375,-3.4260101318359375,4
ai,2023-01-29,Cbar,76.97675323486328,68.74053955078125,-8.236213684082031,3
ai,2023-01-30,Cbar,77.96424865722656,67.06806945800781,-10.89617919921875,2
ai,2023-01-31,Cbar,78.96958923339844,67.29521179199219,-11.67437744140625,1
ai,2023-02-01,Cbar,80.39733123779297,67.92153930664062,-12.475791931152344,0
ai,2023-02-02,Cbar,70.59021759033203,68.9977035522461,-1.5925140380859375,1
ai,2023-02-03,Cbar,71.60262298583984,70.66400146484375,-0.9386215209960938,2
ai,2023-02-04,Cbar,72.45755767822266,72.08010864257812,-0.37744903564453125,3
ai,2023-02-05,Cbar,73.46022033691406,73.99079132080078,0.5305709838867188,4
ai,2023-02-06,Cbar,74.44576263427734,76.30842590332031,1.8626632690429688,5
ai,2023-02-07,Cbar,79.93902587890625,81.74744415283203,1.8084182739257812,6
ai,2023-02-08,Cbar,83.96224212646484,85.77418518066406,1.8119430541992188,7
ai,2023-02-09,Cbar,87.90531158447266,89.77166748046875,1.8663558959960938,8
ai,2023-02-10,Cbar,90.9523696899414,92.77761840820312,1.8252487182617188,9
ai,2023-02-11,Cbar,92.42101287841797,94.27310943603516,1.8520965576171875,10
ai,2023-02-12,Cbar,91.25131225585938,93.0555419921875,1.804229736328125,11
ai,2023-02-13,Cbar,89.47562408447266,91.19229888916016,1.7166748046875,12
ai,2023-02-14,Cbar,80.60843658447266,82.13362121582031,1.5251846313476562,13
ai,2023-02-15,Cbar,80.00982666015625,81.50701141357422,1.4971847534179688,14
ai,2023-02-16,Cbar,76.64329528808594,78.02857971191406,1.385284423828125,15
ai,2023-02-17,Cbar,76.095458984375,77.45640563964844,1.3609466552734375,16
ai,2023-02-18,Cbar,77.0945053100586,78.45962524414062,1.3651199340820312,17
ai,2023-02-19,Cbar,79.9985122680664,81.36465454101562,1.3661422729492188,18
ai,2023-02-20,Cbar,85.04181671142578,86.523193359375,1.4813766479492188,19
ai,2023-02-21,Cbar,92.30580139160156,93.95718383789062,1.6513824462890625,20
ai,2023-02-22,Cbar,99.41938018798828,101.19541931152344,1.7760391235351562,21
ai,2023-02-23,Cbar,102.81086730957031,104.66563415527344,1.854766845703125,22
ai,2023-02-24,Cbar,102.9280776977539,104.8211669921875,1.8930892944335938,23
ai,2023-02-25,Cbar,103.91680145263672,105.825439453125,1.9086380004882812,24
ai,2023-02-26,Cbar,99.43412780761719,101.3883056640625,1.9541778564453125,25
ai,2023-02-27,Cbar,101.40064239501953,103.39933776855469,1.9986953735351562,26
ai,2023-02-28,Cbar,102.83545684814453,104.83710479736328,2.00164794921875,27
ai,2023-03-01,Cbar,107.73209381103516,109.68328857421875,1.9511947631835938,28
ai,2023-03-02,Cbar,114.78317260742188,116.2531967163086,1.4700241088867188,29
ai,2023-03-03,Cbar,122.63797760009766,124.20633697509766,1.568359375,30
ai,2023-03-04,Cbar,137.72006225585938,139.44046020507812,1.72039794921875,31
ai,2023-03-05,Cbar,150.1796112060547,152.0482177734375,1.8686065673828125,32
ai,2023-03-06,Cbar,158.76690673828125,160.72119140625,1.95428466796875,33
ai,2023-03-07,Cbar,160.2430419921875,162.36416625976562,2.121124267578125,34
ai,2023-03-08,Cbar,154.65541076660156,156.81002807617188,2.1546173095703125,35
ai,2023-03-09,Cbar,151.2576904296875,153.40122985839844,2.1435394287109375,36
ai,2023-03-10,Cbar,125.57907104492188,127.50269317626953,1.9236221313476562,37
ai,2023-03-11,Cbar,92.07642364501953,93.49989318847656,1.4234695434570312,38
ai,2023-03-12,Cbar,73.32722473144531,74.47309112548828,1.1458663940429688,39
ai,2023-03-13,Cbar,65.32727813720703,66.33440399169922,1.0071258544921875,40
ai,2023-03-14,Cbar,52.9090461730957,53.402198791503906,0.4931526184082031,41
ai,2023-03-15,Cbar,50.420475006103516,50.882713317871094,0.4622383117675781,42
ai,2023-03-16,Cbar,47.446693420410156,47.875572204589844,0.4288787841796875,43
ai,2023-03-17,Cbar,39.56089401245117,39.91160202026367,0.3507080078125,44
ai,2023-03-18,Cbar,36.18590545654297,36.4995002746582,0.3135948181152344,45
ai,2023-03-19,Cbar,32.418174743652344,32.69240951538086,0.2742347717285156,46
ai,2023-03-20,Cbar,26.093971252441406,26.307544708251953,0.21357345581054688,47
ai,2023-03-21,Cbar,26.576488494873047,26.787029266357422,0.210540771484375,48
ai,2023-03-22,Cbar,27.788867950439453,28.00334358215332,0.2144756317138672,49
ai,2023-03-23,Cbar,29.801179885864258,30.02788543701172,0.22670555114746094,50
ai,2023-03-24,Cbar,30.187095642089844,30.41055679321289,0.22346115112304688,51
ai,2023-03-25,Cbar,31.867443084716797,32.098060607910156,0.23061752319335938,52
ai,2023-03-26,Cbar,33.937355041503906,34.18218994140625,0.24483489990234375,53
ai,2023-03-27,Cbar,35.014617919921875,35.26466751098633,0.2500495910644531,54
ai,2023-03-28,Cbar,34.61468505859375,34.859806060791016,0.24512100219726562,55
ai,2023-03-29,Cbar,37.80752944946289,38.08013153076172,0.2726020812988281,56
ai,2023-03-30,Cbar,38.8466796875,39.12567138671875,0.27899169921875,57
ai,2023-03-31,Cbar,40.09148025512695,40.38212966918945,0.2906494140625,58
ai,2023-04-01,Cbar,44.46826934814453,44.78458023071289,0.3163108825683594,59
ai,2023-04-02,Cbar,50.8873291015625,51.25935363769531,0.3720245361328125,60
ai,2023-04-03,Cbar,49.85514831542969,50.22112274169922,0.36597442626953125,61
ai,2023-04-04,Cbar,49.58755874633789,49.94956970214844,0.3620109558105469,62
ai,2023-04-05,Cbar,45.16309356689453,45.49228286743164,0.3291893005371094,63
ai,2023-04-06,Cbar,43.19623565673828,43.507843017578125,0.31160736083984375,64
ai,2023-04-07,Cbar,43.80673599243164,44.11677932739258,0.3100433349609375,65
ai,2023-04-08,Cbar,43.267173767089844,43.5687255859375,0.30155181884765625,66
ai,2023-04-09,Cbar,40.08375930786133,40.34998321533203,0.2662239074707031,67
ai,2023-04-10,Cbar,39.4536018371582,39.71098327636719,0.2573814392089844,68
ai,2023-04-11,Cbar,43.04618453979492,43.32005310058594,0.2738685607910156,69
ai,2023-04-12,Cbar,48.59366989135742,48.915950775146484,0.3222808837890625,70
ai,2023-04-13,Cbar,40.1856803894043,40.435874938964844,0.2501945495605469,71
ai,2023-04-14,Cbar,40.01164245605469,40.2508544921875,0.2392120361328125,72
ai,2023-04-15,Cbar,24.90957260131836,25.075489044189453,0.16591644287109375,73
ai,2023-04-16,Cbar,19.145282745361328,19.268728256225586,0.12344551086425781,74
ai,2023-04-17,Cbar,12.031103134155273,12.102919578552246,0.07181644439697266,75
ai,2023-04-18,Cbar,10.115633964538574,10.170331001281738,0.05469703674316406,76
ai,2023-04-19,Cbar,8.888349533081055,8.931660652160645,0.043311119079589844,77
ai,2023-04-20,Cbar,8.99097728729248,9.030826568603516,0.039849281311035156,78
ai,2023-04-21,Cbar,9.685473442077637,9.724908828735352,0.039435386657714844,79
ai,2023-04-22,Cbar,10.038304328918457,10.076375007629395,0.0380706787109375,80
ai,2023-04-23,Cbar,10.959174156188965,10.998908042907715,0.03973388671875,81
ai,2023-04-24,Cbar,12.484848976135254,12.529085159301758,0.044236183166503906,82
ai,2023-04-25,Cbar,13.788309097290039,13.83612060546875,0.04781150817871094,83
ai,2023-04-26,Cbar,14.34202766418457,14.388017654418945,0.045989990234375,84
ai,2023-04-27,Cbar,15.966423034667969,16.01628303527832,0.04986000061035156,85
ai,2023-04-28,Cbar,17.661483764648438,17.715869903564453,0.054386138916015625,86
ai,2023-04-29,Cbar,20.22199821472168,20.28799057006836,0.06599235534667969,87
ai,2023-04-30,Cbar,21.96416664123535,22.03423309326172,0.07006645202636719,88
ai,2023-05-01,Cbar,21.091007232666016,21.145034790039062,0.054027557373046875,89
ai,2023-05-02,Cbar,19.861162185668945,19.8966007232666,0.03543853759765625,90
ai,2024-03-28,Cbar,2.358502149581909,1.2230695486068726,-1.1354326009750366,3
ai,2024-03-29,Cbar,2.90263032913208,1.516110897064209,-1.386519432067871,2
ai,2024-03-30,Cbar,3.4413106441497803,1.477994441986084,-1.9633162021636963,1
ai,2024-03-31,Cbar,3.4413106441497803,1.6151328086853027,-1.8261778354644775,0
ai,2024-04-01,Cbar,0.9849848747253418,1.7950376272201538,0.810052752494812,1
ai,2024-04-02,Cbar,1.7889974117279053,2.589043140411377,0.8000457286834717,2
ai,2024-04-03,Cbar,2.5601305961608887,3.3523013591766357,0.7921707630157471,3
ai,2024-04-04,Cbar,3.2304627895355225,4.015872955322266,0.7854101657867432,4
ai,2024-04-05,Cbar,3.872404098510742,4.707481384277344,0.8350772857666016,5
ai,2024-04-06,Cbar,4.56876802444458,5.4826273918151855,0.9138593673706055,6
ai,2024-04-07,Cbar,5.261063575744629,6.174922466278076,0.9138588905334473,7
ai,2024-04-08,Cbar,5.544238567352295,6.393515586853027,0.8492770195007324,8
ai,2024-04-09,Cbar,4.989686965942383,5.650519371032715,0.660832405090332,9
ai,2024-04-10,Cbar,5.362361431121826,5.988096237182617,0.625734806060791,10
ai,2024-04-11,Cbar,5.524588584899902,6.091038227081299,0.5664496421813965,11
ai,2024-04-12,Cbar,5.737800598144531,6.255451202392578,0.5176506042480469,12
ai,2024-04-13,Cbar,6.61883020401001,7.136480808258057,0.5176506042480469,13
ai,2024-04-14,Cbar,7.110705375671387,7.731906414031982,0.6212010383605957,14
ai,2024-04-15,Cbar,7.961182594299316,8.574134826660156,0.6129522323608398,15
ai,2024-04-16,Cbar,8.601398468017578,9.214349746704102,0.6129512786865234,16
ai,2024-04-17,Cbar,4.571292400360107,4.850143909454346,0.2788515090942383,17
ai,2024-04-18,Cbar,3.5990560054779053,3.7725932598114014,0.1735372543334961,18
ai,2024-04-19,Cbar,4.024107933044434,4.0944108963012695,0.07030296325683594,19
ai,2024-04-20,Cbar,5.196878433227539,5.267181873321533,0.07030344009399414,20
ai,2024-04-21,Cbar,6.045891284942627,6.116194248199463,0.07030296325683594,21
ai,2024-04-22,Cbar,6.84027624130249,6.910579204559326,0.07030296325683594,22
ai,2025-06-18,Cbar,5.738393783569336,3.9962737560272217,-1.7421200275421143,4
ai,2025-06-19,Cbar,6.814064025878906,5.023714542388916,-1.7903494834899902,3
ai,2025-06-20,Cbar,7.768759250640869,5.71096658706665,-2.0577926635742188,2
ai,2025-06-21,Cbar,0.0,3.847583293914795,3.847583293914795,1
ai,2025-06-22,Cbar,0.0,4.860805511474609,4.860805511474609,0
ai,2025-06-23,Cbar,0.0,5.919802188873291,5.919802188873291,1
ai,2026-06-05,Cbar,0.0,1.219355583190918,1.219355583190918,3
ai,2026-06-06,Cbar,0.0,2.4838054180145264,2.4838054180145264,2
ai,2026-06-07,Cbar,0.0,3.371650457382202,3.371650457382202,1
ai,2026-06-08,Cbar,0.0,4.740116119384766,4.740116119384766,0
ai,2026-06-09,Cbar,0.0,6.055018901824951,6.055018901824951,1
ai,2026-06-10,Cbar,0.0,7.38654899597168,7.38654899597168,2
ai,2026-06-11,Cbar,0.0,8.54216194152832,8.54216194152832,3
ai_central,2021-03-18,Cbar,6.991700649261475,7.220434188842773,0.22873353958129883,5
ai_central,2021-03-19,Cbar,7.811424732208252,7.984348773956299,0.17292404174804688,4
ai_central,2021-03-20,Cbar,7.433348655700684,7.07138204574585,-0.361966609954834,3
ai_central,2021-03-21,Cbar,8.159429550170898,7.091510772705078,-1.0679187774658203,2
ai_central,2021-03-22,Cbar,9.073573112487793,7.579678535461426,-1.4938945770263672,1
ai_central,2021-03-23,Cbar,9.482501029968262,7.349597454071045,-2.132903575897217,0
ai_central,2021-03-24,Cbar,5.013751983642578,5.986947059631348,0.9731950759887695,1
ai_central,2021-03-25,Cbar,5.7870612144470215,6.519199848175049,0.7321386337280273,2
ai_central,2021-03-26,Cbar,6.457690238952637,7.264008522033691,0.8063182830810547,3
ai_central,2021-03-27,Cbar,7.177756309509277,7.977724552154541,0.7999682426452637,4
ai_central,2021-03-28,Cbar,7.86295223236084,8.973526954650879,1.110574722290039,5
ai_central,2021-03-29,Cbar,7.519900321960449,8.370652198791504,0.8507518768310547,6
ai_central,2021-03-30,Cbar,7.7560715675354,8.750524520874023,0.994452953338623,7
ai_central,2021-03-31,Cbar,9.755997657775879,10.863999366760254,1.108001708984375,8
ai_central,2021-04-01,Cbar,1.2807834148406982,1.5181257724761963,0.23734235763549805,9
ai_central,2021-09-01,Cbar,25.663549423217773,25.630258560180664,-0.033290863037109375,6
ai_central,2021-09-02,Cbar,26.222057342529297,26.167789459228516,-0.05426788330078125,5
ai_central,2021-09-03,Cbar,28.308284759521484,25.576852798461914,-2.7314319610595703,4
ai_central,2021-09-04,Cbar,30.453794479370117,25.996021270751953,-4.457773208618164,3
ai_central,2021-09-05,Cbar,32.6426887512207,27.942272186279297,-4.700416564941406,2
ai_central,2021-09-06,Cbar,34.85100555419922,30.123266220092773,-4.727739334106445,1
ai_central,2021-09-07,Cbar,35.69229507446289,32.30649185180664,-3.38580322265625,0
ai_central,2021-09-08,Cbar,33.00136184692383,34.49919509887695,1.497833251953125,1
ai_central,2021-09-09,Cbar,35.221595764160156,36.788902282714844,1.5673065185546875,2
ai_central,2021-09-10,Cbar,37.37885665893555,39.71892547607422,2.340068817138672,3
ai_central,2021-09-11,Cbar,39.493202209472656,42.017913818359375,2.5247116088867188,4
ai_central,2021-09-12,Cbar,41.32709503173828,44.43310546875,3.1060104370117188,5
ai_central,2021-09-13,Cbar,44.17808151245117,47.20524215698242,3.02716064453125,6
ai_central,2021-09-14,Cbar,46.3709716796875,49.32320022583008,2.952228546142578,7
ai_central,2021-09-15,Cbar,49.847991943359375,52.652530670166016,2.8045387268066406,8
ai_central,2021-09-16,Cbar,52.41300964355469,55.29829406738281,2.885284423828125,9
ai_central,2021-09-17,Cbar,54.50911331176758,57.39522933959961,2.8861160278320312,10
ai_central,2021-09-18,Cbar,56.887142181396484,59.631874084472656,2.744731903076172,11
ai_central,2021-09-19,Cbar,60.72236633300781,63.56037902832031,2.8380126953125,12
ai_central,2021-09-20,Cbar,64.83658599853516,67.72465515136719,2.8880691528320312,13
ai_central,2021-09-21,Cbar,66.98190307617188,69.78227996826172,2.8003768920898438,14
ai_central,2021-09-22,Cbar,69.42615509033203,72.2934341430664,2.867279052734375,15
ai_central,2021-09-23,Cbar,81.88810729980469,84.49811553955078,2.6100082397460938,16
ai_central,2021-09-24,Cbar,83.1316909790039,85.7047119140625,2.5730209350585938,17
ai_central,2021-09-25,Cbar,84.09719848632812,86.55633544921875,2.459136962890625,18
ai_central,2021-09-26,Cbar,82.72917175292969,85.13660430908203,2.4074325561523438,19
ai_central,2021-09-27,Cbar,76.00636291503906,78.15255737304688,2.1461944580078125,20
ai_central,2021-09-28,Cbar,76.2302474975586,78.33718872070312,2.1069412231445312,21
ai_central,2021-09-29,Cbar,77.59063720703125,79.69757843017578,2.1069412231445312,22
ai_central,2021-09-30,Cbar,84.9085464477539,86.80857849121094,1.9000320434570312,23
ai_central,2022-10-19,Cbar,83.42266082763672,84.72767639160156,1.3050155639648438,0
ai_central,2022-10-20,Cbar,77.48931121826172,78.68071746826172,1.19140625,1
ai_central,2022-10-21,Cbar,70.67605590820312,71.74234008789062,1.0662841796875,2
ai_central,2022-10-22,Cbar,57.55070495605469,58.39844512939453,0.8477401733398438,3
ai_central,2022-10-23,Cbar,52.13968276977539,52.88722610473633,0.7475433349609375,4
ai_central,2022-10-24,Cbar,50.932518005371094,51.64149475097656,0.7089767456054688,5
ai_central,2022-10-25,Cbar,51.69460678100586,52.39373016357422,0.6991233825683594,6
ai_central,2022-10-26,Cbar,53.157440185546875,53.85658264160156,0.6991424560546875,7
ai_central,2022-10-27,Cbar,55.93572998046875,56.654296875,0.71856689453125,8
ai_central,2022-10-28,Cbar,58.18695068359375,58.91437911987305,0.7274284362792969,9
ai_central,2022-10-29,Cbar,56.439788818359375,57.12779235839844,0.6880035400390625,10
ai_central,2022-10-30,Cbar,52.74661636352539,53.37272644042969,0.6261100769042969,11
ai_central,2022-10-31,Cbar,48.709102630615234,49.270870208740234,0.561767578125,12
ai_central,2022-11-01,Cbar,45.92847442626953,46.44125747680664,0.5127830505371094,13
ai_central,2022-11-02,Cbar,47.03477096557617,47.544227600097656,0.5094566345214844,14
ai_central,2022-11-03,Cbar,45.595829010009766,46.07343673706055,0.47760772705078125,15
ai_central,2022-11-04,Cbar,46.64076614379883,47.11270523071289,0.4719390869140625,16
ai_central,2022-11-05,Cbar,47.98818588256836,48.457298278808594,0.4691123962402344,17
ai_central,2022-11-06,Cbar,49.445404052734375,49.91453170776367,0.4691276550292969,18
ai_central,2022-11-07,Cbar,48.5013542175293,48.9477653503418,0.4464111328125,19
ai_central,2022-11-08,Cbar,47.45668411254883,47.880165100097656,0.4234809875488281,20
ai_central,2022-11-09,Cbar,47.003395080566406,47.40878677368164,0.4053916931152344,21
ai_central,2022-11-10,Cbar,47.21684265136719,47.610931396484375,0.3940887451171875,22
ai_central,2022-11-11,Cbar,48.54594039916992,48.93902587890625,0.3930854797363281,23
ai_central,2022-11-12,Cbar,49.337982177734375,49.72633743286133,0.3883552551269531,24
ai_central,2022-11-13,Cbar,46.733795166015625,47.091495513916016,0.3577003479003906,25
ai_central,2022-11-14,Cbar,46.47346878051758,46.820133209228516,0.3466644287109375,26
ai_central,2022-11-15,Cbar,43.389102935791016,43.70685577392578,0.3177528381347656,27
ai_central,2022-11-16,Cbar,40.4388542175293,40.725494384765625,0.2866401672363281,28
ai_central,2022-11-17,Cbar,41.563995361328125,41.85009002685547,0.28609466552734375,29
ai_central,2022-11-18,Cbar,39.9193229675293,40.18707275390625,0.2677497863769531,30
ai_central,2022-11-19,Cbar,38.64777755737305,38.89933395385742,0.251556396484375,31
ai_central,2022-11-20,Cbar,37.72242736816406,37.96015930175781,0.23773193359375,32
ai_central,2022-11-21,Cbar,35.634605407714844,35.851383209228516,0.21677780151367188,33
ai_central,2022-11-22,Cbar,35.51274871826172,35.72108459472656,0.20833587646484375,34
ai_central,2022-11-23,Cbar,35.280399322509766,35.47999572753906,0.19959640502929688,35
ai_central,2022-11-24,Cbar,33.435890197753906,33.617855072021484,0.18196487426757812,36
ai_central,2022-11-25,Cbar,33.950653076171875,34.1280403137207,0.17738723754882812,37
ai_central,2022-11-26,Cbar,35.002471923828125,35.17840576171875,0.175933837890625,38
ai_central,2022-11-27,Cbar,36.32503890991211,36.50172424316406,0.17668533325195312,39
ai_central,2022-11-28,Cbar,37.97407531738281,38.15345764160156,0.17938232421875,40
ai_central,2022-11-29,Cbar,37.29362106323242,37.46355438232422,0.16993331909179688,41
ai_central,2022-11-30,Cbar,37.46586990356445,37.62998962402344,0.16411972045898438,42
ai_central,2022-12-01,Cbar,37.18323516845703,37.33897018432617,0.15573501586914062,43
ai_central,2022-12-02,Cbar,33.84758758544922,33.982566833496094,0.134979248046875,44
ai_central,2022-12-03,Cbar,33.94427490234375,34.07326889038086,0.12899398803710938,45
ai_central,2022-12-04,Cbar,35.20094680786133,35.32891845703125,0.12797164916992188,46
ai_central,2022-12-05,Cbar,36.74386978149414,36.87207794189453,0.12820816040039062,47
ai_central,2022-12-06,Cbar,38.24241638183594,38.37073516845703,0.12831878662109375,48
ai_central,2022-12-07,Cbar,39.95709228515625,40.086612701416016,0.12952041625976562,49
ai_central,2022-12-08,Cbar,41.47022247314453,41.60049819946289,0.13027572631835938,50
ai_central,2022-12-09,Cbar,42.69508743286133,42.824893951416016,0.1298065185546875,51
ai_central,2022-12-10,Cbar,43.84182357788086,43.970787048339844,0.12896347045898438,52
ai_central,2022-12-11,Cbar,44.969757080078125,45.09790802001953,0.12815093994140625,52
ai_central,2022-12-12,Cbar,46.429603576660156,46.55808639526367,0.12848281860351562,51
ai_central,2022-12-13,Cbar,48.198753356933594,48.32876205444336,0.13000869750976562,50
ai_central,2022-12-14,Cbar,49.50298309326172,49.632877349853516,0.12989425659179688,49
ai_central,2022-12-15,Cbar,50.87754440307617,51.00764465332031,0.13010025024414062,48
ai_central,2022-12-16,Cbar,52.44691467285156,52.578670501708984,0.13175582885742188,47
ai_central,2022-12-17,Cbar,55.66496276855469,55.80475997924805,0.13979721069335938,46
ai_central,2022-12-18,Cbar,56.36288070678711,56.50160217285156,0.13872146606445312,45
ai_central,2022-12-19,Cbar,56.2912483215332,56.42698669433594,0.13573837280273438,44
ai_central,2022-12-20,Cbar,52.904029846191406,53.02826690673828,0.124237060546875,43
ai_central,2022-12-21,Cbar,51.20876693725586,51.325660705566406,0.11689376831054688,42
ai_central,2022-12-22,Cbar,51.697872161865234,51.812583923339844,0.11471176147460938,41
ai_central,2022-12-23,Cbar,52.649959564208984,52.763553619384766,0.11359405517578125,40
ai_central,2022-12-24,Cbar,52.52893829345703,52.6391716003418,0.11023330688476562,39
ai_central,2022-12-25,Cbar,54.49799346923828,54.609474182128906,0.111480712890625,38
ai_central,2022-12-26,Cbar,56.1074104309082,56.21937942504883,0.111968994140625,37
ai_central,2022-12-27,Cbar,58.34130096435547,58.45539474487305,0.11409378051757812,36
ai_central,2022-12-28,Cbar,60.738121032714844,60.85464859008789,0.11652755737304688,35
ai_central,2022-12-29,Cbar,63.66187286376953,63.78235626220703,0.1204833984375,34
ai_central,2022-12-30,Cbar,69.06382751464844,69.19519805908203,0.13137054443359375,33
ai_central,2022-12-31,Cbar,71.69510650634766,71.82989501953125,0.13478851318359375,32
ai_central,2023-01-01,Cbar,73.40998840332031,73.5461196899414,0.13613128662109375,31
ai_central,2023-01-02,Cbar,75.14965057373047,75.28778076171875,0.13813018798828125,30
ai_central,2023-01-03,Cbar,78.8749008178711,79.02125549316406,0.14635467529296875,29
ai_central,2023-01-04,Cbar,82.48192596435547,82.63643646240234,0.154510498046875,28
ai_central,2023-01-05,Cbar,83.43299102783203,83.58737182617188,0.15438079833984375,27
ai_central,2023-01-06,Cbar,83.53041076660156,83.68301391601562,0.1526031494140625,26
ai_central,2023-01-07,Cbar,79.34272003173828,79.48583221435547,0.1431121826171875,25
ai_central,2023-01-08,Cbar,79.3895492553711,79.53082275390625,0.14127349853515625,24
ai_central,2023-01-09,Cbar,78.67727661132812,78.81552124023438,0.13824462890625,23
ai_central,2023-01-10,Cbar,78.41633605957031,78.55229187011719,0.135955810546875,22
ai_central,2023-01-11,Cbar,78.31421661376953,78.44841766357422,0.1342010498046875,21
ai_central,2023-01-12,Cbar,78.00833892822266,78.1402359008789,0.13189697265625,20
ai_central,2023-01-13,Cbar,79.08060455322266,79.2126235961914,0.13201904296875,19
ai_central,2023-01-14,Cbar,80.25942993164062,80.39204406738281,0.1326141357421875,18
ai_central,2023-01-15,Cbar,81.45360565185547,81.58690643310547,0.13330078125,17
ai_central,2023-01-16,Cbar,82.37786102294922,82.51103210449219,0.13317108154296875,16
ai_central,2023-01-17,Cbar,83.35488891601562,83.48872375488281,0.1338348388671875,15
ai_central,2023-01-18,Cbar,85.78282165527344,85.92041778564453,0.13759613037109375,14
ai_central,2023-01-19,Cbar,88.59334564208984,88.73489379882812,0.14154815673828125,13
ai_central,2023-01-20,Cbar,93.92819213867188,94.08103942871094,0.1528472900390625,12
ai_central,2023-01-21,Cbar,95.7285385131836,95.8833999633789,0.1548614501953125,11
ai_central,2023-01-22,Cbar,98.47468566894531,98.63992309570312,0.1652374267578125,10
ai_central,2023-01-23,Cbar,99.1624984741211,99.32833099365234,0.16583251953125,9
ai_central,2023-01-24,Cbar,95.80252075195312,95.96124267578125,0.158721923828125,8
ai_central,2023-01-25,Cbar,82.00025939941406,82.13452911376953,0.13426971435546875,7
ai_central,2023-01-26,Cbar,78.96269226074219,78.95050048828125,-0.0121917724609375,6
ai_central,2023-01-27,Cbar,79.49987030029297,79.4220199584961,-0.077850341796875,5
ai_central,2023-01-28,Cbar,80.45659637451172,76.96086120605469,-3.4957351684570312,4
ai_central,2023-01-29,Cbar,81.42868041992188,71.78401947021484,-9.644660949707031,3
ai_central,2023-01-30,Cbar,82.44747924804688,69.56625366210938,-12.8812255859375,2
ai_central,2023-01-31,Cbar,83.49976348876953,70.01121520996094,-13.488548278808594,1
ai_central,2023-02-01,Cbar,84.73184204101562,70.76251983642578,-13.969322204589844,0
ai_central,2023-02-02,Cbar,74.3517837524414,71.81395721435547,-2.5378265380859375,1
ai_central,2023-02-03,Cbar,75.39122772216797,73.46255493164062,-1.9286727905273438,2
ai_central,2023-02-04,Cbar,76.27974700927734,75.10356140136719,-1.1761856079101562,3
ai_central,2023-02-05,Cbar,77.30596160888672,77.30242156982422,-0.0035400390625,4
ai_central,2023-02-06,Cbar,78.31916046142578,80.12898254394531,1.8098220825195312,5
ai_central,2023-02-07,Cbar,83.76438903808594,85.55860137939453,1.7942123413085938,6
ai_central,2023-02-08,Cbar,87.35173034667969,89.15187072753906,1.800140380859375,7
ai_central,2023-02-09,Cbar,90.87431335449219,92.7022933959961,1.8279800415039062,8
ai_central,2023-02-10,Cbar,94.50659942626953,96.39936065673828,1.89276123046875,9
ai_central,2023-02-11,Cbar,96.63409423828125,98.57083892822266,1.9367446899414062,10
ai_central,2023-02-12,Cbar,97.77189636230469,99.71080017089844,1.93890380859375,11
ai_central,2023-02-13,Cbar,98.92088317871094,100.82852935791016,1.9076461791992188,12
ai_central,2023-02-14,Cbar,92.0955810546875,93.85851287841797,1.7629318237304688,13
ai_central,2023-02-15,Cbar,90.86703491210938,92.58892822265625,1.721893310546875,14
ai_central,2023-02-16,Cbar,85.03749084472656,86.57687377929688,1.5393829345703125,15
ai_central,2023-02-17,Cbar,83.6999282836914,85.19884490966797,1.4989166259765625,16
ai_central,2023-02-18,Cbar,84.58304595947266,86.08380889892578,1.500762939453125,17
ai_central,2023-02-19,Cbar,86.41857147216797,87.96666717529297,1.548095703125,18
ai_central,2023-02-20,Cbar,90.54352569580078,92.2225570678711,1.6790313720703125,19
ai_central,2023-02-21,Cbar,98.83226776123047,100.7350082397461,1.902740478515625,20
ai_central,2023-02-22,Cbar,106.23143005371094,108.32159423828125,2.0901641845703125,21
ai_central,2023-02-23,Cbar,109.35470581054688,111.55752563476562,2.20281982421875,22
ai_central,2023-02-24,Cbar,107.80176544189453,110.0512466430664,2.249481201171875,23
ai_central,2023-02-25,Cbar,107.23542785644531,109.53258514404297,2.2971572875976562,24
ai_central,2023-02-26,Cbar,99.11221313476562,101.54598236083984,2.4337692260742188,25
ai_central,2023-02-27,Cbar,100.33629608154297,102.82547760009766,2.4891815185546875,26
ai_central,2023-02-28,Cbar,101.73693084716797,104.24200439453125,2.5050735473632812,27
ai_central,2023-03-01,Cbar,110.22427368164062,112.75570678710938,2.53143310546875,28
ai_central,2023-03-02,Cbar,124.16246032714844,125.62710571289062,1.4646453857421875,29
ai_central,2023-03-03,Cbar,143.12118530273438,144.6669464111328,1.5457611083984375,30
ai_central,2023-03-04,Cbar,182.2310791015625,183.9928741455078,1.7617950439453125,31
ai_central,2023-03-05,Cbar,230.90585327148438,232.93643188476562,2.03057861328125,32
ai_central,2023-03-06,Cbar,248.17042541503906,250.3153839111328,2.14495849609375,33
ai_central,2023-03-07,Cbar,254.53355407714844,256.7532958984375,2.2197418212890625,34
ai_central,2023-03-08,Cbar,242.41656494140625,244.56817626953125,2.151611328125,35
ai_central,2023-03-09,Cbar,269.3688659667969,271.7236633300781,2.35479736328125,36
ai_central,2023-03-10,Cbar,257.8085021972656,260.0928039550781,2.2843017578125,37
ai_central,2023-03-11,Cbar,224.55648803710938,226.5388641357422,1.9823760986328125,38
ai_central,2023-03-12,Cbar,168.21739196777344,169.7252960205078,1.507904052734375,39
ai_central,2023-03-13,Cbar,96.58837127685547,97.44751739501953,0.8591461181640625,40
ai_central,2023-03-14,Cbar,61.76481628417969,62.307430267333984,0.5426139831542969,41
ai_central,2023-03-15,Cbar,59.52365493774414,60.039886474609375,0.5162315368652344,42
ai_central,2023-03-16,Cbar,53.98917007446289,54.45136260986328,0.4621925354003906,43
ai_central,2023-03-17,Cbar,51.12792205810547,51.55936050415039,0.4314384460449219,44
ai_central,2023-03-18,Cbar,48.10691452026367,48.506351470947266,0.39943695068359375,45
ai_central,2023-03-19,Cbar,35.9335823059082,36.225975036621094,0.2923927307128906,46
ai_central,2023-03-20,Cbar,29.131595611572266,29.362064361572266,0.23046875,47
ai_central,2023-03-21,Cbar,29.278268814086914,29.503437042236328,0.22516822814941406,48
ai_central,2023-03-22,Cbar,30.294965744018555,30.522151947021484,0.2271862030029297,49
ai_central,2023-03-23,Cbar,32.96584701538086,33.21194076538086,0.24609375,50
ai_central,2023-03-24,Cbar,33.17488098144531,33.41873550415039,0.24385452270507812,51
ai_central,2023-03-25,Cbar,35.336341857910156,35.59394073486328,0.257598876953125,52
ai_central,2023-03-26,Cbar,33.193031311035156,33.43056106567383,0.23752975463867188,53
ai_central,2023-03-27,Cbar,31.727092742919922,31.949495315551758,0.22240257263183594,54
ai_central,2023-03-28,Cbar,26.704187393188477,26.886262893676758,0.18207550048828125,55
ai_central,2023-03-29,Cbar,25.748510360717773,25.919729232788086,0.1712188720703125,56
ai_central,2023-03-30,Cbar,27.199676513671875,27.379013061523438,0.1793365478515625,57
ai_central,2023-03-31,Cbar,27.129425048828125,27.312265396118164,0.18284034729003906,58
ai_central,2023-04-01,Cbar,31.5307559967041,31.721654891967773,0.19089889526367188,59
ai_central,2023-04-02,Cbar,39.40492630004883,39.65735626220703,0.2524299621582031,60
ai_central,2023-04-03,Cbar,39.03570556640625,39.28535461425781,0.2496490478515625,61
ai_central,2023-04-04,Cbar,43.3507194519043,43.63494110107422,0.2842216491699219,62
ai_central,2023-04-05,Cbar,28.575498580932617,28.76468276977539,0.18918418884277344,63
ai_central,2023-04-06,Cbar,23.644750595092773,23.80142593383789,0.1566753387451172,64
ai_central,2023-04-07,Cbar,23.987646102905273,24.1423282623291,0.15468215942382812,65
ai_central,2023-04-08,Cbar,22.448562622070312,22.588407516479492,0.1398448944091797,66
ai_central,2023-04-09,Cbar,21.214019775390625,21.34385108947754,0.12983131408691406,67
ai_central,2023-04-10,Cbar,21.34612274169922,21.471332550048828,0.12520980834960938,68
ai_central,2023-04-11,Cbar,22.83324432373047,22.945980072021484,0.11273574829101562,69
ai_central,2023-04-12,Cbar,35.22610092163086,35.43281555175781,0.20671463012695312,70
ai_central,2023-04-13,Cbar,18.886428833007812,18.965747833251953,0.07931900024414062,71
ai_central,2024-03-28,Cbar,0.0,0.6636912822723389,0.6636912822723389,3
ai_central,2024-03-29,Cbar,0.0,1.0577278137207031,1.0577278137207031,2
ai_central,2024-03-30,Cbar,0.0,1.2724602222442627,1.2724602222442627,1
ai_central,2024-03-31,Cbar,0.0,1.3993593454360962,1.3993593454360962,0
ai_central,2024-04-01,Cbar,0.7627193927764893,1.6542953252792358,0.8915759325027466,1
ai_central,2024-04-02,Cbar,1.5639835596084595,2.4458260536193848,0.8818424940109253,2
ai_central,2024-04-03,Cbar,2.3464791774749756,3.226686716079712,0.8802075386047363,3
ai_central,2024-04-04,Cbar,3.0273854732513428,3.9070401191711426,0.8796546459197998,4
ai_central,2024-04-05,Cbar,3.679597854614258,4.597894191741943,0.9182963371276855,5
ai_central,2024-04-06,Cbar,4.353067398071289,5.379648208618164,1.026580810546875,6
ai_central,2024-04-07,Cbar,5.044898509979248,6.071479797363281,1.0265812873840332,7
ai_central,2024-04-08,Cbar,5.284757614135742,6.226743221282959,0.9419856071472168,8
ai_central,2024-04-09,Cbar,4.644577503204346,5.351500988006592,0.7069234848022461,9
ai_central,2024-04-10,Cbar,5.014338970184326,5.679316520690918,0.6649775505065918,10
ai_central,2024-04-11,Cbar,5.416175842285156,6.0444231033325195,0.6282472610473633,11
ai_central,2024-04-12,Cbar,5.8249382972717285,6.420456409454346,0.5955181121826172,12
ai_central,2024-04-13,Cbar,6.6901469230651855,7.2856645584106445,0.595517635345459,13
ai_central,2024-04-14,Cbar,7.286337375640869,7.998438835144043,0.7121014595031738,14
ai_central,2024-04-15,Cbar,8.19460678100586,8.911754608154297,0.7171478271484375,15
ai_central,2024-04-16,Cbar,8.855974197387695,9.573121070861816,0.7171468734741211,16
ai_central,2024-04-17,Cbar,4.765499114990234,5.096850872039795,0.33135175704956055,17
ai_central,2024-04-18,Cbar,3.723966598510742,3.928940773010254,0.20497417449951172,18
ai_central,2024-04-19,Cbar,4.057689189910889,4.132702827453613,0.07501363754272461,19
ai_central,2024-04-20,Cbar,5.168820381164551,5.243834495544434,0.07501411437988281,20
ai_central,2024-04-21,Cbar,6.036017894744873,6.111032009124756,0.07501411437988281,21
ai_central,2024-04-22,Cbar,6.850374698638916,6.925388813018799,0.07501411437988281,22
ai_central,2026-06-07,Cbar,0.0,0.9094786643981934,0.9094786643981934,1
ai_central,2026-06-08,Cbar,0.0,1.8730459213256836,1.8730459213256836,0
ai_central,2026-06-09,Cbar,0.0,2.9099674224853516,2.9099674224853516,1
ai_central,2026-06-10,Cbar,0.0,3.939847469329834,3.939847469329834,2
ai_central,2026-06-11,Cbar,0.0,4.952226638793945,4.952226638793945,3
ai_east,2021-09-03,Cbar,12.372443199157715,10.31467342376709,-2.057769775390625,4
ai_east,2021-09-04,Cbar,14.214632987976074,10.040298461914062,-4.174334526062012,3
ai_east,2021-09-05,Cbar,16.1235408782959,10.891009330749512,-5.232531547546387,2
ai_east,2021-09-06,Cbar,18.100627899169922,12.397176742553711,-5.703451156616211,1
ai_east,2021-09-07,Cbar,18.194717407226562,13.100556373596191,-5.094161033630371,0
ai_east,2021-09-08,Cbar,11.400327682495117,13.665589332580566,2.265261650085449,1
ai_east,2021-09-09,Cbar,13.141260147094727,15.457357406616211,2.3160972595214844,2
ai_east,2021-09-10,Cbar,14.86808967590332,16.97784996032715,2.109760284423828,3
ai_east,2021-09-11,Cbar,16.516462326049805,19.04570960998535,2.529247283935547,4
ai_east,2021-09-12,Cbar,17.96609878540039,20.400484085083008,2.434385299682617,5
ai_east,2021-09-13,Cbar,25.890995025634766,28.17497444152832,2.2839794158935547,6
ai_east,2021-09-14,Cbar,29.13937759399414,31.375816345214844,2.236438751220703,7
ai_east,2021-09-15,Cbar,33.07004165649414,35.46794128417969,2.397899627685547,8
ai_east,2021-09-16,Cbar,33.314151763916016,35.390602111816406,2.0764503479003906,9
ai_east,2021-09-17,Cbar,29.37314224243164,31.681455612182617,2.3083133697509766,10
ai_east,2021-09-18,Cbar,30.843717575073242,33.15203094482422,2.3083133697509766,11
ai_east,2021-09-19,Cbar,33.20273208618164,35.71931838989258,2.5165863037109375,12
ai_east,2021-09-20,Cbar,34.46247100830078,36.97905731201172,2.5165863037109375,13
ai_east,2022-10-19,Cbar,52.069183349609375,53.20664596557617,1.1374626159667969,0
ai_east,2022-10-20,Cbar,44.576141357421875,45.52354431152344,0.9474029541015625,1
ai_east,2022-10-21,Cbar,28.01778793334961,28.586809158325195,0.5690212249755859,2
ai_east,2022-10-22,Cbar,29.30317497253418,29.8721981048584,0.5690231323242188,3
ai_east,2022-10-23,Cbar,27.995454788208008,28.512819290161133,0.517364501953125,4
ai_east,2022-10-24,Cbar,29.407670974731445,29.92503547668457,0.517364501953125,5
ai_east,2022-10-25,Cbar,30.750106811523438,31.267471313476562,0.517364501953125,6
ai_east,2022-10-26,Cbar,32.043121337890625,32.56048583984375,0.517364501953125,7
ai_east,2022-10-27,Cbar,33.36686325073242,33.88422775268555,0.517364501953125,8
ai_east,2022-10-28,Cbar,40.207435607910156,40.839935302734375,0.6324996948242188,9
ai_east,2022-10-29,Cbar,45.17702865600586,45.88848876953125,0.7114601135253906,10
ai_east,2022-10-30,Cbar,46.387786865234375,47.099246978759766,0.7114601135253906,11
ai_east,2022-10-31,Cbar,47.65144348144531,48.3629035949707,0.7114601135253906,12
ai_east,2022-11-01,Cbar,43.571529388427734,44.203670501708984,0.63214111328125,13
ai_east,2022-11-02,Cbar,27.564088821411133,27.944284439086914,0.38019561767578125,14
ai_east,2022-11-03,Cbar,25.755126953125,26.090972900390625,0.335845947265625,15
ai_east,2022-11-04,Cbar,27.15520668029785,27.491052627563477,0.335845947265625,16
ai_east,2022-11-05,Cbar,28.553495407104492,28.889341354370117,0.335845947265625,17
ai_east,2022-11-06,Cbar,26.86304473876953,27.163644790649414,0.3006000518798828,18
ai_east,2022-11-07,Cbar,28.16378402709961,28.46438217163086,0.30059814453125,19
ai_east,2022-11-08,Cbar,30.624147415161133,30.941484451293945,0.3173370361328125,20
ai_east,2022-11-09,Cbar,31.973098754882812,32.290435791015625,0.3173370361328125,21
ai_east,2022-11-10,Cbar,33.413848876953125,33.73118591308594,0.3173370361328125,22
ai_east,2022-11-11,Cbar,35.91843795776367,36.25458908081055,0.336151123046875,23
ai_east,2022-11-12,Cbar,45.423057556152344,45.86213684082031,0.43907928466796875,24
ai_east,2022-11-13,Cbar,49.44187545776367,49.917198181152344,0.4753227233886719,25
ai_east,2022-11-14,Cbar,49.06113052368164,49.5199089050293,0.45877838134765625,26
ai_east,2022-11-15,Cbar,50.03213882446289,50.49091339111328,0.4587745666503906,27
ai_east,2022-11-16,Cbar,51.04806900024414,51.5068473815918,0.45877838134765625,28
ai_east,2022-11-17,Cbar,47.56172561645508,47.978736877441406,0.4170112609863281,29
ai_east,2022-11-18,Cbar,44.78803253173828,45.17008590698242,0.3820533752441406,30
ai_east,2022-11-19,Cbar,39.5129508972168,39.84026336669922,0.3273124694824219,31
ai_east,2022-11-20,Cbar,27.57142448425293,27.790088653564453,0.21866416931152344,32
ai_east,2022-11-21,Cbar,26.380830764770508,26.58052635192871,0.19969558715820312,33
ai_east,2022-11-22,Cbar,23.693355560302734,23.86382484436035,0.1704692840576172,34
ai_east,2022-11-23,Cbar,19.460838317871094,19.592885971069336,0.1320476531982422,35
ai_east,2022-11-24,Cbar,11.757615089416504,11.830310821533203,0.07269573211669922,36
ai_east,2022-11-25,Cbar,10.099985122680664,10.156140327453613,0.05615520477294922,37
ai_east,2022-11-26,Cbar,10.61850643157959,10.670916557312012,0.052410125732421875,38
ai_east,2022-11-27,Cbar,11.107609748840332,11.156726837158203,0.049117088317871094,39
ai_east,2022-11-28,Cbar,11.55767822265625,11.6038818359375,0.04620361328125,40
ai_east,2022-11-29,Cbar,11.240042686462402,11.280287742614746,0.04024505615234375,41
ai_east,2022-11-30,Cbar,11.330567359924316,11.366822242736816,0.0362548828125,42
ai_east,2022-12-01,Cbar,10.931608200073242,10.962862014770508,0.031253814697265625,43
ai_east,2022-12-02,Cbar,11.335302352905273,11.364251136779785,0.02894878387451172,44
ai_east,2022-12-03,Cbar,11.864553451538086,11.891667366027832,0.027113914489746094,45
ai_east,2022-12-04,Cbar,12.624659538269043,12.650595664978027,0.025936126708984375,46
ai_east,2022-12-05,Cbar,13.333832740783691,13.358566284179688,0.024733543395996094,47
ai_east,2022-12-06,Cbar,14.64731216430664,14.672045707702637,0.024733543395996094,48
ai_east,2022-12-07,Cbar,15.963348388671875,15.988080978393555,0.024732589721679688,49
ai_east,2022-12-08,Cbar,17.28376579284668,17.308759689331055,0.024993896484375,50
ai_east,2022-12-09,Cbar,18.02621841430664,18.05032730102539,0.02410888671875,51
ai_east,2022-12-10,Cbar,19.176105499267578,19.20009422302246,0.023988723754882812,52
ai_east,2022-12-11,Cbar,20.22713851928711,20.250776290893555,0.023637771606445312,52
ai_east,2022-12-12,Cbar,21.62484359741211,21.648481369018555,0.023637771606445312,51
ai_east,2022-12-13,Cbar,23.067840576171875,23.091476440429688,0.0236358642578125,50
ai_east,2022-12-14,Cbar,24.572471618652344,24.59622573852539,0.023754119873046875,49
ai_east,2022-12-15,Cbar,25.88607406616211,25.909826278686523,0.023752212524414062,48
ai_east,2022-12-16,Cbar,27.274646759033203,27.298524856567383,0.023878097534179688,47
ai_east,2022-12-17,Cbar,25.687423706054688,25.708839416503906,0.02141571044921875,46
ai_east,2022-12-18,Cbar,25.043344497680664,25.063201904296875,0.019857406616210938,45
ai_east,2022-12-19,Cbar,24.970563888549805,24.989349365234375,0.018785476684570312,44
ai_east,2022-12-20,Cbar,25.02133560180664,25.03908920288086,0.01775360107421875,43
ai_east,2022-12-21,Cbar,25.968002319335938,25.98531150817871,0.017309188842773438,42
ai_east,2022-12-22,Cbar,28.01749038696289,28.035154342651367,0.017663955688476562,41
ai_east,2022-12-23,Cbar,29.5011043548584,29.518640518188477,0.017536163330078125,40
ai_east,2022-12-24,Cbar,31.09995460510254,31.11748695373535,0.0175323486328125,39
ai_east,2022-12-25,Cbar,35.92568588256836,35.945438385009766,0.01975250244140625,38
ai_east,2022-12-26,Cbar,38.01332092285156,38.0333137512207,0.019992828369140625,37
ai_east,2022-12-27,Cbar,39.998985290527344,40.019142150878906,0.0201568603515625,36
ai_east,2022-12-28,Cbar,41.945274353027344,41.965606689453125,0.02033233642578125,35
ai_east,2022-12-29,Cbar,43.54822540283203,43.56855392456055,0.020328521728515625,34
ai_east,2022-12-30,Cbar,45.538917541503906,45.559505462646484,0.020587921142578125,33
ai_east,2022-12-31,Cbar,47.6583366394043,47.679283142089844,0.020946502685546875,32
ai_east,2023-01-01,Cbar,49.19056701660156,49.21151351928711,0.020946502685546875,31
ai_east,2023-01-02,Cbar,51.65883255004883,51.68033981323242,0.02150726318359375,30
ai_east,2023-01-03,Cbar,53.5616455078125,53.58344268798828,0.02179718017578125,29
ai_east,2023-01-04,Cbar,56.27883529663086,56.30155944824219,0.022724151611328125,28
ai_east,2023-01-05,Cbar,58.04341506958008,58.06646728515625,0.023052215576171875,27
ai_east,2023-01-06,Cbar,59.44499588012695,59.46805191040039,0.0230560302734375,26
ai_east,2023-01-07,Cbar,60.84404373168945,60.867095947265625,0.023052215576171875,25
ai_east,2023-01-08,Cbar,62.28874206542969,62.311912536621094,0.02317047119140625,24
ai_east,2023-01-09,Cbar,62.781982421875,62.80482482910156,0.0228424072265625,23
ai_east,2023-01-10,Cbar,62.44875717163086,62.47097396850586,0.022216796875,22
ai_east,2023-01-11,Cbar,62.716461181640625,62.73827362060547,0.02181243896484375,21
ai_east,2023-01-12,Cbar,64.10526275634766,64.1270751953125,0.02181243896484375,20
ai_east,2023-01-13,Cbar,65.5061264038086,65.52793884277344,0.02181243896484375,19
ai_east,2023-01-14,Cbar,67.20512390136719,67.22713470458984,0.02201080322265625,18
ai_east,2023-01-15,Cbar,68.82795715332031,68.85017395019531,0.022216796875,17
ai_east,2023-01-16,Cbar,70.31513977050781,70.33745574951172,0.02231597900390625,16
ai_east,2023-01-17,Cbar,71.63771057128906,71.6600341796875,0.0223236083984375,15
ai_east,2023-01-18,Cbar,73.24189758300781,73.26432037353516,0.02242279052734375,14
ai_east,2023-01-19,Cbar,74.81683349609375,74.83936309814453,0.02252960205078125,13
ai_east,2023-01-20,Cbar,76.35633087158203,76.37895965576172,0.0226287841796875,12
ai_east,2023-01-21,Cbar,77.5792007446289,77.6018295288086,0.0226287841796875,11
ai_east,2023-01-22,Cbar,79.82372283935547,79.84703063964844,0.02330780029296875,10
ai_east,2023-01-23,Cbar,80.56297302246094,80.58616638183594,0.023193359375,9
ai_east,2023-01-24,Cbar,79.17130279541016,79.19374084472656,0.02243804931640625,8
ai_east,2023-01-25,Cbar,78.63240051269531,78.65432739257812,0.0219268798828125,7
ai_east,2023-01-26,Cbar,78.86433410644531,78.88597106933594,0.021636962890625,6
ai_east,2023-01-27,Cbar,77.14307403564453,77.16390228271484,0.0208282470703125,5
ai_east,2023-01-28,Cbar,78.3244400024414,67.80914306640625,-10.515296936035156,4
ai_east,2023-01-29,Cbar,79.6126937866211,60.323787689208984,-19.28890609741211,3
ai_east,2023-01-30,Cbar,80.99516296386719,56.846435546875,-24.148727416992188,2
ai_east,2023-01-31,Cbar,82.39096069335938,56.79448318481445,-25.596477508544922,1
ai_east,2023-02-01,Cbar,82.39096069335938,57.719390869140625,-24.67156982421875,0
ai_east,2023-02-02,Cbar,60.07683181762695,58.95749282836914,-1.1193389892578125,1
ai_east,2023-02-03,Cbar,61.32082748413086,60.34572982788086,-0.97509765625,2
ai_east,2023-02-04,Cbar,62.54556655883789,61.720069885253906,-0.8254966735839844,3
ai_east,2023-02-05,Cbar,63.76780700683594,63.9128532409668,0.14504623413085938,4
ai_east,2023-02-06,Cbar,64.95614624023438,67.00688171386719,2.0507354736328125,5
ai_east,2023-02-07,Cbar,70.35980224609375,72.3344955444336,1.9746932983398438,6
ai_east,2023-02-08,Cbar,79.06155395507812,80.81874084472656,1.7571868896484375,7
ai_east,2023-02-09,Cbar,82.32701873779297,84.0406723022461,1.713653564453125,8
ai_east,2023-02-10,Cbar,85.34920501708984,86.99594116210938,1.6467361450195312,9
ai_east,2023-02-11,Cbar,87.090087890625,88.72759246826172,1.6375045776367188,10
ai_east,2023-02-12,Cbar,89.44591522216797,91.07970428466797,1.6337890625,11
ai_east,2023-02-13,Cbar,93.97122955322266,95.58131408691406,1.6100845336914062,12
ai_east,2023-02-14,Cbar,97.66502380371094,99.26585388183594,1.600830078125,13
ai_east,2023-02-15,Cbar,98.57262420654297,100.1734619140625,1.6008377075195312,14
ai_east,2023-02-16,Cbar,96.20114135742188,97.74720764160156,1.5460662841796875,15
ai_east,2023-02-17,Cbar,93.0454330444336,94.5228042602539,1.4773712158203125,16
ai_east,2023-02-18,Cbar,94.19017028808594,95.66754150390625,1.4773712158203125,17
ai_east,2023-02-19,Cbar,95.30467987060547,96.78205108642578,1.4773712158203125,18
ai_east,2023-02-20,Cbar,96.04293060302734,97.51436614990234,1.471435546875,19
ai_east,2023-02-21,Cbar,96.83393859863281,98.29951477050781,1.465576171875,20
ai_east,2023-02-22,Cbar,104.61678314208984,106.02342987060547,1.406646728515625,21
ai_east,2023-02-23,Cbar,108.39271545410156,109.76544952392578,1.3727340698242188,22
ai_east,2023-02-24,Cbar,109.56925964355469,110.9419937133789,1.3727340698242188,23
ai_east,2023-02-25,Cbar,110.254638671875,111.6209487915039,1.3663101196289062,24
ai_east,2023-02-26,Cbar,111.45072174072266,112.81703186035156,1.3663101196289062,25
ai_east,2023-02-27,Cbar,113.20191955566406,114.57471466064453,1.3727951049804688,26
ai_east,2023-02-28,Cbar,114.64091491699219,116.01515197753906,1.374237060546875,27
ai_east,2023-03-01,Cbar,116.62560272216797,117.9957275390625,1.3701248168945312,28
ai_east,2023-03-02,Cbar,122.54327392578125,123.94792938232422,1.4046554565429688,29
ai_east,2023-03-03,Cbar,127.14474487304688,128.59182739257812,1.44708251953125,30
ai_east,2023-03-04,Cbar,132.0269775390625,133.48629760742188,1.459320068359375,31
ai_east,2023-03-05,Cbar,131.9794464111328,133.44058227539062,1.4611358642578125,32
ai_east,2023-03-06,Cbar,138.46311950683594,139.94345092773438,1.4803314208984375,33
ai_east,2023-03-07,Cbar,142.30184936523438,143.80821228027344,1.5063629150390625,34
ai_east,2023-03-08,Cbar,146.62733459472656,148.17727661132812,1.5499420166015625,35
ai_east,2023-03-09,Cbar,151.2352294921875,152.7985076904297,1.5632781982421875,36
ai_east,2023-03-10,Cbar,121.53739929199219,122.83528137207031,1.297882080078125,37
ai_east,2023-03-11,Cbar,89.99288177490234,90.95429229736328,0.9614105224609375,38
ai_east,2023-03-12,Cbar,66.07974243164062,66.77384948730469,0.6941070556640625,39
ai_east,2023-03-13,Cbar,67.23229217529297,67.92639923095703,0.6941070556640625,40
ai_east,2023-03-14,Cbar,55.74026870727539,56.304962158203125,0.5646934509277344,41
ai_east,2023-03-15,Cbar,51.09575271606445,51.603416442871094,0.5076637268066406,42
ai_east,2023-03-16,Cbar,54.740962982177734,55.279056549072266,0.5380935668945312,43
ai_east,2023-03-17,Cbar,56.15510940551758,56.69795227050781,0.5428428649902344,44
ai_east,2023-03-18,Cbar,57.08342742919922,57.62627029418945,0.5428428649902344,45
ai_east,2023-03-19,Cbar,56.469459533691406,56.997920989990234,0.5284614562988281,46
ai_east,2023-03-20,Cbar,39.08775329589844,39.44440460205078,0.35665130615234375,47
ai_east,2023-03-21,Cbar,39.886661529541016,40.24121856689453,0.3545570373535156,48
ai_east,2023-03-22,Cbar,40.85895538330078,41.21351623535156,0.35456085205078125,49
ai_east,2023-03-23,Cbar,41.88539123535156,42.23994827270508,0.3545570373535156,50
ai_east,2023-03-24,Cbar,43.14728927612305,43.50185012817383,0.35456085205078125,51
ai_east,2023-03-25,Cbar,45.636417388916016,46.001708984375,0.3652915954589844,52
ai_east,2023-03-26,Cbar,61.31587600708008,61.819576263427734,0.5037002563476562,53
ai_east,2023-03-27,Cbar,66.44602966308594,66.990966796875,0.5449371337890625,54
ai_east,2023-03-28,Cbar,66.32205963134766,66.85758209228516,0.5355224609375,55
ai_east,2023-03-29,Cbar,70.15036010742188,70.72257232666016,0.5722122192382812,56
ai_east,2023-03-30,Cbar,62.700958251953125,63.204383850097656,0.5034255981445312,57
ai_east,2023-03-31,Cbar,62.012908935546875,62.5026741027832,0.4897651672363281,58
ai_east,2023-04-01,Cbar,59.63216018676758,60.09634780883789,0.4641876220703125,59
ai_east,2023-04-02,Cbar,61.94348907470703,62.430992126464844,0.4875030517578125,60
ai_east,2023-04-03,Cbar,56.78853225708008,57.22904968261719,0.4405174255371094,61
ai_east,2023-04-04,Cbar,52.79091262817383,53.19287872314453,0.4019660949707031,62
ai_east,2023-04-05,Cbar,53.78533935546875,54.18730163574219,0.4019622802734375,63
ai_east,2023-04-06,Cbar,55.745426177978516,56.15647888183594,0.4110527038574219,64
ai_east,2023-04-07,Cbar,56.691612243652344,57.102664947509766,0.4110527038574219,65
ai_east,2023-04-08,Cbar,58.58217239379883,59.00267791748047,0.4205055236816406,66
ai_east,2023-04-09,Cbar,59.718997955322266,60.12714385986328,0.4081459045410156,67
ai_east,2023-04-10,Cbar,60.70994567871094,61.120670318603516,0.4107246398925781,68
ai_east,2023-04-11,Cbar,62.9962158203125,63.4247932434082,0.4285774230957031,69
ai_east,2023-04-12,Cbar,65.47225189208984,65.9245376586914,0.4522857666015625,70
ai_east,2023-04-13,Cbar,61.88850021362305,62.29903030395508,0.41053009033203125,71
ai_east,2023-04-14,Cbar,60.74540328979492,61.132911682128906,0.3875083923339844,72
ai_east,2023-04-15,Cbar,103.39129638671875,104.13284301757812,0.741546630859375,73
ai_east,2023-04-16,Cbar,106.86489868164062,107.63135528564453,0.7664566040039062,74
ai_east,2023-04-17,Cbar,92.56987762451172,93.22740936279297,0.65753173828125,75
ai_east,2023-04-18,Cbar,56.741214752197266,57.1376953125,0.3964805603027344,76
ai_east,2023-04-19,Cbar,50.77393341064453,51.121883392333984,0.3479499816894531,77
ai_east,2023-04-20,Cbar,37.11637496948242,37.364620208740234,0.2482452392578125,78
ai_east,2023-04-21,Cbar,35.7963981628418,36.02951431274414,0.23311614990234375,79
ai_east,2023-04-22,Cbar,26.489778518676758,26.655729293823242,0.16595077514648438,80
ai_east,2023-04-23,Cbar,27.65782928466797,27.823780059814453,0.16595077514648438,81
ai_east,2023-04-24,Cbar,28.883384704589844,29.049333572387695,0.16594886779785156,82
ai_east,2023-04-25,Cbar,30.236949920654297,30.405298233032227,0.1683483123779297,83
ai_east,2023-04-26,Cbar,30.192607879638672,30.352445602416992,0.1598377227783203,84
ai_east,2023-04-27,Cbar,40.550960540771484,40.76811218261719,0.21715164184570312,85
ai_east,2023-04-28,Cbar,43.32795333862305,43.55559158325195,0.22763824462890625,86
ai_east,2023-04-29,Cbar,53.535858154296875,53.83287048339844,0.2970123291015625,87
ai_east,2023-04-30,Cbar,54.75442123413086,55.04719924926758,0.29277801513671875,88
ai_east,2023-05-01,Cbar,44.35506057739258,44.55692672729492,0.20186614990234375,89
ai_east,2023-05-02,Cbar,35.70853805541992,35.832618713378906,0.12408065795898438,90
ai_west,2021-09-01,Cbar,43.9837532043457,43.9438362121582,-0.0399169921875,6
ai_west,2021-09-02,Cbar,44.217350006103516,44.22389602661133,0.0065460205078125,5
ai_west,2021-09-03,Cbar,46.51709747314453,45.872589111328125,-0.6445083618164062,4
ai_west,2021-09-04,Cbar,48.78129196166992,47.88911437988281,-0.8921775817871094,3
ai_west,2021-09-05,Cbar,51.091224670410156,50.12600326538086,-0.9652214050292969,2
ai_west,2021-09-06,Cbar,53.54058074951172,52.56874084472656,-0.9718399047851562,1
ai_west,2021-09-07,Cbar,57.9213981628418,55.2024040222168,-2.718994140625,0
ai_west,2021-09-08,Cbar,59.439292907714844,58.119083404541016,-1.3202095031738281,1
ai_west,2021-09-09,Cbar,61.985107421875,60.62228775024414,-1.3628196716308594,2
ai_west,2021-09-10,Cbar,64.34415435791016,64.93968963623047,0.5955352783203125,3
ai_west,2021-09-11,Cbar,66.34964752197266,69.0782470703125,2.7285995483398438,4
ai_west,2021-09-12,Cbar,68.35693359375,71.26688385009766,2.9099502563476562,5
ai_west,2021-09-13,Cbar,69.96098327636719,72.74811553955078,2.7871322631835938,6
ai_west,2021-09-14,Cbar,70.48593139648438,73.27430725097656,2.7883758544921875,7
ai_west,2021-09-15,Cbar,71.65162658691406,74.40904998779297,2.7574234008789062,8
ai_west,2021-09-16,Cbar,73.5506362915039,76.33738708496094,2.7867507934570312,9
ai_west,2021-09-17,Cbar,74.75405883789062,77.55175018310547,2.7976913452148438,10
ai_west,2021-09-18,Cbar,78.09378814697266,80.90046691894531,2.8066787719726562,11
ai_west,2021-09-19,Cbar,80.48699188232422,83.32994079589844,2.8429489135742188,12
ai_west,2021-09-20,Cbar,82.19083404541016,85.0533447265625,2.8625106811523438,13
ai_west,2021-09-21,Cbar,86.72821044921875,89.49205017089844,2.7638397216796875,14
ai_west,2021-09-22,Cbar,81.10980224609375,83.67471313476562,2.564910888671875,15
ai_west,2021-09-23,Cbar,82.1656494140625,84.66718292236328,2.5015335083007812,16
ai_west,2021-09-24,Cbar,82.84785461425781,85.31800079345703,2.4701461791992188,17
ai_west,2021-09-25,Cbar,84.12039947509766,86.50788116455078,2.387481689453125,18
ai_west,2021-09-26,Cbar,84.78327178955078,86.98292541503906,2.1996536254882812,19
ai_west,2021-09-27,Cbar,87.52366638183594,89.75080108642578,2.2271347045898438,20
ai_west,2021-09-28,Cbar,88.93563079833984,91.15990447998047,2.224273681640625,21
ai_west,2021-09-29,Cbar,90.25190734863281,92.47203826904297,2.2201309204101562,22
ai_west,2021-09-30,Cbar,96.61035919189453,98.9925537109375,2.3821945190429688,23
ai_west,2021-10-01,Cbar,96.13972473144531,98.47247314453125,2.3327484130859375,24
ai_west,2021-10-02,Cbar,97.68130493164062,100.00135040283203,2.3200454711914062,25
ai_west,2021-10-03,Cbar,86.71007537841797,88.81451416015625,2.1044387817382812,26
ai_west,2021-10-04,Cbar,84.0972900390625,86.16598510742188,2.068695068359375,27
ai_west,2021-10-05,Cbar,84.38392639160156,86.41020965576172,2.0262832641601562,28
ai_west,2021-10-06,Cbar,74.1953353881836,75.93711853027344,1.7417831420898438,29
ai_west,2021-10-07,Cbar,74.21001434326172,75.90894317626953,1.6989288330078125,30
ai_west,2021-10-08,Cbar,79.00595092773438,80.78630828857422,1.7803573608398438,31
ai_west,2021-10-09,Cbar,80.53895568847656,82.32817840576172,1.7892227172851562,32
ai_west,2021-10-10,Cbar,83.83995819091797,85.60723114013672,1.76727294921875,33
ai_west,2021-10-11,Cbar,85.31929779052734,87.0509033203125,1.7316055297851562,34
ai_west,2021-10-12,Cbar,94.2841567993164,96.07889556884766,1.79473876953125,35
ai_west,2021-10-13,Cbar,94.7995376586914,96.55522155761719,1.7556838989257812,36
ai_west,2021-10-14,Cbar,96.7109603881836,98.4734115600586,1.762451171875,37
ai_west,2021-10-15,Cbar,101.723388671875,103.50761413574219,1.7842254638671875,38
ai_west,2021-10-16,Cbar,98.40155029296875,100.1043930053711,1.7028427124023438,39
ai_west,2021-10-17,Cbar,91.63756561279297,93.17457580566406,1.5370101928710938,40
ai_west,2021-10-18,Cbar,90.2777328491211,91.75146484375,1.4737319946289062,41
ai_west,2021-10-19,Cbar,82.21712493896484,83.54012298583984,1.322998046875,42
ai_west,2021-10-20,Cbar,83.49658203125,84.819580078125,1.322998046875,43
ai_west,2021-10-21,Cbar,92.87904357910156,94.38726806640625,1.5082244873046875,44
ai_west,2021-10-22,Cbar,113.05350494384766,114.98441314697266,1.930908203125,45
ai_west,2021-10-23,Cbar,131.2410888671875,133.48524475097656,2.2441558837890625,46
ai_west,2022-10-15,Cbar,13.767630577087402,6.329923152923584,-7.437707424163818,4
ai_west,2022-10-16,Cbar,14.963744163513184,7.524129867553711,-7.439614295959473,3
ai_west,2022-10-17,Cbar,16.15628433227539,8.72445297241211,-7.431831359863281,2
ai_west,2022-10-18,Cbar,17.276165008544922,9.84775161743164,-7.428413391113281,1
ai_west,2022-10-19,Cbar,17.577478408813477,10.874180793762207,-6.7032976150512695,0
ai_west,2022-10-20,Cbar,4.866193771362305,9.461753845214844,4.595560073852539,1
ai_west,2022-10-21,Cbar,5.1398138999938965,9.236090660095215,4.096276760101318,2
ai_west,2022-10-22,Cbar,4.880599498748779,8.212512969970703,3.331913471221924,3
ai_west,2022-10-23,Cbar,2.976621150970459,4.519734859466553,1.5431137084960938,4
ai_west,2022-10-24,Cbar,2.500706195831299,3.364561080932617,0.8638548851013184,5
ai_west,2022-10-25,Cbar,2.8592700958251953,3.4668211936950684,0.607551097869873,6
ai_west,2022-10-26,Cbar,3.9347751140594482,4.521200180053711,0.5864250659942627,7
ai_west,2022-10-27,Cbar,4.900166988372803,5.45742654800415,0.5572595596313477,8
ai_west,2022-10-28,Cbar,5.96690559387207,6.524165153503418,0.5572595596313477,9
ai_west,2022-10-29,Cbar,6.995713710784912,7.552973747253418,0.5572600364685059,10
ai_west,2022-10-30,Cbar,7.419691562652588,7.9290242195129395,0.5093326568603516,11
ai_west,2022-10-31,Cbar,5.564779758453369,5.874107360839844,0.3093276023864746,12
ai_west,2022-11-01,Cbar,4.7512431144714355,4.954860210418701,0.20361709594726562,13
ai_west,2022-11-02,Cbar,5.258545875549316,5.437599182128906,0.17905330657958984,14
ai_west,2022-11-03,Cbar,5.344034671783447,5.489304542541504,0.14526987075805664,15
ai_west,2022-11-04,Cbar,5.6171369552612305,5.739069938659668,0.1219329833984375,16
ai_west,2022-11-05,Cbar,6.107273578643799,6.214164733886719,0.10689115524291992,17
ai_west,2022-11-06,Cbar,7.133120536804199,7.239407539367676,0.10628700256347656,18
ai_west,2022-11-07,Cbar,7.275550842285156,7.367955684661865,0.09240484237670898,19
ai_west,2022-11-08,Cbar,8.03602123260498,8.12424373626709,0.08822250366210938,20
ai_west,2022-11-09,Cbar,8.934324264526367,9.0216703414917,0.08734607696533203,21
ai_west,2022-11-10,Cbar,9.777403831481934,9.862479209899902,0.08507537841796875,22
ai_west,2022-11-11,Cbar,10.667801856994629,10.751651763916016,0.08384990692138672,23
ai_west,2022-11-12,Cbar,11.291950225830078,11.373016357421875,0.08106613159179688,24
ai_west,2022-11-13,Cbar,11.311328887939453,11.385358810424805,0.07402992248535156,25
ai_west,2022-11-14,Cbar,12.010852813720703,12.082765579223633,0.07191276550292969,26
ai_west,2022-11-15,Cbar,12.257614135742188,12.328357696533203,0.07074356079101562,27
ai_west,2022-11-16,Cbar,13.17187786102295,13.24139404296875,0.06951618194580078,28
ai_west,2022-11-17,Cbar,14.251504898071289,14.321309089660645,0.06980419158935547,29
ai_west,2022-11-18,Cbar,15.418647766113281,15.489154815673828,0.07050704956054688,30
ai_west,2022-11-19,Cbar,16.558958053588867,16.631059646606445,0.07210159301757812,31
ai_west,2022-11-20,Cbar,17.18087387084961,17.252159118652344,0.07128524780273438,32
ai_west,2022-11-21,Cbar,17.359294891357422,17.42698097229004,0.06768608093261719,33
ai_west,2022-11-22,Cbar,17.33357048034668,17.396961212158203,0.06339073181152344,34
ai_west,2022-11-23,Cbar,17.474822998046875,17.534770965576172,0.059947967529296875,35
ai_west,2022-11-24,Cbar,17.9124813079834,17.970054626464844,0.05757331848144531,36
ai_west,2022-11-25,Cbar,18.87268829345703,18.929786682128906,0.057098388671875,37
ai_west,2022-11-26,Cbar,19.23566246032715,19.290691375732422,0.05502891540527344,38
ai_west,2022-11-27,Cbar,19.90108871459961,19.95561408996582,0.05452537536621094,39
ai_west,2022-11-28,Cbar,20.65401268005371,20.70737648010254,0.053363800048828125,40
ai_west,2022-11-29,Cbar,21.31780242919922,21.369808197021484,0.052005767822265625,41
ai_west,2022-11-30,Cbar,21.365833282470703,21.415016174316406,0.049182891845703125,42
ai_west,2022-12-01,Cbar,22.051712036132812,22.099390029907227,0.04767799377441406,43
ai_west,2022-12-02,Cbar,22.92765998840332,22.974037170410156,0.04637718200683594,44
ai_west,2022-12-03,Cbar,24.1667537689209,24.212749481201172,0.04599571228027344,45
ai_west,2022-12-04,Cbar,25.57945442199707,25.625450134277344,0.04599571228027344,46
ai_west,2022-12-05,Cbar,26.91531753540039,26.961315155029297,0.04599761962890625,47
ai_west,2022-12-06,Cbar,28.273122787475586,28.319120407104492,0.04599761962890625,48
ai_west,2022-12-07,Cbar,29.615373611450195,29.6613712310791,0.04599761962890625,49
ai_west,2022-12-08,Cbar,30.971572875976562,31.017568588256836,0.04599571228027344,50
ai_west,2022-12-09,Cbar,32.368778228759766,32.414772033691406,0.045993804931640625,51
ai_west,2022-12-10,Cbar,33.77383804321289,33.8198356628418,0.04599761962890625,52
ai_west,2022-12-11,Cbar,35.08928298950195,35.135276794433594,0.045993804931640625,52
ai_west,2022-12-12,Cbar,36.3394775390625,36.38547134399414,0.045993804931640625,51
ai_west,2022-12-13,Cbar,37.591712951660156,37.63777160644531,0.04605865478515625,50
ai_west,2022-12-14,Cbar,38.80216979980469,38.848228454589844,0.04605865478515625,49
ai_west,2022-12-15,Cbar,39.986881256103516,40.03293991088867,0.04605865478515625,48
ai_west,2022-12-16,Cbar,41.019893646240234,41.06689453125,0.047000885009765625,47
ai_west,2022-12-17,Cbar,42.06259536743164,42.10953140258789,0.04693603515625,46
ai_west,2022-12-18,Cbar,43.2188835144043,43.26581954956055,0.04693603515625,45
ai_west,2022-12-19,Cbar,43.708404541015625,43.75456237792969,0.0461578369140625,44
ai_west,2022-12-20,Cbar,44.806819915771484,44.85281753540039,0.04599761962890625,43
ai_west,2022-12-21,Cbar,46.13767623901367,46.18367004394531,0.045993804931640625,42
ai_west,2022-12-22,Cbar,47.517059326171875,47.56305694580078,0.04599761962890625,41
ai_west,2022-12-23,Cbar,48.91880798339844,48.96480178833008,0.045993804931640625,40
ai_west,2022-12-24,Cbar,50.388431549072266,50.434425354003906,0.045993804931640625,39
ai_west,2022-12-25,Cbar,51.90762710571289,51.95362091064453,0.045993804931640625,38
ai_west,2022-12-26,Cbar,53.365150451660156,53.41114807128906,0.04599761962890625,37
ai_west,2022-12-27,Cbar,54.735416412353516,54.78141403198242,0.04599761962890625,36
ai_west,2022-12-28,Cbar,56.061397552490234,56.107391357421875,0.045993804931640625,35
ai_west,2022-12-29,Cbar,57.3455810546875,57.39157485961914,0.045993804931640625,34
ai_west,2022-12-30,Cbar,58.57255935668945,58.61855697631836,0.04599761962890625,33
ai_west,2022-12-31,Cbar,59.72551345825195,59.77151107788086,0.04599761962890625,32
ai_west,2023-01-01,Cbar,60.7627067565918,60.80933380126953,0.046627044677734375,31
ai_west,2023-01-02,Cbar,61.792728424072266,61.84059143066406,0.047863006591796875,30
ai_west,2023-01-03,Cbar,62.66202163696289,62.71193313598633,0.0499114990234375,29
ai_west,2023-01-04,Cbar,63.12966537475586,63.18388366699219,0.054218292236328125,28
ai_west,2023-01-05,Cbar,64.66799926757812,64.72553253173828,0.05753326416015625,27
ai_west,2023-01-06,Cbar,65.92889404296875,65.98788452148438,0.058990478515625,26
ai_west,2023-01-07,Cbar,66.611083984375,66.670166015625,0.05908203125,25
ai_west,2023-01-08,Cbar,64.07466125488281,64.13069152832031,0.0560302734375,24
ai_west,2023-01-09,Cbar,64.79512786865234,64.85108184814453,0.0559539794921875,23
ai_west,2023-01-10,Cbar,65.76876068115234,65.82572937011719,0.05696868896484375,22
ai_west,2023-01-11,Cbar,66.43824768066406,66.49838256835938,0.0601348876953125,21
ai_west,2023-01-12,Cbar,66.56291198730469,66.62323760986328,0.06032562255859375,20
ai_west,2023-01-13,Cbar,65.05085754394531,65.11030578613281,0.0594482421875,19
ai_west,2023-01-14,Cbar,63.65768051147461,63.71687698364258,0.05919647216796875,18
ai_west,2023-01-15,Cbar,62.475460052490234,62.53291320800781,0.057453155517578125,17
ai_west,2023-01-16,Cbar,61.499507904052734,61.5554084777832,0.05590057373046875,16
ai_west,2023-01-17,Cbar,61.18124008178711,61.23645782470703,0.055217742919921875,15
ai_west,2023-01-18,Cbar,59.974815368652344,60.02826690673828,0.0534515380859375,14
ai_west,2023-01-19,Cbar,60.65544128417969,60.709197998046875,0.0537567138671875,13
ai_west,2023-01-20,Cbar,60.851829528808594,60.905025482177734,0.053195953369140625,12
ai_west,2023-01-21,Cbar,61.47757339477539,61.53083038330078,0.053256988525390625,11
ai_west,2023-01-22,Cbar,61.607383728027344,61.6611328125,0.05374908447265625,10
ai_west,2023-01-23,Cbar,62.17864227294922,62.23276901245117,0.054126739501953125,9
ai_west,2023-01-24,Cbar,62.93256378173828,62.98661422729492,0.054050445556640625,8
ai_west,2023-01-25,Cbar,63.189720153808594,63.24323654174805,0.053516387939453125,7
ai_west,2023-01-26,Cbar,64.31414031982422,64.3685531616211,0.054412841796875,6
ai_west,2023-01-27,Cbar,65.62418365478516,64.91787719726562,-0.7063064575195312,5
ai_west,2023-01-28,Cbar,66.07698059082031,65.372314453125,-0.7046661376953125,4
ai_west,2023-01-29,Cbar,67.47279357910156,66.56353759765625,-0.9092559814453125,3
ai_west,2023-01-30,Cbar,68.14611053466797,67.14546203613281,-1.0006484985351562,2
ai_west,2023-01-31,Cbar,68.88815307617188,67.12783813476562,-1.76031494140625,1
ai_west,2023-02-01,Cbar,69.86083984375,67.31291198730469,-2.5479278564453125,0
ai_west,2023-02-02,Cbar,67.91160583496094,68.336669921875,0.4250640869140625,1
ai_west,2023-02-03,Cbar,68.71260070800781,70.2159652709961,1.5033645629882812,2
ai_west,2023-02-04,Cbar,69.24989318847656,71.16322326660156,1.913330078125,3
ai_west,2023-02-05,Cbar,70.05789184570312,72.20681762695312,2.14892578125,4
ai_west,2023-02-06,Cbar,70.84915924072266,72.7243423461914,1.87518310546875,5
ai_west,2023-02-07,Cbar,76.13574981689453,77.86883544921875,1.7330856323242188,6
ai_west,2023-02-08,Cbar,77.19157409667969,79.07825469970703,1.8866806030273438,7
ai_west,2023-02-09,Cbar,82.19332885742188,84.3298568725586,2.1365280151367188,8
ai_west,2023-02-10,Cbar,84.2425537109375,86.00538635253906,1.7628326416015625,9
ai_west,2023-02-11,Cbar,83.73616027832031,85.51251220703125,1.7763519287109375,10
ai_west,2023-02-12,Cbar,74.29055786132812,75.85013580322266,1.5595779418945312,11
ai_west,2023-02-13,Cbar,64.1468734741211,65.47769165039062,1.3308181762695312,12
ai_west,2023-02-14,Cbar,50.04055404663086,51.06470489501953,1.0241508483886719,13
ai_west,2023-02-15,Cbar,49.98020935058594,50.98670196533203,1.0064926147460938,14
ai_west,2023-02-16,Cbar,49.863773345947266,50.851356506347656,0.9875831604003906,15
ai_west,2023-02-17,Cbar,50.95317077636719,51.95453643798828,1.0013656616210938,16
ai_west,2023-02-18,Cbar,51.81943893432617,52.828128814697266,1.0086898803710938,17
ai_west,2023-02-19,Cbar,55.66494369506836,56.53073501586914,0.8657913208007812,18
ai_west,2023-02-20,Cbar,61.78554916381836,62.740333557128906,0.9547843933105469,19
ai_west,2023-02-21,Cbar,69.29822540283203,70.4183120727539,1.120086669921875,20
ai_west,2023-02-22,Cbar,73.47950744628906,74.73237609863281,1.25286865234375,21
ai_west,2023-02-23,Cbar,73.8563232421875,75.21391296386719,1.3575897216796875,22
ai_west,2023-02-24,Cbar,76.28619384765625,77.72109985351562,1.434906005859375,23
ai_west,2023-02-25,Cbar,81.57006072998047,82.97956848144531,1.4095077514648438,24
ai_west,2023-02-26,Cbar,78.7631607055664,80.19915771484375,1.4359970092773438,25
ai_west,2023-02-27,Cbar,78.07991790771484,79.68450164794922,1.604583740234375,26
ai_west,2023-02-28,Cbar,79.32232666015625,80.94601440429688,1.623687744140625,27
ai_west,2023-03-01,Cbar,80.00431823730469,81.62800598144531,1.623687744140625,28
ai_west,2023-03-02,Cbar,79.27117156982422,80.88883209228516,1.6176605224609375,29
ai_west,2023-03-03,Cbar,63.57913589477539,65.54646301269531,1.9673271179199219,30
ai_west,2023-03-04,Cbar,62.40315628051758,64.7293472290039,2.326190948486328,31
ai_west,2023-03-05,Cbar,67.79377746582031,70.42854309082031,2.634765625,32
ai_west,2023-03-06,Cbar,69.78682708740234,72.60186767578125,2.8150405883789062,33
ai_west,2023-03-07,Cbar,81.35523986816406,85.53557586669922,4.180335998535156,34
ai_west,2023-03-08,Cbar,75.64178466796875,79.49913787841797,3.8573532104492188,35
ai_west,2023-03-09,Cbar,52.169761657714844,55.20054626464844,3.0307846069335938,36
ai_west,2023-03-10,Cbar,41.458499908447266,43.98384094238281,2.525341033935547,37
ai_west,2023-03-11,Cbar,26.317119598388672,27.96749496459961,1.6503753662109375,38
ai_west,2023-03-12,Cbar,26.206619262695312,27.80618667602539,1.5995674133300781,39
ai_west,2023-03-13,Cbar,27.717451095581055,29.372426986694336,1.6549758911132812,40
ai_west,2023-03-14,Cbar,29.049171447753906,29.288372039794922,0.23920059204101562,41
ai_west,2023-03-15,Cbar,29.639062881469727,29.878263473510742,0.23920059204101562,42
ai_west,2023-03-16,Cbar,23.2568302154541,23.439655303955078,0.18282508850097656,43
ai_west,2023-03-17,Cbar,12.94704532623291,13.043766975402832,0.09672164916992188,44
ai_west,2023-03-18,Cbar,11.013978958129883,11.090554237365723,0.07657527923583984,45
ai_west,2023-03-19,Cbar,11.421675682067871,11.495867729187012,0.07419204711914062,46
ai_west,2023-03-20,Cbar,10.603453636169434,10.667281150817871,0.0638275146484375,47
ai_west,2023-03-21,Cbar,11.236223220825195,11.299382209777832,0.06315898895263672,48
ai_west,2023-03-22,Cbar,12.211395263671875,12.277656555175781,0.06626129150390625,49
ai_west,2023-03-23,Cbar,13.379464149475098,13.451037406921387,0.07157325744628906,50
ai_west,2023-03-24,Cbar,13.770869255065918,13.840352058410645,0.06948280334472656,51
ai_west,2023-03-25,Cbar,14.599842071533203,14.669689178466797,0.06984710693359375,52
ai_west,2023-03-26,Cbar,15.519577026367188,15.59061336517334,0.07103633880615234,53
ai_west,2023-03-27,Cbar,17.263017654418945,17.341655731201172,0.07863807678222656,54
ai_west,2023-03-28,Cbar,20.49411392211914,20.59209442138672,0.09798049926757812,55
ai_west,2023-03-29,Cbar,30.3204288482666,30.47853660583496,0.15810775756835938,56
ai_west,2023-03-30,Cbar,36.4559440612793,36.65919876098633,0.20325469970703125,57
ai_west,2023-03-31,Cbar,37.706390380859375,37.92234802246094,0.2159576416015625,58
ai_west,2024-03-30,Cbar,3.4413106441497803,1.9987462759017944,-1.4425643682479858,1
ai_west,2024-03-31,Cbar,3.4413106441497803,2.597140312194824,-0.844170331954956,0
ai_west,2024-04-01,Cbar,2.4382338523864746,2.4576666355133057,0.019432783126831055,1
ai_west,2024-04-02,Cbar,3.260216474533081,3.2633235454559326,0.0031070709228515625,2
ai_west,2024-04-03,Cbar,3.957059621810913,3.9437077045440674,-0.013351917266845703,3
ai_west,2024-04-04,Cbar,4.558253288269043,4.5282673835754395,-0.029985904693603516,4
ai_west,2024-04-05,Cbar,5.133037090301514,5.423999786376953,0.29096269607543945,5
ai_west,2024-04-06,Cbar,5.760723114013672,6.051685333251953,0.29096221923828125,6
ai_west,2024-04-07,Cbar,6.455583095550537,6.746545314788818,0.29096221923828125,7
ai_west,2024-04-08,Cbar,7.1068925857543945,7.397854804992676,0.29096221923828125,8
ai_west,2024-04-09,Cbar,7.759088039398193,8.050049781799316,0.29096174240112305,9
ai_west,2024-04-10,Cbar,8.331302642822266,8.622264862060547,0.29096221923828125,10
ai_west,2024-04-11,Cbar,6.177749156951904,6.371884822845459,0.1941356658935547,11
ai_west,2024-04-12,Cbar,5.321728706359863,5.467573165893555,0.1458444595336914,12
ai_west,2024-04-13,Cbar,6.278304576873779,6.424149513244629,0.1458449363708496,13
ai_west,2024-04-14,Cbar,6.2868123054504395,6.481595993041992,0.19478368759155273,14
ai_west,2024-04-15,Cbar,7.024384021759033,7.219167709350586,0.19478368759155273,15
ai_west,2024-04-16,Cbar,7.579713344573975,7.774497032165527,0.19478368759155273,16
ai_west,2024-04-17,Cbar,3.848513126373291,3.9319725036621094,0.08345937728881836,17
ai_west,2024-04-18,Cbar,3.120638847351074,3.1737701892852783,0.0531313419342041,18
ai_west,2024-04-19,Cbar,3.9016973972320557,3.9548287391662598,0.0531313419342041,19
ai_west,2024-04-20,Cbar,5.299156188964844,5.352287292480469,0.053131103515625,20
ai_west,2024-04-21,Cbar,6.081881046295166,6.135012149810791,0.053131103515625,21
ai_west,2024-04-22,Cbar,6.803464889526367,6.856595993041992,0.053131103515625,22
ai_west,2025-06-18,Cbar,5.738393783569336,3.9962737560272217,-1.7421200275421143,4
ai_west,2025-06-19,Cbar,6.814064025878906,5.023714542388916,-1.7903494834899902,3
ai_west,2025-06-20,Cbar,7.768759250640869,5.71096658706665,-2.0577926635742188,2
ai_west,2025-06-21,Cbar,0.0,3.847583293914795,3.847583293914795,1
ai_west,2025-06-22,Cbar,0.0,4.860805511474609,4.860805511474609,0
ai_west,2025-06-23,Cbar,0.0,5.919802188873291,5.919802188873291,1
ai_west,2026-06-05,Cbar,0.0,1.219355583190918,1.219355583190918,3
ai_west,2026-06-06,Cbar,0.0,2.4838054180145264,2.4838054180145264,2
ai_west,2026-06-07,Cbar,0.0,3.5586564540863037,3.5586564540863037,1
ai_west,2026-06-08,Cbar,0.0,4.9578752517700195,4.9578752517700195,0
ai_west,2026-06-09,Cbar,0.0,6.293890953063965,6.293890953063965,1
ai_west,2026-06-10,Cbar,0.0,7.648331642150879,7.648331642150879,2
ai_west,2026-06-11,Cbar,0.0,8.834343910217285,8.834343910217285,3
beaufort,2022-10-15,Cbar,14.469244003295898,14.058050155639648,-0.41119384765625,4
beaufort,2022-10-16,Cbar,16.990524291992188,16.557239532470703,-0.4332847595214844,3
beaufort,2022-10-17,Cbar,19.50823974609375,19.054319381713867,-0.4539203643798828,2
beaufort,2022-10-18,Cbar,21.686800003051758,21.140897750854492,-0.5459022521972656,1
beaufort,2022-10-19,Cbar,17.603059768676758,23.152700424194336,5.549640655517578,0
beaufort,2022-10-20,Cbar,17.582380294799805,25.097902297973633,7.515522003173828,1
beaufort,2022-10-21,Cbar,19.404939651489258,25.94382667541504,6.538887023925781,2
beaufort,2022-10-22,Cbar,21.0078125,24.114912033081055,3.1070995330810547,3
beaufort,2022-10-23,Cbar,20.497058868408203,23.35527229309082,2.858213424682617,4
beaufort,2022-10-24,Cbar,22.011043548583984,24.59857177734375,2.5875282287597656,5
beaufort,2022-10-25,Cbar,18.756717681884766,21.480440139770508,2.723722457885742,6
beaufort,2022-10-26,Cbar,20.33839988708496,23.062124252319336,2.723724365234375,7
beaufort,2022-10-27,Cbar,21.76358985900879,24.487314224243164,2.723724365234375,8
chukchi,2022-10-14,Cbar,18.56651496887207,18.431365966796875,-0.1351490020751953,5
chukchi,2022-10-15,Cbar,21.1566162109375,20.60875701904297,-0.5478591918945312,4
chukchi,2022-10-16,Cbar,23.346378326416016,21.868371963500977,-1.478006362915039,3
chukchi,2022-10-17,Cbar,26.200374603271484,24.502994537353516,-1.6973800659179688,2
chukchi,2022-10-18,Cbar,28.07634735107422,26.178144454956055,-1.898202896118164,1
chukchi,2022-10-19,Cbar,21.98175621032715,29.130931854248047,7.149175643920898,0
chukchi,2022-10-20,Cbar,23.450538635253906,29.41217613220215,5.961637496948242,1
chukchi,2022-10-21,Cbar,4.481045246124268,19.873815536499023,15.392770290374756,2
chukchi,2022-10-22,Cbar,5.18452262878418,11.801687240600586,6.617164611816406,3
chukchi,2022-10-23,Cbar,4.738004207611084,9.553422927856445,4.815418720245361,4
chukchi,2022-10-24,Cbar,5.502318859100342,5.568089008331299,0.06577014923095703,5
chukchi,2022-10-25,Cbar,5.681367874145508,5.728039264678955,0.046671390533447266,6
chukchi,2022-10-26,Cbar,7.574740886688232,7.62141227722168,0.046671390533447266,7
chukchi,2022-10-27,Cbar,9.467485427856445,9.514156341552734,0.04667091369628906,8
chukchi,2025-06-18,Cbar,6.320434093475342,3.4628090858459473,-2.8576250076293945,4
chukchi,2025-06-19,Cbar,10.650789260864258,5.074769496917725,-5.576019763946533,3
chukchi,2025-06-20,Cbar,14.865093231201172,5.415195941925049,-9.449897289276123,2
chukchi,2025-06-21,Cbar,19.23801612854004,6.481962203979492,-12.756053924560547,1
chukchi,2025-06-22,Cbar,0.0,8.88791275024414,8.88791275024414,0
chukchi,2025-06-23,Cbar,3.978759527206421,11.036505699157715,7.057746171951294,1
chukchi,2025-06-24,Cbar,7.643115520477295,14.44998550415039,6.806869983673096,2
chukchi,2025-06-25,Cbar,10.867303848266602,17.361215591430664,6.4939117431640625,3
chukchi,2025-06-26,Cbar,14.084683418273926,18.924060821533203,4.839377403259277,4
chukchi,2025-06-27,Cbar,17.085126876831055,21.73919677734375,4.654069900512695,5
chukchi,2025-06-28,Cbar,19.81739044189453,25.063892364501953,5.246501922607422,6
chukchi,2025-06-29,Cbar,21.87891960144043,27.145217895507812,5.266298294067383,7
chukchi,2025-06-30,Cbar,20.992063522338867,25.495756149291992,4.503692626953125,8
chukchi,2025-07-01,Cbar,22.099763870239258,26.172189712524414,4.072425842285156,9
chukchi,2025-07-02,Cbar,18.99029541015625,21.85715675354004,2.866861343383789,10
chukchi,2025-07-03,Cbar,15.915755271911621,17.758609771728516,1.8428544998168945,11
chukchi,2025-07-04,Cbar,15.881210327148438,17.22755241394043,1.3463420867919922,12
chukchi,2025-07-05,Cbar,19.47394561767578,20.731454849243164,1.2575092315673828,13
chukchi,2025-07-06,Cbar,23.741092681884766,24.95334815979004,1.2122554779052734,14
chukchi,2025-07-07,Cbar,28.841297149658203,30.053550720214844,1.2122535705566406,15
chukchi,2025-07-08,Cbar,32.952449798583984,34.15687561035156,1.2044258117675781,16
chukchi,2025-07-09,Cbar,38.52894592285156,39.93772506713867,1.4087791442871094,17
chukchi,2025-07-10,Cbar,47.03263473510742,49.38523864746094,2.3526039123535156,18
chukchi,2025-07-11,Cbar,54.442840576171875,57.468482971191406,3.0256423950195312,19
chukchi,2025-07-12,Cbar,60.749000549316406,64.16041564941406,3.4114151000976562,20
chukchi,2025-07-13,Cbar,65.75312042236328,69.30189514160156,3.5487747192382812,21
chukchi,2025-07-14,Cbar,73.65899658203125,77.63762664794922,3.9786300659179688,22
ebs,2021-03-19,Cbar,19.58386993408203,20.21295738220215,0.6290874481201172,4
ebs,2021-03-20,Cbar,28.248027801513672,26.512678146362305,-1.7353496551513672,3
ebs,2021-03-21,Cbar,30.323837280273438,24.015140533447266,-6.308696746826172,2
ebs,2021-03-22,Cbar,31.470489501953125,24.489131927490234,-6.981357574462891,1
ebs,2021-03-23,Cbar,50.748046875,21.578399658203125,-29.169647216796875,0
ebs,2021-03-24,Cbar,13.1764554977417,23.284650802612305,10.108195304870605,1
ebs,2021-03-25,Cbar,12.068155288696289,21.57358741760254,9.50543212890625,2
ebs,2021-03-26,Cbar,11.897628784179688,20.86368751525879,8.966058731079102,3
ebs,2021-03-27,Cbar,12.93924331665039,21.267059326171875,8.327816009521484,4
ebs,2021-03-28,Cbar,13.57587718963623,19.710418701171875,6.1345415115356445,5
ebs,2021-03-29,Cbar,15.44815444946289,19.197141647338867,3.7489871978759766,6
ebs,2021-03-30,Cbar,18.377044677734375,22.886024475097656,4.508979797363281,7
ebs,2021-09-01,Cbar,15.967742919921875,15.936473846435547,-0.031269073486328125,6
ebs,2021-09-02,Cbar,16.574247360229492,16.515865325927734,-0.05838203430175781,5
ebs,2021-09-03,Cbar,18.52878761291504,14.828360557556152,-3.7004270553588867,4
ebs,2021-09-04,Cbar,20.724367141723633,12.567694664001465,-8.156672477722168,3
ebs,2021-09-05,Cbar,22.874242782592773,13.32095718383789,-9.553285598754883,2
ebs,2021-09-06,Cbar,24.997020721435547,14.569202423095703,-10.427818298339844,1
ebs,2021-09-07,Cbar,25.785146713256836,15.511563301086426,-10.27358341217041,0
ebs,2021-09-08,Cbar,11.622699737548828,16.12946319580078,4.506763458251953,1
ebs,2021-09-09,Cbar,13.28386402130127,17.679353713989258,4.395489692687988,2
ebs,2021-09-10,Cbar,14.299821853637695,18.4635066986084,4.163684844970703,3
ebs,2021-09-11,Cbar,15.563441276550293,19.678190231323242,4.114748954772949,4
ebs,2021-09-12,Cbar,16.850120544433594,20.529314041137695,3.6791934967041016,5
ebs,2021-09-13,Cbar,18.744190216064453,22.44165802001953,3.697467803955078,6
ebs,2021-09-14,Cbar,20.579700469970703,24.294992446899414,3.715291976928711,7
ebs,2021-09-15,Cbar,22.751331329345703,26.567302703857422,3.8159713745117188,8
ebs,2021-09-16,Cbar,29.618125915527344,32.988014221191406,3.3698883056640625,9
ebs,2021-09-17,Cbar,33.19160842895508,36.993675231933594,3.8020668029785156,10
ebs,2021-09-18,Cbar,35.633338928222656,39.60791778564453,3.974578857421875,11
ebs,2021-09-19,Cbar,34.89372253417969,38.948856353759766,4.055133819580078,12
ebs,2021-09-20,Cbar,35.8029899597168,40.04592514038086,4.2429351806640625,13
ebs,2021-09-21,Cbar,37.36591339111328,41.77292251586914,4.407009124755859,14
ebs,2021-09-22,Cbar,38.72408676147461,43.29982376098633,4.575736999511719,15
ebs,2021-09-23,Cbar,37.32660675048828,42.30313491821289,4.976528167724609,16
ebs,2021-09-24,Cbar,37.39243698120117,42.58518981933594,5.192752838134766,17
ebs,2021-09-25,Cbar,49.930145263671875,54.03205108642578,4.101905822753906,18
ebs,2021-09-26,Cbar,56.26158905029297,61.19757080078125,4.935981750488281,19
ebs,2021-09-27,Cbar,59.8845329284668,64.6885757446289,4.804042816162109,20
ebs,2021-09-28,Cbar,75.20606231689453,77.67705535888672,2.4709930419921875,21
ebs,2021-09-29,Cbar,76.3800277709961,78.85102844238281,2.4710006713867188,22
ebs,2021-09-30,Cbar,95.19139099121094,97.88392639160156,2.692535400390625,23
ebs,2022-10-17,Cbar,0.0,1.3606497049331665,1.3606497049331665,2
ebs,2022-10-18,Cbar,0.0,1.9581186771392822,1.9581186771392822,1
ebs,2022-10-19,Cbar,0.0,3.1669485569000244,3.1669485569000244,0
ebs,2022-10-20,Cbar,1.555409550666809,4.675788402557373,3.120378851890564,1
ebs,2022-10-21,Cbar,3.093794584274292,6.17045259475708,3.076658010482788,2
ebs,2022-10-22,Cbar,4.597555637359619,7.639219760894775,3.0416641235351562,3
ebs,2022-10-23,Cbar,6.031412601470947,9.170308113098145,3.1388955116271973,4
ebs,2022-10-24,Cbar,7.448500156402588,11.195745468139648,3.7472453117370605,5
ebs,2023-01-26,Cbar,11.60670280456543,11.705843925476074,0.09914112091064453,6
ebs,2023-01-27,Cbar,10.041175842285156,10.83914852142334,0.7979726791381836,5
ebs,2023-01-28,Cbar,11.242269515991211,10.330253601074219,-0.9120159149169922,4
ebs,2023-01-29,Cbar,12.580743789672852,9.269532203674316,-3.311211585998535,3
ebs,2023-01-30,Cbar,14.122042655944824,9.684288024902344,-4.4377546310424805,2
ebs,2023-01-31,Cbar,15.734402656555176,10.840914726257324,-4.893487930297852,1
ebs,2023-02-01,Cbar,15.822980880737305,12.176276206970215,-3.64670467376709,0
ebs,2023-02-02,Cbar,8.342561721801758,13.16551685333252,4.822955131530762,1
ebs,2023-02-03,Cbar,9.831588745117188,14.506352424621582,4.6747636795043945,2
ebs,2023-02-04,Cbar,11.550886154174805,16.199920654296875,4.64903450012207,3
ebs,2023-02-05,Cbar,13.265480995178223,17.919050216674805,4.653569221496582,4
ebs,2023-02-06,Cbar,15.014078140258789,19.666379928588867,4.652301788330078,5
ebs,2023-02-07,Cbar,16.782249450683594,21.460405349731445,4.678155899047852,6
ebs,2023-02-08,Cbar,18.79498291015625,23.540430068969727,4.745447158813477,7
ebs,2023-02-09,Cbar,20.676998138427734,25.52451515197754,4.847517013549805,8
ebs,2023-02-10,Cbar,23.095470428466797,28.130891799926758,5.035421371459961,9
ebs,2023-02-11,Cbar,24.789426803588867,30.097375869750977,5.307949066162109,10
ebs,2023-02-12,Cbar,26.593217849731445,31.946889877319336,5.353672027587891,11
ebs,2023-02-13,Cbar,28.37688636779785,33.81927490234375,5.442388534545898,12
ebs,2023-02-14,Cbar,30.262842178344727,35.805458068847656,5.54261589050293,13
ebs,2023-02-15,Cbar,30.271883010864258,35.88909912109375,5.617216110229492,14
ebs,2023-02-16,Cbar,30.901973724365234,36.62865447998047,5.726680755615234,15
ebs,2023-02-17,Cbar,31.21221160888672,36.92646408081055,5.714252471923828,16
ebs,2023-02-18,Cbar,32.61602020263672,37.86951446533203,5.2534942626953125,17
ebs,2023-02-19,Cbar,33.84160232543945,39.0544319152832,5.21282958984375,18
ebs,2023-02-20,Cbar,35.25086975097656,40.537349700927734,5.286479949951172,19
ebs,2023-02-21,Cbar,35.95494079589844,41.39374542236328,5.438804626464844,20
ebs,2023-02-22,Cbar,35.319847106933594,40.56193542480469,5.242088317871094,21
ebs,2023-02-23,Cbar,35.950016021728516,41.272762298583984,5.322746276855469,22
ebs,2023-02-24,Cbar,35.374446868896484,40.45915985107422,5.084712982177734,23
ebs,2023-02-25,Cbar,36.42167663574219,41.55122756958008,5.129550933837891,24
ebs,2023-02-26,Cbar,36.66679763793945,42.141963958740234,5.475166320800781,25
ebs,2023-02-27,Cbar,38.31850814819336,44.27566909790039,5.957160949707031,26
ebs,2023-02-28,Cbar,40.09243392944336,46.09576416015625,6.003330230712891,27
ebs,2023-03-01,Cbar,45.78771209716797,51.91154098510742,6.123828887939453,28
ebs,2023-03-02,Cbar,56.11871337890625,61.291446685791016,5.172733306884766,29
ebs,2023-03-03,Cbar,82.30047607421875,83.68795013427734,1.3874740600585938,30
ebs,2025-06-18,Cbar,21.092647552490234,18.284133911132812,-2.808513641357422,4
ebs,2025-06-19,Cbar,26.250532150268555,17.08041763305664,-9.170114517211914,3
ebs,2025-06-20,Cbar,31.857194900512695,16.449125289916992,-15.408069610595703,2
ebs,2025-06-21,Cbar,37.64226531982422,15.129785537719727,-22.512479782104492,1
ebs,2025-06-22,Cbar,37.64226531982422,11.28356647491455,-26.358698844909668,0
ebs,2025-06-23,Cbar,8.206862449645996,13.167705535888672,4.960843086242676,1
ebs,2025-06-24,Cbar,11.633667945861816,16.089872360229492,4.456204414367676,2
ebs,2025-06-25,Cbar,16.0411376953125,20.454071044921875,4.412933349609375,3
ebs,2025-06-26,Cbar,20.527076721191406,25.04327964782715,4.516202926635742,4
ebs,2025-06-27,Cbar,24.912351608276367,29.755863189697266,4.843511581420898,5
ebs,2025-06-28,Cbar,31.124387741088867,36.43626022338867,5.311872482299805,6
ebs,2025-06-29,Cbar,40.12580490112305,46.79911422729492,6.673309326171875,7
ebs,2025-06-30,Cbar,49.06569290161133,57.74557113647461,8.679878234863281,8
ebs,2025-07-01,Cbar,53.82072067260742,62.91473388671875,9.094013214111328,9
ebs,2025-07-02,Cbar,57.0543098449707,66.01624298095703,8.961933135986328,10
ebs,2025-07-03,Cbar,46.83415603637695,53.54833984375,6.714183807373047,11
ebs,2025-07-04,Cbar,40.18539810180664,45.375732421875,5.190334320068359,12
ebs,2025-07-05,Cbar,39.69328689575195,44.27375793457031,4.580471038818359,13
ebs,2025-07-06,Cbar,43.420475006103516,47.8938102722168,4.473335266113281,14
ebs,2025-07-07,Cbar,47.37345504760742,51.74347686767578,4.370021820068359,15
ebs,2025-07-08,Cbar,46.25017166137695,50.135066986083984,3.8848953247070312,16
ebs,2025-07-09,Cbar,47.09672546386719,50.814754486083984,3.718029022216797,17
ebs,2025-07-10,Cbar,50.838069915771484,55.47932052612305,4.6412506103515625,18
ebs,2025-07-11,Cbar,42.83021545410156,46.51560974121094,3.685394287109375,19
ebs,2025-07-12,Cbar,41.420589447021484,44.64238739013672,3.2217979431152344,20
ebs,2025-07-13,Cbar,30.8665828704834,33.31295394897461,2.446371078491211,21
ebs,2025-07-14,Cbar,37.402530670166016,40.398494720458984,2.9959640502929688,22
ebs,2025-07-15,Cbar,25.691099166870117,26.772632598876953,1.081533432006836,23
ebs,2025-07-16,Cbar,25.52911949157715,26.738880157470703,1.2097606658935547,24
ebs,2026-06-04,Cbar,12.379190444946289,8.867073059082031,-3.512117385864258,4
ebs,2026-06-05,Cbar,15.925745010375977,10.512030601501465,-5.413714408874512,3
ebs,2026-06-06,Cbar,20.43675422668457,11.805685043334961,-8.63106918334961,2
ebs,2026-06-07,Cbar,24.9630126953125,15.397290229797363,-9.565722465515137,1
ebs,2026-06-08,Cbar,26.866165161132812,18.078941345214844,-8.787223815917969,0
ebs,2026-06-09,Cbar,15.246368408203125,21.71622657775879,6.469858169555664,1
ebs,2026-06-10,Cbar,19.86442756652832,26.876161575317383,7.0117340087890625,2
ebs,2026-06-11,Cbar,23.966047286987305,30.908916473388672,6.942869186401367,3
ebs,2026-06-12,Cbar,24.015777587890625,30.96723747253418,6.951459884643555,4
ebs,2026-06-13,Cbar,25.44216537475586,31.48869514465332,6.046529769897461,5
ebs,2026-06-14,Cbar,26.429868698120117,35.2883186340332,8.858449935913086,6
ebs,2026-06-15,Cbar,29.853710174560547,38.8524169921875,8.998706817626953,7
ebs,2026-06-16,Cbar,33.26674270629883,42.41183090209961,9.145088195800781,8
ebs,2026-06-17,Cbar,37.44451141357422,46.74330520629883,9.29879379272461,9
ebs,2026-06-18,Cbar,43.61033248901367,53.61122512817383,10.000892639160156,10
ebs,2026-06-19,Cbar,42.75061798095703,51.833335876464844,9.082717895507812,11
ebs,2026-06-20,Cbar,37.26443862915039,44.39799499511719,7.133556365966797,12
ebs,2026-06-21,Cbar,32.217193603515625,37.65003967285156,5.4328460693359375,13
ebs,2026-06-22,Cbar,29.556480407714844,33.8514404296875,4.294960021972656,14
ebs,2026-06-23,Cbar,26.32063865661621,29.52777862548828,3.2071399688720703,15
ebs,2026-06-24,Cbar,28.410627365112305,31.34988021850586,2.9392528533935547,16
ebs,2026-06-25,Cbar,32.00997543334961,34.86201858520508,2.8520431518554688,17
ebs,2026-06-26,Cbar,33.32844161987305,35.89946746826172,2.571025848388672,18
ebs,2026-06-27,Cbar,37.94474792480469,40.54091262817383,2.5961647033691406,19
ebs,2026-06-28,Cbar,42.871856689453125,45.48746871948242,2.615612030029297,20
ebs,2026-06-29,Cbar,48.295108795166016,50.72153091430664,2.426422119140625,21
ebs,2026-06-30,Cbar,53.018028259277344,55.56279754638672,2.544769287109375,22
ebs,2026-07-01,Cbar,57.59899139404297,60.20968246459961,2.6106910705566406,23
egoa,2021-03-19,Cbar,2.743692636489868,2.3930552005767822,-0.35063743591308594,4
egoa,2021-03-20,Cbar,4.120148658752441,3.760181188583374,-0.3599674701690674,3
egoa,2021-03-21,Cbar,5.325013160705566,4.954145908355713,-0.3708672523498535,2
egoa,2021-03-22,Cbar,6.593726634979248,6.221321105957031,-0.3724055290222168,1
egoa,2021-03-23,Cbar,0.0,6.258443355560303,6.258443355560303,0
egoa,2021-03-24,Cbar,1.1173639297485352,7.036637783050537,5.919273853302002,1
egoa,2021-03-25,Cbar,2.1931509971618652,6.147223949432373,3.954072952270508,2
egoa,2021-03-26,Cbar,3.266155242919922,7.256889343261719,3.990734100341797,3
egoa,2021-03-27,Cbar,4.334559440612793,8.331684112548828,3.997124671936035,4
egoa,2021-03-28,Cbar,2.0026605129241943,4.05028772354126,2.0476272106170654,5
egoa,2021-03-29,Cbar,3.2818586826324463,5.329485893249512,2.0476272106170654,6
egoa,2021-03-30,Cbar,4.441049575805664,6.48867654800415,2.0476269721984863,7
egoa,2021-03-31,Cbar,5.633597373962402,7.681224822998047,2.0476274490356445,8
egoa,2021-04-01,Cbar,6.804877281188965,8.85250473022461,2.0476274490356445,9
egoa,2021-04-02,Cbar,8.047109603881836,10.505979537963867,2.4588699340820312,10
egoa,2021-04-03,Cbar,9.409805297851562,9.788182258605957,0.37837696075439453,11
egoa,2021-09-07,Cbar,0.0,7.72517204284668,7.72517204284668,0
egoa,2022-10-14,Cbar,45.076473236083984,45.01035690307617,-0.0661163330078125,5
egoa,2022-10-15,Cbar,47.10169982910156,46.72958755493164,-0.3721122741699219,4
egoa,2022-10-16,Cbar,49.66779708862305,49.177345275878906,-0.4904518127441406,3
egoa,2022-10-17,Cbar,51.62906265258789,50.82550811767578,-0.8035545349121094,2
egoa,2022-10-18,Cbar,54.192386627197266,53.35234069824219,-0.8400459289550781,1
egoa,2022-10-19,Cbar,66.5394515991211,57.45986557006836,-9.079586029052734,0
egoa,2022-10-20,Cbar,68.01329803466797,61.42136001586914,-6.591938018798828,1
egoa,2022-10-21,Cbar,69.82333374023438,64.33509826660156,-5.4882354736328125,2
egoa,2022-10-22,Cbar,71.57158660888672,68.082275390625,-3.4893112182617188,3
egoa,2022-10-23,Cbar,73.14244842529297,72.44804382324219,-0.6944046020507812,4
egoa,2022-10-24,Cbar,74.17555236816406,74.34215545654297,0.16660308837890625,5
egoa,2022-10-25,Cbar,72.5132827758789,76.03463745117188,3.5213546752929688,6
egoa,2022-10-26,Cbar,73.40748596191406,76.9090805053711,3.5015945434570312,7
egoa,2022-10-27,Cbar,73.78864288330078,77.24717712402344,3.4585342407226562,8
egoa,2022-10-28,Cbar,74.73221588134766,78.15897369384766,3.4267578125,9
egoa,2022-10-29,Cbar,73.8561782836914,77.18707275390625,3.3308944702148438,10
egoa,2022-10-30,Cbar,75.0291748046875,78.25985717773438,3.230682373046875,11
egoa,2022-10-31,Cbar,69.48503875732422,72.8355712890625,3.3505325317382812,12
egoa,2022-11-01,Cbar,56.96900177001953,60.65376663208008,3.684764862060547,13
egoa,2022-11-02,Cbar,49.81085205078125,53.783485412597656,3.9726333618164062,14
egoa,2022-11-03,Cbar,45.34463119506836,49.5738639831543,4.2292327880859375,15
egoa,2022-11-04,Cbar,44.336341857910156,47.79542922973633,3.459087371826172,16
egoa,2022-11-05,Cbar,40.3697509765625,45.901283264160156,5.531532287597656,17
egoa,2024-03-28,Cbar,10.963417053222656,10.875468254089355,-0.08794879913330078,3
egoa,2024-03-29,Cbar,12.405010223388672,12.31346607208252,-0.09154415130615234,2
egoa,2024-03-30,Cbar,14.063605308532715,13.946377754211426,-0.11722755432128906,1
egoa,2024-03-31,Cbar,13.221166610717773,15.380379676818848,2.159213066101074,0
egoa,2024-04-01,Cbar,14.422155380249023,17.090871810913086,2.6687164306640625,1
egoa,2024-04-02,Cbar,15.59902572631836,17.283674240112305,1.6846485137939453,2
egoa,2024-04-03,Cbar,16.777807235717773,17.77654457092285,0.9987373352050781,3
egoa,2024-04-04,Cbar,17.91929817199707,18.944835662841797,1.0255374908447266,4
egoa,2024-04-05,Cbar,15.574028968811035,19.620887756347656,4.046858787536621,5
egoa,2024-04-06,Cbar,14.22784423828125,19.218257904052734,4.990413665771484,6
egoa,2024-04-07,Cbar,14.38149642944336,18.993499755859375,4.612003326416016,7
egoa,2024-04-08,Cbar,15.100298881530762,20.018512725830078,4.918213844299316,8
egoa,2024-04-09,Cbar,14.326716423034668,19.919797897338867,5.593081474304199,9
egoa,2024-04-10,Cbar,14.678147315979004,19.492889404296875,4.814742088317871,10
egoa,2024-04-11,Cbar,11.976161003112793,15.144238471984863,3.1680774688720703,11
egoa,2024-04-12,Cbar,15.067137718200684,19.28183937072754,4.2147016525268555,12
egoa,2025-06-19,Cbar,0.0,1.5780372619628906,1.5780372619628906,3
egoa,2025-06-20,Cbar,0.0,3.2562808990478516,3.2562808990478516,2
egoa,2025-06-21,Cbar,0.0,4.739798069000244,4.739798069000244,1
egoa,2025-06-22,Cbar,0.0,6.283677577972412,6.283677577972412,0
egoa,2025-06-23,Cbar,0.0,7.832761287689209,7.832761287689209,1
egoa,2025-06-24,Cbar,0.0,9.380263328552246,9.380263328552246,2
egoa,2026-06-07,Cbar,6.814798831939697,5.0043535232543945,-1.8104453086853027,1
egoa,2026-06-08,Cbar,0.0,5.152698993682861,5.152698993682861,0
egoa,2026-06-09,Cbar,1.3524689674377441,6.443317413330078,5.090848445892334,1
egoa,2026-06-10,Cbar,1.6758955717086792,3.6987786293029785,2.0228830575942993,2
egoa,2026-06-11,Cbar,2.2958321571350098,3.51615834236145,1.2203261852264404,3
egoa,2026-06-12,Cbar,3.673712730407715,4.787850379943848,1.1141376495361328,4
egoa,2026-06-13,Cbar,5.232998847961426,6.347136497497559,1.1141376495361328,5
egoa,2026-06-14,Cbar,6.91501522064209,8.029152870178223,1.1141376495361328,6
egoa,2026-06-15,Cbar,8.44140911102295,9.555546760559082,1.1141376495361328,7
egoa,2026-06-16,Cbar,10.09692096710205,11.446246147155762,1.349325180053711,8
goa,2021-03-18,Cbar,1.28995943069458,2.2371866703033447,0.9472272396087646,5
goa,2021-03-19,Cbar,2.743692636489868,1.7780342102050781,-0.96565842628479,4
goa,2021-03-20,Cbar,4.120148658752441,2.0635931491851807,-2.0565555095672607,3
goa,2021-03-21,Cbar,5.325013160705566,2.3701751232147217,-2.9548380374908447,2
goa,2021-03-22,Cbar,6.593726634979248,2.7708656787872314,-3.8228609561920166,1
goa,2021-03-23,Cbar,0.0,3.2091004848480225,3.2091004848480225,0
goa,2021-03-24,Cbar,1.1490188837051392,4.2377777099609375,3.0887588262557983,1
goa,2021-03-25,Cbar,2.2112550735473633,5.097079753875732,2.885824680328369,2
goa,2021-03-26,Cbar,3.166893482208252,6.0688395500183105,2.9019460678100586,3
goa,2021-03-27,Cbar,4.081073760986328,6.50862455368042,2.427550792694092,4
goa,2021-03-28,Cbar,4.308832168579102,6.805873394012451,2.4970412254333496,5
goa,2021-03-29,Cbar,5.161795616149902,8.021480560302734,2.859684944152832,6
goa,2021-03-30,Cbar,5.952883720397949,8.884444236755371,2.931560516357422,7
goa,2021-03-31,Cbar,5.633597373962402,7.681224822998047,2.0476274490356445,8
goa,2021-04-01,Cbar,3.3496739864349365,4.217998504638672,0.8683245182037354,9
goa,2021-04-02,Cbar,1.5746790170669556,1.759276032447815,0.18459701538085938,10
goa,2021-04-03,Cbar,2.296952486038208,2.3139092922210693,0.016956806182861328,11
goa,2021-09-04,Cbar,7.139794826507568,6.200110912322998,-0.9396839141845703,3
goa,2021-09-05,Cbar,7.938436508178711,7.009926795959473,-0.9285097122192383,2
goa,2021-09-06,Cbar,6.5741658210754395,5.905370235443115,-0.6687955856323242,1
goa,2021-09-07,Cbar,0.0,6.983943939208984,6.983943939208984,0
goa,2021-09-08,Cbar,1.2466084957122803,3.627214193344116,2.380605697631836,1
goa,2021-09-09,Cbar,2.5890848636627197,5.0122809410095215,2.4231960773468018,2
goa,2021-09-10,Cbar,3.913654088973999,6.388526916503906,2.4748728275299072,3
goa,2021-09-11,Cbar,5.136070728302002,7.696266174316406,2.5601954460144043,4
goa,2022-10-14,Cbar,45.076473236083984,45.01035690307617,-0.0661163330078125,5
goa,2022-10-15,Cbar,47.10169982910156,46.72958755493164,-0.3721122741699219,4
goa,2022-10-16,Cbar,49.66779708862305,49.177345275878906,-0.4904518127441406,3
goa,2022-10-17,Cbar,51.62906265258789,50.82550811767578,-0.8035545349121094,2
goa,2022-10-18,Cbar,54.192386627197266,53.35234069824219,-0.8400459289550781,1
goa,2022-10-19,Cbar,66.5394515991211,57.45986557006836,-9.079586029052734,0
goa,2022-10-20,Cbar,68.01329803466797,61.42136001586914,-6.591938018798828,1
goa,2022-10-21,Cbar,69.82333374023438,64.33509826660156,-5.4882354736328125,2
goa,2022-10-22,Cbar,71.57158660888672,68.082275390625,-3.4893112182617188,3
goa,2022-10-23,Cbar,73.14244842529297,72.44804382324219,-0.6944046020507812,4
goa,2022-10-24,Cbar,74.17555236816406,74.34215545654297,0.16660308837890625,5
goa,2022-10-25,Cbar,72.5132827758789,76.03463745117188,3.5213546752929688,6
goa,2022-10-26,Cbar,73.40748596191406,76.9090805053711,3.5015945434570312,7
goa,2022-10-27,Cbar,73.78864288330078,77.24717712402344,3.4585342407226562,8
goa,2022-10-28,Cbar,74.73221588134766,78.15897369384766,3.4267578125,9
goa,2022-10-29,Cbar,73.8561782836914,77.18707275390625,3.3308944702148438,10
goa,2022-10-30,Cbar,75.0291748046875,78.25985717773438,3.230682373046875,11
goa,2022-10-31,Cbar,69.48503875732422,72.8355712890625,3.3505325317382812,12
goa,2022-11-01,Cbar,56.96900177001953,60.65376663208008,3.684764862060547,13
goa,2022-11-02,Cbar,49.81085205078125,53.783485412597656,3.9726333618164062,14
goa,2022-11-03,Cbar,45.34463119506836,49.5738639831543,4.2292327880859375,15
goa,2022-11-04,Cbar,44.336341857910156,47.79542922973633,3.459087371826172,16
goa,2022-11-05,Cbar,40.3697509765625,45.901283264160156,5.531532287597656,17
goa,2023-01-28,Cbar,44.760414123535156,40.321998596191406,-4.43841552734375,4
goa,2023-01-29,Cbar,45.94540023803711,40.15034103393555,-5.7950592041015625,3
goa,2023-01-30,Cbar,47.367671966552734,38.365543365478516,-9.002128601074219,2
goa,2023-01-31,Cbar,48.840423583984375,39.40621566772461,-9.434207916259766,1
goa,2023-02-01,Cbar,53.06027603149414,40.19292068481445,-12.867355346679688,0
goa,2023-02-02,Cbar,44.434627532958984,41.63642501831055,-2.7982025146484375,1
goa,2023-02-03,Cbar,45.77659225463867,43.52793502807617,-2.2486572265625,2
goa,2023-02-04,Cbar,47.116031646728516,48.58725357055664,1.471221923828125,3
goa,2023-02-05,Cbar,48.39149475097656,50.62897491455078,2.2374801635742188,4
goa,2023-02-06,Cbar,49.3924446105957,52.387481689453125,2.995037078857422,5
goa,2023-02-07,Cbar,53.25452423095703,56.250946044921875,2.9964218139648438,6
goa,2023-02-08,Cbar,58.395423889160156,61.39186477661133,2.996440887451172,7
goa,2023-02-09,Cbar,59.961368560791016,62.953922271728516,2.9925537109375,8
goa,2023-02-10,Cbar,61.20991516113281,64.20246887207031,2.9925537109375,9
goa,2023-02-11,Cbar,63.71233367919922,66.69058227539062,2.9782485961914062,10
goa,2023-02-12,Cbar,66.36552429199219,69.09688568115234,2.7313613891601562,11
goa,2023-02-13,Cbar,69.91487121582031,72.48446655273438,2.5695953369140625,12
goa,2023-02-14,Cbar,72.95902252197266,75.42528533935547,2.4662628173828125,13
goa,2023-02-15,Cbar,74.70954132080078,77.17675018310547,2.4672088623046875,14
goa,2023-02-16,Cbar,76.25938415527344,78.76703643798828,2.5076522827148438,15
goa,2023-02-17,Cbar,77.45818328857422,79.96583557128906,2.5076522827148438,16
goa,2023-02-18,Cbar,79.52580261230469,81.96973419189453,2.4439315795898438,17
goa,2023-02-19,Cbar,78.24744415283203,80.61937713623047,2.3719329833984375,18
goa,2023-02-20,Cbar,76.13541412353516,78.40766143798828,2.272247314453125,19
goa,2023-02-21,Cbar,72.06544494628906,74.1792984008789,2.1138534545898438,20
goa,2023-02-22,Cbar,73.31289672851562,75.42675018310547,2.1138534545898438,21
goa,2023-02-23,Cbar,73.52216339111328,75.60420227050781,2.0820388793945312,22
goa,2023-02-24,Cbar,72.97846984863281,75.00839233398438,2.0299224853515625,23
goa,2023-02-25,Cbar,73.66902160644531,75.68220520019531,2.01318359375,24
goa,2023-02-26,Cbar,76.37802124023438,78.43384552001953,2.0558242797851562,25
goa,2023-02-27,Cbar,78.62714385986328,80.7094955444336,2.0823516845703125,26
goa,2023-02-28,Cbar,80.5846939086914,82.68495178222656,2.1002578735351562,27
goa,2023-03-01,Cbar,83.11837768554688,85.25885009765625,2.140472412109375,28
goa,2023-03-02,Cbar,91.39583587646484,92.76251983642578,1.3666839599609375,29
goa,2023-03-03,Cbar,102.5291748046875,104.03779602050781,1.5086212158203125,30
goa,2023-03-04,Cbar,105.63229370117188,107.15062713623047,1.5183334350585938,31
goa,2023-03-05,Cbar,108.01880645751953,109.53956604003906,1.5207595825195312,32
goa,2023-03-06,Cbar,123.07953643798828,124.66830444335938,1.5887680053710938,33
goa,2023-03-07,Cbar,124.31565856933594,125.90595245361328,1.5902938842773438,34
goa,2023-03-08,Cbar,121.52117919921875,123.06594848632812,1.544769287109375,35
goa,2023-03-09,Cbar,73.40232849121094,74.32217407226562,0.9198455810546875,36
goa,2023-03-10,Cbar,59.84343719482422,60.57926559448242,0.7358283996582031,37
goa,2023-03-11,Cbar,58.30241012573242,59.005409240722656,0.7029991149902344,38
goa,2023-03-12,Cbar,44.1085205078125,44.62676239013672,0.5182418823242188,39
goa,2023-03-13,Cbar,45.159950256347656,45.678001403808594,0.5180511474609375,40
goa,2023-03-14,Cbar,46.62032699584961,47.143959045410156,0.5236320495605469,41
goa,2023-03-15,Cbar,50.16900634765625,50.719383239746094,0.5503768920898438,42
goa,2023-03-16,Cbar,53.937381744384766,54.52336502075195,0.5859832763671875,43
goa,2023-03-17,Cbar,54.87741470336914,55.46339416503906,0.5859794616699219,44
goa,2023-03-18,Cbar,55.821746826171875,56.4077262878418,0.5859794616699219,45
goa,2023-03-19,Cbar,42.687652587890625,43.12569808959961,0.4380455017089844,46
goa,2023-03-20,Cbar,34.117862701416016,34.45697784423828,0.3391151428222656,47
goa,2023-03-21,Cbar,34.72758865356445,35.06169891357422,0.3341102600097656,48
goa,2023-03-22,Cbar,35.7978515625,36.1319580078125,0.3341064453125,49
goa,2023-03-23,Cbar,36.82616424560547,37.160274505615234,0.3341102600097656,50
goa,2023-03-24,Cbar,39.122344970703125,39.46935272216797,0.34700775146484375,51
goa,2023-03-25,Cbar,40.71677780151367,41.06918716430664,0.35240936279296875,52
goa,2023-03-26,Cbar,45.48762130737305,45.87678909301758,0.38916778564453125,53
goa,2023-03-27,Cbar,48.318260192871094,48.72637939453125,0.40811920166015625,54
goa,2023-03-28,Cbar,48.11686706542969,48.51722717285156,0.400360107421875,55
goa,2023-03-29,Cbar,36.949039459228516,37.24773406982422,0.2986946105957031,56
goa,2023-03-30,Cbar,38.02830123901367,38.326995849609375,0.2986946105957031,57
goa,2023-03-31,Cbar,38.869476318359375,39.16606521606445,0.2965888977050781,58
goa,2023-04-01,Cbar,42.64553451538086,42.97478485107422,0.3292503356933594,59
goa,2023-04-02,Cbar,47.382991790771484,47.7601432800293,0.3771514892578125,60
goa,2023-04-03,Cbar,51.59199905395508,52.002220153808594,0.4102210998535156,61
goa,2023-04-04,Cbar,60.91957092285156,61.4046630859375,0.4850921630859375,62
goa,2023-04-05,Cbar,65.5917739868164,66.11219024658203,0.520416259765625,63
goa,2023-04-06,Cbar,72.03700256347656,72.61449432373047,0.5774917602539062,64
goa,2023-04-07,Cbar,77.40188598632812,78.02191162109375,0.620025634765625,65
goa,2023-04-08,Cbar,79.19763946533203,79.82705688476562,0.6294174194335938,66
goa,2023-04-09,Cbar,81.47725677490234,82.11905670166016,0.6417999267578125,67
goa,2023-04-10,Cbar,91.20664978027344,91.94551086425781,0.738861083984375,68
goa,2023-04-11,Cbar,101.56514739990234,102.41110229492188,0.8459548950195312,69
goa,2023-04-12,Cbar,124.52590942382812,125.59363555908203,1.0677261352539062,70
goa,2023-04-13,Cbar,88.20429229736328,88.814208984375,0.6099166870117188,71
goa,2023-04-14,Cbar,89.07890319824219,89.6888198852539,0.6099166870117188,72
goa,2023-04-15,Cbar,89.97826385498047,90.58818054199219,0.6099166870117188,73
goa,2023-04-16,Cbar,90.77745819091797,91.38737487792969,0.6099166870117188,74
goa,2024-03-28,Cbar,11.241098403930664,11.152046203613281,-0.08905220031738281,3
goa,2024-03-29,Cbar,12.690167427062988,12.597466468811035,-0.09270095825195312,2
goa,2024-03-30,Cbar,14.411955833435059,14.293071746826172,-0.11888408660888672,1
goa,2024-03-31,Cbar,13.221166610717773,15.919900894165039,2.6987342834472656,0
goa,2024-04-01,Cbar,14.422155380249023,18.19908905029297,3.7769336700439453,1
goa,2024-04-02,Cbar,15.59902572631836,17.283674240112305,1.6846485137939453,2
goa,2024-04-03,Cbar,16.777807235717773,17.77654457092285,0.9987373352050781,3
goa,2024-04-04,Cbar,17.91929817199707,18.944835662841797,1.0255374908447266,4
goa,2024-04-05,Cbar,15.574028968811035,19.620887756347656,4.046858787536621,5
goa,2024-04-06,Cbar,14.22784423828125,19.218257904052734,4.990413665771484,6
goa,2024-04-07,Cbar,14.38149642944336,18.993499755859375,4.612003326416016,7
goa,2024-04-08,Cbar,15.100298881530762,20.018512725830078,4.918213844299316,8
goa,2024-04-09,Cbar,14.326716423034668,19.919797897338867,5.593081474304199,9
goa,2024-04-10,Cbar,14.678147315979004,19.492889404296875,4.814742088317871,10
goa,2024-04-11,Cbar,11.976161003112793,15.144238471984863,3.1680774688720703,11
goa,2024-04-12,Cbar,15.067137718200684,19.28183937072754,4.2147016525268555,12
goa,2025-06-19,Cbar,57.40557098388672,33.612083435058594,-23.793487548828125,3
goa,2025-06-20,Cbar,59.70140075683594,30.295236587524414,-29.406164169311523,2
goa,2025-06-21,Cbar,62.19921875,32.38603973388672,-29.81317901611328,1
goa,2025-06-22,Cbar,85.84962463378906,34.478939056396484,-51.37068557739258,0
goa,2025-06-23,Cbar,89.25825500488281,40.180110931396484,-49.07814407348633,1
goa,2025-06-24,Cbar,92.28395080566406,51.55809783935547,-40.725852966308594,2
goa,2025-06-25,Cbar,59.8786506652832,50.31682205200195,-9.56182861328125,3
goa,2025-06-26,Cbar,61.949180603027344,52.296669006347656,-9.652511596679688,4
goa,2025-06-27,Cbar,39.63321304321289,43.72349548339844,4.090282440185547,5
goa,2025-06-28,Cbar,35.590370178222656,39.026641845703125,3.4362716674804688,6
goa,2025-06-29,Cbar,37.78921127319336,41.22548294067383,3.4362716674804688,7
goa,2025-06-30,Cbar,46.79495620727539,51.03993606567383,4.2449798583984375,8
goa,2025-07-01,Cbar,41.037261962890625,44.57744216918945,3.540180206298828,9
goa,2025-07-02,Cbar,43.09663772583008,46.636817932128906,3.540180206298828,10
goa,2025-07-03,Cbar,43.66730499267578,47.23971939086914,3.5724143981933594,11
goa,2025-07-04,Cbar,45.878379821777344,49.4507942199707,3.5724143981933594,12
goa,2025-07-05,Cbar,48.168426513671875,51.740840911865234,3.5724143981933594,13
goa,2025-07-06,Cbar,50.41375732421875,53.98617172241211,3.5724143981933594,14
goa,2025-07-07,Cbar,52.70393371582031,56.27634811401367,3.5724143981933594,15
goa,2025-07-08,Cbar,55.121246337890625,58.69365692138672,3.5724105834960938,16
goa,2025-07-09,Cbar,57.338645935058594,60.91106033325195,3.5724143981933594,17
goa,2025-07-10,Cbar,59.527469635009766,63.099884033203125,3.5724143981933594,18
goa,2025-07-11,Cbar,61.672428131103516,65.24484252929688,3.5724143981933594,19
goa,2025-07-12,Cbar,86.0457992553711,91.41853332519531,5.372734069824219,20
goa,2025-07-13,Cbar,107.06710815429688,114.23075103759766,7.163642883300781,21
goa,2025-07-14,Cbar,143.5366973876953,146.49002075195312,2.9533233642578125,22
goa,2026-06-05,Cbar,4.093700408935547,3.3391735553741455,-0.7545268535614014,3
goa,2026-06-06,Cbar,5.438807010650635,3.563931941986084,-1.8748750686645508,2
goa,2026-06-07,Cbar,6.814798831939697,4.6100687980651855,-2.2047300338745117,1
goa,2026-06-08,Cbar,0.0,5.859127521514893,5.859127521514893,0
goa,2026-06-09,Cbar,1.978460669517517,7.576015472412109,5.597554802894592,1
goa,2026-06-10,Cbar,2.1837213039398193,5.426026344299316,3.242305040359497,2
goa,2026-06-11,Cbar,2.6757009029388428,4.530085563659668,1.8543846607208252,3
goa,2026-06-12,Cbar,4.104660511016846,5.830839157104492,1.7261786460876465,4
goa,2026-06-13,Cbar,5.43446683883667,7.04385232925415,1.6093854904174805,5
goa,2026-06-14,Cbar,7.171960830688477,8.772149085998535,1.6001882553100586,6
goa,2026-06-15,Cbar,8.579949378967285,10.46163272857666,1.881683349609375,7
goa,2026-06-16,Cbar,10.373627662658691,12.656620979309082,2.2829933166503906,8
goa,2026-06-17,Cbar,11.682998657226562,15.461647033691406,3.7786483764648438,9
goa,2026-06-18,Cbar,14.605545997619629,19.793926239013672,5.188380241394043,10
goa,2026-06-19,Cbar,18.040956497192383,24.463546752929688,6.422590255737305,11
goa,2026-06-20,Cbar,14.51389217376709,18.949726104736328,4.435833930969238,12
goa,2026-06-21,Cbar,8.92644214630127,11.050328254699707,2.1238861083984375,13
goa,2026-06-22,Cbar,9.949987411499023,11.796876907348633,1.8468894958496094,14
goa,2026-06-23,Cbar,10.896963119506836,12.529605865478516,1.6326427459716797,15
goa,2026-06-24,Cbar,12.941644668579102,14.574288368225098,1.632643699645996,16
goa,2026-06-25,Cbar,14.874974250793457,16.507617950439453,1.632643699645996,17
goa,2026-06-26,Cbar,17.6807804107666,19.648822784423828,1.9680423736572266,18
goa,2026-06-27,Cbar,19.753463745117188,21.721506118774414,1.9680423736572266,19
goa,2026-06-28,Cbar,23.73784637451172,24.767541885375977,1.0296955108642578,20
goa,2026-06-29,Cbar,28.845312118530273,30.09276008605957,1.2474479675292969,21
goa,2026-06-30,Cbar,30.9322452545166,32.179691314697266,1.247446060180664,22
goa,2026-07-01,Cbar,32.981536865234375,34.22898483276367,1.2474479675292969,23
nbs,2023-01-30,Cbar,0.0,1.2489607334136963,1.2489607334136963,2
nbs,2023-01-31,Cbar,0.0,2.4219970703125,2.4219970703125,1
nbs,2023-02-01,Cbar,0.0,3.770315647125244,3.770315647125244,0
nbs,2023-02-02,Cbar,1.31240975856781,5.082725524902344,3.7703157663345337,1
nbs,2023-02-03,Cbar,2.6300745010375977,6.400390148162842,3.770315647125244,2
nbs,2023-02-04,Cbar,3.4336671829223633,6.449919700622559,3.0162525177001953,3
nbs,2023-02-05,Cbar,5.069558143615723,8.085810661315918,3.0162525177001953,4
nbs,2023-02-06,Cbar,6.762448787689209,9.778701782226562,3.0162529945373535,5
nbs,2023-02-07,Cbar,8.49295425415039,11.509206771850586,3.0162525177001953,6
nbs,2023-02-08,Cbar,10.163792610168457,13.180045127868652,3.0162525177001953,7
nbs,2023-02-09,Cbar,12.155192375183105,16.10342025756836,3.948227882385254,8
nbs,2023-02-10,Cbar,13.77646541595459,17.853776931762695,4.0773115158081055,9
nbs,2023-02-11,Cbar,15.269329071044922,19.346878051757812,4.077548980712891,10
nbs,2023-02-12,Cbar,16.7410888671875,20.85134506225586,4.110256195068359,11
nbs,2023-02-13,Cbar,18.480369567871094,22.590625762939453,4.110256195068359,12
nbs,2023-02-14,Cbar,19.97418785095215,24.084444046020508,4.110256195068359,13
nbs,2025-06-18,Cbar,22.303211212158203,20.1903133392334,-2.1128978729248047,4
nbs,2025-06-19,Cbar,27.670310974121094,18.01895523071289,-9.651355743408203,3
nbs,2025-06-20,Cbar,33.46511459350586,16.874935150146484,-16.590179443359375,2
nbs,2025-06-21,Cbar,39.45270919799805,15.242316246032715,-24.210392951965332,1
nbs,2025-06-22,Cbar,39.45270919799805,11.223562240600586,-28.22914695739746,0
nbs,2025-06-23,Cbar,8.154947280883789,13.135721206665039,4.98077392578125,1
nbs,2025-06-24,Cbar,11.651723861694336,16.147790908813477,4.496067047119141,2
nbs,2025-06-25,Cbar,16.08350944519043,20.534996032714844,4.451486587524414,3
nbs,2025-06-26,Cbar,20.593191146850586,25.149999618530273,4.5568084716796875,4
nbs,2025-06-27,Cbar,24.9982852935791,29.889911651611328,4.891626358032227,5
nbs,2025-06-28,Cbar,31.277576446533203,36.65471267700195,5.37713623046875,6
nbs,2025-06-29,Cbar,40.464786529541016,47.25567626953125,6.790889739990234,7
nbs,2025-06-30,Cbar,49.46757888793945,58.283321380615234,8.815742492675781,8
nbs,2025-07-01,Cbar,54.2672004699707,63.51401901245117,9.246818542480469,9
nbs,2025-07-02,Cbar,57.47681427001953,66.58711242675781,9.110298156738281,10
nbs,2025-07-03,Cbar,46.9675407409668,53.764652252197266,6.797111511230469,11
nbs,2025-07-04,Cbar,40.18172836303711,45.421478271484375,5.239749908447266,12
nbs,2025-07-05,Cbar,39.64937973022461,44.26829147338867,4.6189117431640625,13
nbs,2025-07-06,Cbar,43.378108978271484,47.888099670410156,4.509990692138672,14
nbs,2025-07-07,Cbar,47.339691162109375,51.74468994140625,4.404998779296875,15
nbs,2025-07-08,Cbar,46.25017166137695,50.135066986083984,3.8848953247070312,16
nbs,2025-07-09,Cbar,47.42305374145508,51.1677131652832,3.744659423828125,17
nbs,2025-07-10,Cbar,56.30235290527344,61.46125793457031,5.158905029296875,18
nbs,2025-07-11,Cbar,49.73226547241211,54.06184005737305,4.3295745849609375,19
nbs,2025-07-12,Cbar,49.711063385009766,53.65542221069336,3.9443588256835938,20
nbs,2025-07-13,Cbar,55.07676696777344,59.682350158691406,4.605583190917969,21
nbs,2025-07-14,Cbar,80.30731201171875,87.34255981445312,7.035247802734375,22
nbs,2025-07-15,Cbar,87.2293930053711,91.98965454101562,4.760261535644531,23
nbs,2025-07-16,Cbar,136.6650848388672,146.08453369140625,9.419448852539062,24
nbs,2026-06-04,Cbar,13.108960151672363,10.40598201751709,-2.7029781341552734,4
nbs,2026-06-05,Cbar,16.79134178161621,11.928268432617188,-4.863073348999023,3
nbs,2026-06-06,Cbar,21.501476287841797,12.395974159240723,-9.105502128601074,2
nbs,2026-06-07,Cbar,26.223405838012695,16.00273323059082,-10.220672607421875,1
nbs,2026-06-08,Cbar,29.446012496948242,19.06985092163086,-10.376161575317383,0
nbs,2026-06-09,Cbar,20.54216766357422,22.64508628845215,2.1029186248779297,1
nbs,2026-06-10,Cbar,25.99537467956543,28.550731658935547,2.555356979370117,2
nbs,2026-06-11,Cbar,31.361896514892578,33.45928955078125,2.097393035888672,3
nbs,2026-06-12,Cbar,32.744850158691406,36.96574783325195,4.220897674560547,4
nbs,2026-06-13,Cbar,33.23799133300781,37.09086990356445,3.8528785705566406,5
nbs,2026-06-14,Cbar,30.507186889648438,40.78055953979492,10.273372650146484,6
nbs,2026-06-15,Cbar,34.06245803833008,44.654415130615234,10.591957092285156,7
nbs,2026-06-16,Cbar,37.80610275268555,48.7491569519043,10.94305419921875,8
nbs,2026-06-17,Cbar,42.32908248901367,53.27214050292969,10.943058013916016,9
nbs,2026-06-18,Cbar,46.55044937133789,57.49350357055664,10.94305419921875,10
nbs,2026-06-19,Cbar,41.53145217895508,50.30033493041992,8.768882751464844,11
nbs,2026-06-20,Cbar,38.43804168701172,45.708858489990234,7.270816802978516,12
nbs,2026-06-21,Cbar,32.486778259277344,37.85039138793945,5.363613128662109,13
nbs,2026-06-22,Cbar,29.124317169189453,33.204627990722656,4.080310821533203,14
nbs,2026-06-23,Cbar,24.77086639404297,27.60856819152832,2.8377017974853516,15
nbs,2026-06-24,Cbar,26.74690818786621,29.29155921936035,2.5446510314941406,16
nbs,2026-06-25,Cbar,30.508773803710938,32.96072769165039,2.451953887939453,17
nbs,2026-06-26,Cbar,31.612672805786133,33.77451705932617,2.161844253540039,18
nbs,2026-06-27,Cbar,36.40972137451172,38.58359146118164,2.173870086669922,19
nbs,2026-06-28,Cbar,41.06157684326172,43.2467155456543,2.185138702392578,20
nbs,2026-06-29,Cbar,47.6558952331543,50.082305908203125,2.426410675048828,21
nbs,2026-06-30,Cbar,53.018028259277344,55.56279754638672,2.544769287109375,22
nbs,2026-07-01,Cbar,57.59899139404297,60.20968246459961,2.6106910705566406,23
sebs,2021-03-19,Cbar,19.58386993408203,20.21295738220215,0.6290874481201172,4
sebs,2021-03-20,Cbar,28.248027801513672,26.512678146362305,-1.7353496551513672,3
sebs,2021-03-21,Cbar,30.323837280273438,24.015140533447266,-6.308696746826172,2
sebs,2021-03-22,Cbar,31.470489501953125,24.489131927490234,-6.981357574462891,1
sebs,2021-03-23,Cbar,50.748046875,21.578399658203125,-29.169647216796875,0
sebs,2021-03-24,Cbar,13.1764554977417,23.284650802612305,10.108195304870605,1
sebs,2021-03-25,Cbar,12.068155288696289,21.57358741760254,9.50543212890625,2
sebs,2021-03-26,Cbar,11.897628784179688,20.86368751525879,8.966058731079102,3
sebs,2021-03-27,Cbar,12.93924331665039,21.267059326171875,8.327816009521484,4
sebs,2021-03-28,Cbar,14.001872062683105,20.361536026000977,6.359663963317871,5
sebs,2021-03-29,Cbar,15.921347618103027,19.82305908203125,3.9017114639282227,6
sebs,2021-03-30,Cbar,19.033309936523438,23.77276611328125,4.7394561767578125,7
sebs,2021-09-01,Cbar,15.967742919921875,15.936473846435547,-0.031269073486328125,6
sebs,2021-09-02,Cbar,16.574247360229492,16.515865325927734,-0.05838203430175781,5
sebs,2021-09-03,Cbar,18.52878761291504,14.828360557556152,-3.7004270553588867,4
sebs,2021-09-04,Cbar,20.724367141723633,12.567694664001465,-8.156672477722168,3
sebs,2021-09-05,Cbar,22.874242782592773,13.32095718383789,-9.553285598754883,2
sebs,2021-09-06,Cbar,24.997020721435547,14.569202423095703,-10.427818298339844,1
sebs,2021-09-07,Cbar,25.785146713256836,15.511563301086426,-10.27358341217041,0
sebs,2021-09-08,Cbar,11.622699737548828,16.12946319580078,4.506763458251953,1
sebs,2021-09-09,Cbar,13.28386402130127,17.679353713989258,4.395489692687988,2
sebs,2021-09-10,Cbar,14.428150177001953,18.620128631591797,4.191978454589844,3
sebs,2021-09-11,Cbar,15.737171173095703,19.893505096435547,4.156333923339844,4
sebs,2021-09-12,Cbar,17.12718391418457,20.885393142700195,3.758209228515625,5
sebs,2021-09-13,Cbar,19.03383445739746,22.815759658813477,3.7819252014160156,6
sebs,2021-09-14,Cbar,20.868371963500977,24.67034339904785,3.801971435546875,7
sebs,2021-09-15,Cbar,23.057039260864258,26.966629028320312,3.9095897674560547,8
sebs,2021-09-16,Cbar,30.37535858154297,33.89503479003906,3.5196762084960938,9
sebs,2021-09-17,Cbar,33.19160842895508,36.993675231933594,3.8020668029785156,10
sebs,2021-09-18,Cbar,35.633338928222656,39.60791778564453,3.974578857421875,11
sebs,2021-09-19,Cbar,34.89372253417969,38.948856353759766,4.055133819580078,12
sebs,2021-09-20,Cbar,35.8029899597168,40.04592514038086,4.2429351806640625,13
sebs,2021-09-21,Cbar,37.36591339111328,41.77292251586914,4.407009124755859,14
sebs,2021-09-22,Cbar,38.72408676147461,43.29982376098633,4.575736999511719,15
sebs,2021-09-23,Cbar,37.32660675048828,42.30313491821289,4.976528167724609,16
sebs,2021-09-24,Cbar,37.39243698120117,42.58518981933594,5.192752838134766,17
sebs,2021-09-25,Cbar,49.930145263671875,54.03205108642578,4.101905822753906,18
sebs,2021-09-26,Cbar,56.26158905029297,61.19757080078125,4.935981750488281,19
sebs,2021-09-27,Cbar,59.8845329284668,64.6885757446289,4.804042816162109,20
sebs,2021-09-28,Cbar,75.20606231689453,77.67705535888672,2.4709930419921875,21
sebs,2021-09-29,Cbar,76.3800277709961,78.85102844238281,2.4710006713867188,22
sebs,2021-09-30,Cbar,95.19139099121094,97.88392639160156,2.692535400390625,23
sebs,2022-10-17,Cbar,0.0,1.3606497049331665,1.3606497049331665,2
sebs,2022-10-18,Cbar,0.0,1.9581186771392822,1.9581186771392822,1
sebs,2022-10-19,Cbar,0.0,3.1669485569000244,3.1669485569000244,0
sebs,2022-10-20,Cbar,1.555409550666809,4.675788402557373,3.120378851890564,1
sebs,2022-10-21,Cbar,3.093794584274292,6.17045259475708,3.076658010482788,2
sebs,2022-10-22,Cbar,4.597555637359619,7.639219760894775,3.0416641235351562,3
sebs,2022-10-23,Cbar,6.031412601470947,9.170308113098145,3.1388955116271973,4
sebs,2022-10-24,Cbar,7.448500156402588,11.195745468139648,3.7472453117370605,5
sebs,2023-01-26,Cbar,11.60670280456543,11.705843925476074,0.09914112091064453,6
sebs,2023-01-27,Cbar,10.041175842285156,10.83914852142334,0.7979726791381836,5
sebs,2023-01-28,Cbar,11.242269515991211,10.330253601074219,-0.9120159149169922,4
sebs,2023-01-29,Cbar,12.580743789672852,9.269532203674316,-3.311211585998535,3
sebs,2023-01-30,Cbar,14.122042655944824,9.755849838256836,-4.366192817687988,2
sebs,2023-01-31,Cbar,15.734402656555176,10.91987133026123,-4.814531326293945,1
sebs,2023-02-01,Cbar,15.822980880737305,12.253456115722656,-3.5695247650146484,0
sebs,2023-02-02,Cbar,8.404288291931152,13.235417366027832,4.83112907409668,1
sebs,2023-02-03,Cbar,9.892727851867676,14.57416820526123,4.681440353393555,2
sebs,2023-02-04,Cbar,11.636650085449219,16.301443099975586,4.664793014526367,3
sebs,2023-02-05,Cbar,13.351318359375,18.02088165283203,4.669563293457031,4
sebs,2023-02-06,Cbar,15.100310325622559,19.769710540771484,4.669400215148926,5
sebs,2023-02-07,Cbar,16.869598388671875,21.565265655517578,4.695667266845703,6
sebs,2023-02-08,Cbar,18.88951301574707,23.653898239135742,4.764385223388672,7
sebs,2023-02-09,Cbar,20.744050979614258,25.598644256591797,4.854593276977539,8
sebs,2023-02-10,Cbar,23.141881942749023,28.182077407836914,5.040195465087891,9
sebs,2023-02-11,Cbar,24.830005645751953,30.143199920654297,5.313194274902344,10
sebs,2023-02-12,Cbar,26.62201690673828,31.979324340820312,5.357307434082031,11
sebs,2023-02-13,Cbar,28.408138275146484,33.854732513427734,5.44659423828125,12
sebs,2023-02-14,Cbar,30.300275802612305,35.84810256958008,5.547826766967773,13
sebs,2023-02-15,Cbar,30.271883010864258,35.88909912109375,5.617216110229492,14
sebs,2023-02-16,Cbar,30.901973724365234,36.62865447998047,5.726680755615234,15
sebs,2023-02-17,Cbar,31.21221160888672,36.92646408081055,5.714252471923828,16
sebs,2023-02-18,Cbar,32.61602020263672,37.86951446533203,5.2534942626953125,17
sebs,2023-02-19,Cbar,33.84160232543945,39.0544319152832,5.21282958984375,18
sebs,2023-02-20,Cbar,35.25086975097656,40.537349700927734,5.286479949951172,19
sebs,2023-02-21,Cbar,35.95494079589844,41.39374542236328,5.438804626464844,20
sebs,2023-02-22,Cbar,35.319847106933594,40.56193542480469,5.242088317871094,21
sebs,2023-02-23,Cbar,35.950016021728516,41.272762298583984,5.322746276855469,22
sebs,2023-02-24,Cbar,35.374446868896484,40.45915985107422,5.084712982177734,23
sebs,2023-02-25,Cbar,36.42167663574219,41.55122756958008,5.129550933837891,24
sebs,2023-02-26,Cbar,36.66679763793945,42.141963958740234,5.475166320800781,25
sebs,2023-02-27,Cbar,38.31850814819336,44.27566909790039,5.957160949707031,26
sebs,2023-02-28,Cbar,40.09243392944336,46.09576416015625,6.003330230712891,27
sebs,2023-03-01,Cbar,45.78771209716797,51.91154098510742,6.123828887939453,28
sebs,2023-03-02,Cbar,56.11871337890625,61.291446685791016,5.172733306884766,29
sebs,2023-03-03,Cbar,82.30047607421875,83.68795013427734,1.3874740600585938,30
sebs,2025-06-18,Cbar,4.386889457702637,3.569157123565674,-0.8177323341369629,4
sebs,2025-06-19,Cbar,6.657586097717285,6.077009201049805,-0.5805768966674805,3
sebs,2025-06-20,Cbar,9.667928695678711,9.044071197509766,-0.6238574981689453,2
sebs,2025-06-21,Cbar,12.658108711242676,12.061429977416992,-0.5966787338256836,1
sebs,2025-06-22,Cbar,12.658108711242676,14.695582389831543,2.037473678588867,0
sebs,2025-06-23,Cbar,15.125120162963867,17.67432403564453,2.549203872680664,1
sebs,2025-06-24,Cbar,10.297966003417969,11.5821533203125,1.2841873168945312,2
sebs,2025-06-25,Cbar,12.906607627868652,14.190794944763184,1.2841873168945312,3
sebs,2025-06-26,Cbar,15.636093139648438,16.92028045654297,1.2841873168945312,4
sebs,2025-06-27,Cbar,18.55522346496582,19.83941078186035,1.2841873168945312,5
sebs,2025-06-28,Cbar,21.670860290527344,22.955047607421875,1.2841873168945312,6
sebs,2025-06-29,Cbar,24.588865280151367,25.8730525970459,1.2841873168945312,7
sebs,2026-06-04,Cbar,7.947692394256592,4.706563949584961,-3.241128444671631,4
sebs,2026-06-05,Cbar,11.618340492248535,7.2187933921813965,-4.399547100067139,3
sebs,2026-06-06,Cbar,15.37641716003418,10.086503028869629,-5.289914131164551,2
sebs,2026-06-07,Cbar,19.256816864013672,13.634283065795898,-5.622533798217773,1
sebs,2026-06-08,Cbar,19.256816864013672,15.53683090209961,-3.7199859619140625,0
sebs,2026-06-09,Cbar,8.2298002243042,19.235595703125,11.0057954788208,1
sebs,2026-06-10,Cbar,11.741345405578613,22.747140884399414,11.0057954788208,2
sebs,2026-06-11,Cbar,14.715275764465332,25.1053409576416,10.39006519317627,3
sebs,2026-06-12,Cbar,14.785141944885254,22.564062118530273,7.7789201736450195,4
sebs,2026-06-13,Cbar,17.012914657592773,23.914026260375977,6.901111602783203,5
sebs,2026-06-14,Cbar,20.789491653442383,27.690601348876953,6.90110969543457,6
sebs,2026-06-15,Cbar,24.312660217285156,31.213769912719727,6.90110969543457,7
sebs,2026-06-16,Cbar,27.601327896118164,34.502437591552734,6.90110969543457,8
sebs,2026-06-17,Cbar,31.112977981567383,38.280426025390625,7.167448043823242,9
sebs,2026-06-18,Cbar,38.384521484375,46.71080017089844,8.326278686523438,10
sebs,2026-06-19,Cbar,45.96967315673828,55.88104248046875,9.911369323730469,11
sebs,2026-06-20,Cbar,34.68824005126953,41.52049255371094,6.832252502441406,12
sebs,2026-06-21,Cbar,31.559478759765625,37.16122817993164,5.601749420166016,13
sebs,2026-06-22,Cbar,30.768014907836914,35.66474151611328,4.896726608276367,14
sebs,2026-06-23,Cbar,32.200469970703125,36.80926513671875,4.608795166015625,15
sebs,2026-06-24,Cbar,35.44970703125,40.05849838256836,4.608791351318359,16
sebs,2026-06-25,Cbar,38.60157012939453,43.210365295410156,4.608795166015625,17
sebs,2026-06-26,Cbar,41.8731803894043,46.481971740722656,4.608791351318359,18
sebs,2026-06-27,Cbar,45.78514862060547,50.538272857666016,4.753124237060547,19
sebs,2026-06-28,Cbar,55.52080154418945,61.144248962402344,5.623447418212891,20
sebs,2026-06-29,Cbar,96.53097534179688,98.9581298828125,2.427154541015625,21
wgoa,2021-03-18,Cbar,0.0,4.697648048400879,4.697648048400879,5
wgoa,2021-03-19,Cbar,0.0,1.4636856317520142,1.4636856317520142,4
wgoa,2021-03-20,Cbar,0.0,1.6315637826919556,1.6315637826919556,3
wgoa,2021-03-21,Cbar,0.0,1.9689966440200806,1.9689966440200806,2
wgoa,2021-03-22,Cbar,0.0,2.3866302967071533,2.3866302967071533,1
wgoa,2021-03-23,Cbar,0.0,2.8947529792785645,2.8947529792785645,0
wgoa,2021-03-24,Cbar,1.150483250617981,4.006712913513184,2.8562296628952026,1
wgoa,2021-03-25,Cbar,2.212092399597168,5.05365514755249,2.8415627479553223,2
wgoa,2021-03-26,Cbar,3.162301540374756,6.019712448120117,2.8574109077453613,3
wgoa,2021-03-27,Cbar,4.069347381591797,6.393608570098877,2.32426118850708,4
wgoa,2021-03-28,Cbar,4.951182842254639,7.57340145111084,2.622218608856201,5
wgoa,2021-03-29,Cbar,5.928382396697998,9.119202613830566,3.1908202171325684,6
wgoa,2021-03-30,Cbar,6.75069522857666,10.148716926574707,3.398021697998047,7
wgoa,2021-09-04,Cbar,8.913006782531738,7.1474690437316895,-1.7655377388000488,3
wgoa,2021-09-05,Cbar,9.929983139038086,7.923952102661133,-2.006031036376953,2
wgoa,2021-09-06,Cbar,0.0,4.689927101135254,4.689927101135254,1
wgoa,2021-09-07,Cbar,0.0,6.3104047775268555,6.3104047775268555,0
wgoa,2021-09-08,Cbar,0.0,7.713927268981934,7.713927268981934,1
wgoa,2021-09-09,Cbar,0.0,9.172107696533203,9.172107696533203,2
wgoa,2021-09-10,Cbar,0.0,10.637064933776855,10.637064933776855,3
wgoa,2021-09-11,Cbar,0.0,12.091276168823242,12.091276168823242,4
wgoa,2023-01-28,Cbar,44.760414123535156,40.321998596191406,-4.43841552734375,4
wgoa,2023-01-29,Cbar,45.94540023803711,40.15034103393555,-5.7950592041015625,3
wgoa,2023-01-30,Cbar,47.367671966552734,38.365543365478516,-9.002128601074219,2
wgoa,2023-01-31,Cbar,48.840423583984375,39.40621566772461,-9.434207916259766,1
wgoa,2023-02-01,Cbar,53.06027603149414,40.19292068481445,-12.867355346679688,0
wgoa,2023-02-02,Cbar,44.434627532958984,41.63642501831055,-2.7982025146484375,1
wgoa,2023-02-03,Cbar,45.77659225463867,43.52793502807617,-2.2486572265625,2
wgoa,2023-02-04,Cbar,47.116031646728516,48.58725357055664,1.471221923828125,3
wgoa,2023-02-05,Cbar,48.39149475097656,50.62897491455078,2.2374801635742188,4
wgoa,2023-02-06,Cbar,49.3924446105957,52.387481689453125,2.995037078857422,5
wgoa,2023-02-07,Cbar,53.25452423095703,56.250946044921875,2.9964218139648438,6
wgoa,2023-02-08,Cbar,58.395423889160156,61.39186477661133,2.996440887451172,7
wgoa,2023-02-09,Cbar,59.961368560791016,62.953922271728516,2.9925537109375,8
wgoa,2023-02-10,Cbar,61.20991516113281,64.20246887207031,2.9925537109375,9
wgoa,2023-02-11,Cbar,63.71233367919922,66.69058227539062,2.9782485961914062,10
wgoa,2023-02-12,Cbar,66.36552429199219,69.09688568115234,2.7313613891601562,11
wgoa,2023-02-13,Cbar,69.91487121582031,72.48446655273438,2.5695953369140625,12
wgoa,2023-02-14,Cbar,72.95902252197266,75.42528533935547,2.4662628173828125,13
wgoa,2023-02-15,Cbar,74.70954132080078,77.17675018310547,2.4672088623046875,14
wgoa,2023-02-16,Cbar,76.25938415527344,78.76703643798828,2.5076522827148438,15
wgoa,2023-02-17,Cbar,77.45818328857422,79.96583557128906,2.5076522827148438,16
wgoa,2023-02-18,Cbar,79.52580261230469,81.96973419189453,2.4439315795898438,17
wgoa,2023-02-19,Cbar,78.24744415283203,80.61937713623047,2.3719329833984375,18
wgoa,2023-02-20,Cbar,76.13541412353516,78.40766143798828,2.272247314453125,19
wgoa,2023-02-21,Cbar,72.06544494628906,74.1792984008789,2.1138534545898438,20
wgoa,2023-02-22,Cbar,73.31289672851562,75.42675018310547,2.1138534545898438,21
wgoa,2023-02-23,Cbar,73.52216339111328,75.60420227050781,2.0820388793945312,22
wgoa,2023-02-24,Cbar,72.97846984863281,75.00839233398438,2.0299224853515625,23
wgoa,2023-02-25,Cbar,73.66902160644531,75.68220520019531,2.01318359375,24
wgoa,2023-02-26,Cbar,76.37802124023438,78.43384552001953,2.0558242797851562,25
wgoa,2023-02-27,Cbar,78.62714385986328,80.7094955444336,2.0823516845703125,26
wgoa,2023-02-28,Cbar,80.5846939086914,82.68495178222656,2.1002578735351562,27
wgoa,2023-03-01,Cbar,83.11837768554688,85.25885009765625,2.140472412109375,28
wgoa,2023-03-02,Cbar,91.39583587646484,92.76251983642578,1.3666839599609375,29
wgoa,2023-03-03,Cbar,102.5291748046875,104.03779602050781,1.5086212158203125,30
wgoa,2023-03-04,Cbar,105.63229370117188,107.15062713623047,1.5183334350585938,31
wgoa,2023-03-05,Cbar,108.01880645751953,109.53956604003906,1.5207595825195312,32
wgoa,2023-03-06,Cbar,123.07953643798828,124.66830444335938,1.5887680053710938,33
wgoa,2023-03-07,Cbar,124.31565856933594,125.90595245361328,1.5902938842773438,34
wgoa,2023-03-08,Cbar,121.52117919921875,123.06594848632812,1.544769287109375,35
wgoa,2023-03-09,Cbar,73.40232849121094,74.32217407226562,0.9198455810546875,36
wgoa,2023-03-10,Cbar,59.84343719482422,60.57926559448242,0.7358283996582031,37
wgoa,2023-03-11,Cbar,58.30241012573242,59.005409240722656,0.7029991149902344,38
wgoa,2023-03-12,Cbar,44.1085205078125,44.62676239013672,0.5182418823242188,39
wgoa,2023-03-13,Cbar,45.159950256347656,45.678001403808594,0.5180511474609375,40
wgoa,2023-03-14,Cbar,46.62032699584961,47.143959045410156,0.5236320495605469,41
wgoa,2023-03-15,Cbar,50.16900634765625,50.719383239746094,0.5503768920898438,42
wgoa,2023-03-16,Cbar,53.937381744384766,54.52336502075195,0.5859832763671875,43
wgoa,2023-03-17,Cbar,54.87741470336914,55.46339416503906,0.5859794616699219,44
wgoa,2023-03-18,Cbar,55.821746826171875,56.4077262878418,0.5859794616699219,45
wgoa,2023-03-19,Cbar,42.687652587890625,43.12569808959961,0.4380455017089844,46
wgoa,2023-03-20,Cbar,34.117862701416016,34.45697784423828,0.3391151428222656,47
wgoa,2023-03-21,Cbar,34.72758865356445,35.06169891357422,0.3341102600097656,48
wgoa,2023-03-22,Cbar,35.7978515625,36.1319580078125,0.3341064453125,49
wgoa,2023-03-23,Cbar,36.82616424560547,37.160274505615234,0.3341102600097656,50
wgoa,2023-03-24,Cbar,39.122344970703125,39.46935272216797,0.34700775146484375,51
wgoa,2023-03-25,Cbar,40.71677780151367,41.06918716430664,0.35240936279296875,52
wgoa,2023-03-26,Cbar,45.48762130737305,45.87678909301758,0.38916778564453125,53
wgoa,2023-03-27,Cbar,48.318260192871094,48.72637939453125,0.40811920166015625,54
wgoa,2023-03-28,Cbar,48.11686706542969,48.51722717285156,0.400360107421875,55
wgoa,2023-03-29,Cbar,36.949039459228516,37.24773406982422,0.2986946105957031,56
wgoa,2023-03-30,Cbar,38.02830123901367,38.326995849609375,0.2986946105957031,57
wgoa,2023-03-31,Cbar,38.869476318359375,39.16606521606445,0.2965888977050781,58
wgoa,2023-04-01,Cbar,42.64553451538086,42.97478485107422,0.3292503356933594,59
wgoa,2023-04-02,Cbar,47.382991790771484,47.7601432800293,0.3771514892578125,60
wgoa,2023-04-03,Cbar,51.59199905395508,52.002220153808594,0.4102210998535156,61
wgoa,2023-04-04,Cbar,60.91957092285156,61.4046630859375,0.4850921630859375,62
wgoa,2023-04-05,Cbar,65.5917739868164,66.11219024658203,0.520416259765625,63
wgoa,2023-04-06,Cbar,72.03700256347656,72.61449432373047,0.5774917602539062,64
wgoa,2023-04-07,Cbar,77.40188598632812,78.02191162109375,0.620025634765625,65
wgoa,2023-04-08,Cbar,79.19763946533203,79.82705688476562,0.6294174194335938,66
wgoa,2023-04-09,Cbar,81.47725677490234,82.11905670166016,0.6417999267578125,67
wgoa,2023-04-10,Cbar,91.20664978027344,91.94551086425781,0.738861083984375,68
wgoa,2023-04-11,Cbar,101.56514739990234,102.41110229492188,0.8459548950195312,69
wgoa,2023-04-12,Cbar,124.52590942382812,125.59363555908203,1.0677261352539062,70
wgoa,2023-04-13,Cbar,88.20429229736328,88.814208984375,0.6099166870117188,71
wgoa,2023-04-14,Cbar,89.07890319824219,89.6888198852539,0.6099166870117188,72
wgoa,2023-04-15,Cbar,89.97826385498047,90.58818054199219,0.6099166870117188,73
wgoa,2023-04-16,Cbar,90.77745819091797,91.38737487792969,0.6099166870117188,74
wgoa,2024-03-31,Cbar,0.0,32.07760238647461,32.07760238647461,0
wgoa,2024-04-01,Cbar,0.0,50.94572830200195,50.94572830200195,1
wgoa,2025-06-20,Cbar,59.70140075683594,45.41621780395508,-14.28518295288086,2
wgoa,2025-06-21,Cbar,62.19921875,47.84663009643555,-14.352588653564453,1
wgoa,2025-06-22,Cbar,85.84962463378906,50.246559143066406,-35.603065490722656,0
wgoa,2025-06-23,Cbar,89.25825500488281,64.58372497558594,-24.674530029296875,1
wgoa,2025-06-24,Cbar,92.28395080566406,67.46807861328125,-24.815872192382812,2
wgoa,2025-06-25,Cbar,94.75697326660156,69.77149200439453,-24.98548126220703,3
wgoa,2025-06-26,Cbar,97.02151489257812,71.84465789794922,-25.176856994628906,4
wgoa,2025-06-27,Cbar,49.93814468383789,55.227996826171875,5.289852142333984,5
wgoa,2025-06-28,Cbar,42.48165512084961,46.72663497924805,4.2449798583984375,6
wgoa,2025-06-29,Cbar,44.720584869384766,48.96556091308594,4.244976043701172,7
wgoa,2025-06-30,Cbar,46.79495620727539,51.03993606567383,4.2449798583984375,8
wgoa,2025-07-01,Cbar,41.037261962890625,44.57744216918945,3.540180206298828,9
wgoa,2025-07-02,Cbar,43.09663772583008,46.636817932128906,3.540180206298828,10
wgoa,2025-07-03,Cbar,43.66730499267578,47.23971939086914,3.5724143981933594,11
wgoa,2025-07-04,Cbar,45.878379821777344,49.4507942199707,3.5724143981933594,12
wgoa,2025-07-05,Cbar,48.168426513671875,51.740840911865234,3.5724143981933594,13
wgoa,2025-07-06,Cbar,50.41375732421875,53.98617172241211,3.5724143981933594,14
wgoa,2025-07-07,Cbar,52.70393371582031,56.27634811401367,3.5724143981933594,15
wgoa,2025-07-08,Cbar,55.121246337890625,58.69365692138672,3.5724105834960938,16
wgoa,2025-07-09,Cbar,57.338645935058594,60.91106033325195,3.5724143981933594,17
wgoa,2025-07-10,Cbar,59.527469635009766,63.099884033203125,3.5724143981933594,18
wgoa,2025-07-11,Cbar,61.672428131103516,65.24484252929688,3.5724143981933594,19
wgoa,2025-07-12,Cbar,86.0457992553711,91.41853332519531,5.372734069824219,20
wgoa,2025-07-13,Cbar,107.06710815429688,114.23075103759766,7.163642883300781,21
wgoa,2025-07-14,Cbar,143.5366973876953,146.49002075195312,2.9533233642578125,22
wgoa,2026-06-05,Cbar,0.0,1.6472396850585938,1.6472396850585938,3
wgoa,2026-06-06,Cbar,0.0,2.4951767921447754,2.4951767921447754,2
wgoa,2026-06-07,Cbar,0.0,4.338011264801025,4.338011264801025,1
wgoa,2026-06-08,Cbar,0.0,6.507022380828857,6.507022380828857,0
wgoa,2026-06-09,Cbar,2.7196717262268066,8.614860534667969,5.895188808441162,1
wgoa,2026-06-10,Cbar,3.8598597049713135,8.942553520202637,5.082693815231323,2
wgoa,2026-06-11,Cbar,4.793441295623779,9.097110748291016,4.303669452667236,3
wgoa,2026-06-12,Cbar,6.736145496368408,10.976522445678711,4.240376949310303,4
wgoa,2026-06-13,Cbar,6.223515033721924,9.411565780639648,3.1880507469177246,5
wgoa,2026-06-14,Cbar,8.178285598754883,11.297143936157227,3.1188583374023438,6
wgoa,2026-06-15,Cbar,9.13632583618164,14.10047721862793,4.964151382446289,7
wgoa,2026-06-16,Cbar,11.494980812072754,17.561664581298828,6.066683769226074,8
wgoa,2026-06-17,Cbar,11.811403274536133,16.953622817993164,5.142219543457031,9
wgoa,2026-06-18,Cbar,14.994112968444824,21.346120834350586,6.352007865905762,10
wgoa,2026-06-19,Cbar,19.145355224609375,27.451515197753906,8.306159973144531,11
wgoa,2026-06-20,Cbar,17.098493576049805,23.548425674438477,6.449932098388672,12
wgoa,2026-06-21,Cbar,13.966064453125,18.41490936279297,4.448844909667969,13
wgoa,2026-06-22,Cbar,16.434555053710938,20.883399963378906,4.448844909667969,14
wgoa,2026-06-23,Cbar,18.92791748046875,23.37676239013672,4.448844909667969,15
wgoa,2026-06-24,Cbar,21.240280151367188,25.689125061035156,4.448844909667969,16
wgoa,2026-06-25,Cbar,23.42717933654785,27.87602424621582,4.448844909667969,17
wgoa,2026-06-26,Cbar,36.16399002075195,44.470149993896484,8.306159973144531,18
wgoa,2026-06-27,Cbar,38.46421813964844,46.77037811279297,8.306159973144531,19
wgoa,2026-06-28,Cbar,46.326438903808594,51.026512145996094,4.7000732421875,20
wgoa,2026-06-29,Cbar,48.57381820678711,53.27389144897461,4.7000732421875,21
wgoa,2026-06-30,Cbar,50.91175079345703,55.6118278503418,4.700077056884766,22
wgoa,2026-07-01,Cbar,52.98548889160156,57.68556594848633,4.700077056884766,23
ai,2021-03-18,Dbar,8.951109886169434,9.275304794311523,0.32419490814208984,5
ai,2021-03-19,Dbar,10.015310287475586,10.275304794311523,0.2599945068359375,4
ai,2021-03-20,Dbar,9.534553527832031,9.136089324951172,-0.3984642028808594,3
ai,2021-03-21,Dbar,10.475655555725098,9.16156005859375,-1.3140954971313477,2
ai,2021-03-22,Dbar,11.696200370788574,9.858489036560059,-1.8377113342285156,1
ai,2021-03-23,Dbar,13.128390312194824,9.699335098266602,-3.4290552139282227,0
ai,2021-03-24,Dbar,6.899630546569824,7.91762113571167,1.0179905891418457,1
ai,2021-03-25,Dbar,7.899630546569824,8.587307929992676,0.6876773834228516,2
ai,2021-03-26,Dbar,8.792448997497559,9.587307929992676,0.7948589324951172,3
ai,2021-03-27,Dbar,9.792448997497559,10.556549072265625,0.7641000747680664,4
ai,2021-03-28,Dbar,10.792448997497559,11.91768741607666,1.1252384185791016,5
ai,2021-03-29,Dbar,10.455272674560547,11.27802562713623,0.8227529525756836,6
ai,2021-03-30,Dbar,11.313875198364258,12.340398788452148,1.0265235900878906,7
ai,2021-03-31,Dbar,14.650697708129883,15.574227333068848,0.9235296249389648,8
ai,2021-04-01,Dbar,1.7424635887145996,2.04065203666687,0.2981884479522705,9
ai,2021-09-01,Dbar,16.95516014099121,16.943296432495117,-0.01186370849609375,6
ai,2021-09-02,Dbar,16.928190231323242,16.92244529724121,-0.00574493408203125,5
ai,2021-09-03,Dbar,17.955583572387695,16.661130905151367,-1.2944526672363281,4
ai,2021-09-04,Dbar,18.955583572387695,16.739776611328125,-2.2158069610595703,3
ai,2021-09-05,Dbar,19.955583572387695,17.529296875,-2.4262866973876953,2
ai,2021-09-06,Dbar,20.962738037109375,18.49917221069336,-2.4635658264160156,1
ai,2021-09-07,Dbar,23.049169540405273,19.362916946411133,-3.6862525939941406,0
ai,2021-09-08,Dbar,21.20286750793457,20.22454261779785,-0.9783248901367188,1
ai,2021-09-09,Dbar,22.20286750793457,21.26806640625,-0.9348011016845703,2
ai,2021-09-10,Dbar,23.19083023071289,22.70610237121582,-0.4847278594970703,3
ai,2021-09-11,Dbar,24.17933464050293,24.031076431274414,-0.14825820922851562,4
ai,2021-09-12,Dbar,25.16728973388672,25.70488929748535,0.5375995635986328,5
ai,2021-09-13,Dbar,27.117677688598633,27.552642822265625,0.4349651336669922,6
ai,2021-09-14,Dbar,27.936382293701172,28.34218406677246,0.40580177307128906,7
ai,2021-09-15,Dbar,29.42441749572754,29.753009796142578,0.32859230041503906,8
ai,2021-09-16,Dbar,30.95006561279297,31.300281524658203,0.3502159118652344,9
ai,2021-09-17,Dbar,31.977397918701172,32.327022552490234,0.3496246337890625,10
ai,2021-09-18,Dbar,33.41660690307617,33.72661590576172,0.3100090026855469,11
ai,2021-09-19,Dbar,35.34066390991211,35.690162658691406,0.3494987487792969,12
ai,2021-09-20,Dbar,37.359901428222656,37.68873596191406,0.32883453369140625,13
ai,2021-09-21,Dbar,38.949954986572266,39.23239517211914,0.282440185546875,14
ai,2021-09-22,Dbar,38.38435363769531,38.68403244018555,0.2996788024902344,15
ai,2021-09-23,Dbar,41.35242462158203,41.46268081665039,0.11025619506835938,16
ai,2021-09-24,Dbar,41.85618591308594,41.974788665771484,0.11860275268554688,17
ai,2021-09-25,Dbar,42.53440856933594,42.60539245605469,0.07098388671875,18
ai,2022-10-15,Dbar,36.67595672607422,36.20848846435547,-0.46746826171875,4
ai,2022-10-16,Dbar,39.55946350097656,38.91971969604492,-0.6397438049316406,3
ai,2022-10-17,Dbar,42.19508361816406,41.36309051513672,-0.8319931030273438,2
ai,2022-10-18,Dbar,44.185001373291016,43.278465270996094,-0.9065361022949219,1
ai,2022-10-19,Dbar,45.440101623535156,44.278465270996094,-1.1616363525390625,0
ai,2022-10-20,Dbar,41.268306732177734,41.14692687988281,-0.12137985229492188,1
ai,2022-10-21,Dbar,37.089683532714844,37.01605987548828,-0.0736236572265625,2
ai,2022-10-22,Dbar,30.802793502807617,30.780492782592773,-0.02230072021484375,3
ai,2022-10-23,Dbar,26.970077514648438,26.971927642822266,0.001850128173828125,4
ai,2022-10-24,Dbar,24.787158966064453,24.890958786010742,0.10379981994628906,5
ai,2022-10-25,Dbar,24.083284378051758,24.179948806762695,0.0966644287109375,6
ai,2022-10-26,Dbar,24.89738655090332,24.993375778198242,0.09598922729492188,7
ai,2022-10-27,Dbar,26.04168128967285,26.138639450073242,0.09695816040039062,8
ai,2022-10-28,Dbar,27.415781021118164,27.514829635620117,0.09904861450195312,9
ai,2022-10-29,Dbar,27.35100746154785,27.44631004333496,0.09530258178710938,10
ai,2022-10-30,Dbar,25.975664138793945,26.06269073486328,0.08702659606933594,11
ai,2022-10-31,Dbar,22.23002815246582,22.30115509033203,0.07112693786621094,12
ai,2022-11-01,Dbar,19.280656814575195,19.339147567749023,0.058490753173828125,13
ai,2022-11-02,Dbar,19.08101463317871,19.13591957092285,0.054904937744140625,14
ai,2022-11-03,Dbar,17.86724090576172,17.9157772064209,0.04853630065917969,15
ai,2022-11-04,Dbar,17.461088180541992,17.50580406188965,0.04471588134765625,16
ai,2022-11-05,Dbar,17.36993980407715,17.411861419677734,0.04192161560058594,17
ai,2022-11-06,Dbar,18.250940322875977,18.292621612548828,0.04168128967285156,18
ai,2022-11-07,Dbar,17.60933494567871,17.64731788635254,0.037982940673828125,19
ai,2022-11-08,Dbar,17.77366828918457,17.809913635253906,0.03624534606933594,20
ai,2022-11-09,Dbar,18.258028030395508,18.293472290039062,0.03544425964355469,21
ai,2022-11-10,Dbar,18.771276473999023,18.805788040161133,0.034511566162109375,22
ai,2022-11-11,Dbar,19.6235294342041,19.657793045043945,0.03426361083984375,23
ai,2022-11-12,Dbar,20.19902801513672,20.232681274414062,0.03365325927734375,24
ai,2022-11-13,Dbar,19.50242805480957,19.533361434936523,0.030933380126953125,25
ai,2022-11-14,Dbar,19.784936904907227,19.815031051635742,0.030094146728515625,26
ai,2022-11-15,Dbar,19.249300003051758,19.27823829650879,0.02893829345703125,27
ai,2022-11-16,Dbar,19.10396957397461,19.131345748901367,0.027376174926757812,28
ai,2022-11-17,Dbar,20.0657901763916,20.093168258666992,0.027378082275390625,29
ai,2022-11-18,Dbar,20.363569259643555,20.390127182006836,0.02655792236328125,30
ai,2022-11-19,Dbar,20.7227725982666,20.74867057800293,0.025897979736328125,31
ai,2022-11-20,Dbar,20.770462036132812,20.795284271240234,0.024822235107421875,32
ai,2022-11-21,Dbar,20.267690658569336,20.29071807861328,0.023027420043945312,33
ai,2022-11-22,Dbar,20.221662521362305,20.243501663208008,0.021839141845703125,34
ai,2022-11-23,Dbar,20.17002296447754,20.19072723388672,0.020704269409179688,35
ai,2022-11-24,Dbar,19.47077178955078,19.489730834960938,0.01895904541015625,36
ai,2022-11-25,Dbar,19.89274024963379,19.91114044189453,0.018400192260742188,37
ai,2022-11-26,Dbar,20.40204620361328,20.420026779174805,0.017980575561523438,38
ai,2022-11-27,Dbar,21.111238479614258,21.129125595092773,0.017887115478515625,39
ai,2022-11-28,Dbar,21.862911224365234,21.88071632385254,0.017805099487304688,40
ai,2022-11-29,Dbar,21.820106506347656,21.837074279785156,0.0169677734375,41
ai,2022-11-30,Dbar,21.782203674316406,21.798372268676758,0.016168594360351562,42
ai,2022-12-01,Dbar,21.691730499267578,21.707088470458984,0.01535797119140625,43
ai,2022-12-02,Dbar,20.75827407836914,20.772262573242188,0.013988494873046875,44
ai,2022-12-03,Dbar,21.076250076293945,21.089780807495117,0.013530731201171875,45
ai,2022-12-04,Dbar,21.90273094177246,21.916149139404297,0.013418197631835938,46
ai,2022-12-05,Dbar,22.82383918762207,22.837217330932617,0.013378143310546875,47
ai,2022-12-06,Dbar,23.832366943359375,23.84575080871582,0.013383865356445312,48
ai,2022-12-07,Dbar,24.926021575927734,24.93947410583496,0.013452529907226562,49
ai,2022-12-08,Dbar,25.989166259765625,26.002674102783203,0.013507843017578125,50
ai,2022-12-09,Dbar,26.84955406188965,26.862991333007812,0.013437271118164062,51
ai,2022-12-10,Dbar,27.738147735595703,27.75153160095215,0.013383865356445312,52
ai,2022-12-11,Dbar,28.604190826416016,28.617509841918945,0.013319015502929688,52
ai,2022-12-12,Dbar,29.626211166381836,29.639549255371094,0.013338088989257812,51
ai,2022-12-13,Dbar,30.753673553466797,30.767105102539062,0.013431549072265625,50
ai,2022-12-14,Dbar,31.744285583496094,31.75771713256836,0.013431549072265625,49
ai,2022-12-15,Dbar,32.71924591064453,32.732688903808594,0.0134429931640625,48
ai,2022-12-16,Dbar,33.75578308105469,33.76942443847656,0.013641357421875,47
ai,2022-12-17,Dbar,34.83704376220703,34.8509635925293,0.013919830322265625,46
ai,2022-12-18,Dbar,35.35063552856445,35.364383697509766,0.0137481689453125,45
ai,2022-12-19,Dbar,35.440982818603516,35.45440673828125,0.013423919677734375,44
ai,2022-12-20,Dbar,34.54243469238281,34.555137634277344,0.01270294189453125,43
ai,2022-12-21,Dbar,34.30876159667969,34.32101058959961,0.012248992919921875,42
ai,2022-12-22,Dbar,35.016109466552734,35.02825927734375,0.012149810791015625,41
ai,2022-12-23,Dbar,35.795387268066406,35.80746078491211,0.012073516845703125,40
ai,2022-12-24,Dbar,36.18416213989258,36.1960334777832,0.011871337890625,39
ai,2022-12-25,Dbar,37.749427795410156,37.76152801513672,0.0121002197265625,38
ai,2022-12-26,Dbar,38.867225646972656,38.879371643066406,0.01214599609375,37
ai,2022-12-27,Dbar,40.201839447021484,40.21412658691406,0.012287139892578125,36
ai,2022-12-28,Dbar,41.59942626953125,41.611873626708984,0.012447357177734375,35
ai,2022-12-29,Dbar,43.124717712402344,43.13739776611328,0.0126800537109375,34
ai,2022-12-30,Dbar,45.35700607299805,45.37031936645508,0.01331329345703125,33
ai,2022-12-31,Dbar,46.82044982910156,46.8339729309082,0.013523101806640625,32
ai,2023-01-01,Dbar,47.92329406738281,47.936954498291016,0.013660430908203125,31
ai,2023-01-02,Dbar,49.08454895019531,49.09848403930664,0.013935089111328125,30
ai,2023-01-03,Dbar,50.58329772949219,50.59790802001953,0.01461029052734375,29
ai,2023-01-04,Dbar,52.093997955322266,52.109561920166016,0.01556396484375,28
ai,2023-01-05,Dbar,53.16258239746094,53.17848587036133,0.015903472900390625,27
ai,2023-01-06,Dbar,53.86298751831055,53.87892150878906,0.015933990478515625,26
ai,2023-01-07,Dbar,52.847869873046875,52.863250732421875,0.015380859375,25
ai,2023-01-08,Dbar,52.56745147705078,52.58246612548828,0.0150146484375,24
ai,2023-01-09,Dbar,52.77777099609375,52.792572021484375,0.014801025390625,23
ai,2023-01-10,Dbar,53.144737243652344,53.15944290161133,0.014705657958984375,22
ai,2023-01-11,Dbar,53.503517150878906,53.51832580566406,0.01480865478515625,21
ai,2023-01-12,Dbar,53.74115753173828,53.75583267211914,0.014675140380859375,20
ai,2023-01-13,Dbar,54.155067443847656,54.1696891784668,0.014621734619140625,19
ai,2023-01-14,Dbar,54.713626861572266,54.72827911376953,0.014652252197265625,18
ai,2023-01-15,Dbar,55.2620964050293,55.27667236328125,0.014575958251953125,17
ai,2023-01-16,Dbar,55.718990325927734,55.73344039916992,0.0144500732421875,16
ai,2023-01-17,Dbar,56.35490798950195,56.36934280395508,0.014434814453125,15
ai,2023-01-18,Dbar,57.1525993347168,57.1671142578125,0.014514923095703125,14
ai,2023-01-19,Dbar,58.704898834228516,58.71967697143555,0.01477813720703125,13
ai,2023-01-20,Dbar,60.63563537597656,60.650997161865234,0.015361785888671875,12
ai,2023-01-21,Dbar,61.626766204833984,61.64247131347656,0.015705108642578125,11
ai,2023-01-22,Dbar,62.613983154296875,62.63065719604492,0.016674041748046875,10
ai,2023-01-23,Dbar,63.36789321899414,63.3846321105957,0.0167388916015625,9
ai,2023-01-24,Dbar,62.706764221191406,62.72306442260742,0.016300201416015625,8
ai,2023-01-25,Dbar,58.05481719970703,58.06964874267578,0.01483154296875,7
ai,2023-01-26,Dbar,57.418304443359375,57.41546630859375,-0.002838134765625,6
ai,2023-01-27,Dbar,58.144901275634766,57.93849182128906,-0.20640945434570312,5
ai,2023-01-28,Dbar,59.073265075683594,56.44773483276367,-2.625530242919922,4
ai,2023-01-29,Dbar,60.1993408203125,53.87765884399414,-6.321681976318359,3
ai,2023-01-30,Dbar,61.15729904174805,52.78337860107422,-8.373920440673828,2
ai,2023-01-31,Dbar,62.140846252441406,53.1776237487793,-8.96322250366211,1
ai,2023-02-01,Dbar,63.85097885131836,53.833988189697266,-10.016990661621094,0
ai,2023-02-02,Dbar,56.23345184326172,54.83321762084961,-1.4002342224121094,1
ai,2023-02-03,Dbar,57.23345184326172,56.22343063354492,-1.0100212097167969,2
ai,2023-02-04,Dbar,58.12147521972656,57.51781463623047,-0.6036605834960938,3
ai,2023-02-05,Dbar,59.12147521972656,59.18783187866211,0.06635665893554688,4
ai,2023-02-06,Dbar,60.12147521972656,61.06090545654297,0.9394302368164062,5
ai,2023-02-07,Dbar,64.08560943603516,64.89327239990234,0.8076629638671875,6
ai,2023-02-08,Dbar,67.00218200683594,67.76433563232422,0.7621536254882812,7
ai,2023-02-09,Dbar,69.57254028320312,70.34589385986328,0.7733535766601562,8
ai,2023-02-10,Dbar,71.98303985595703,72.68475341796875,0.7017135620117188,9
ai,2023-02-11,Dbar,73.15816497802734,73.8794937133789,0.7213287353515625,10
ai,2023-02-12,Dbar,72.45196533203125,73.15290069580078,0.7009353637695312,11
ai,2023-02-13,Dbar,71.17652893066406,71.82716369628906,0.650634765625,12
ai,2023-02-14,Dbar,64.3768310546875,64.95350646972656,0.5766754150390625,13
ai,2023-02-15,Dbar,64.19486999511719,64.76095581054688,0.5660858154296875,14
ai,2023-02-16,Dbar,61.76558303833008,62.26918411254883,0.50360107421875,15
ai,2023-02-17,Dbar,61.53147888183594,62.02744674682617,0.4959678649902344,16
ai,2023-02-18,Dbar,62.527015686035156,63.025089263916016,0.4980735778808594,17
ai,2023-02-19,Dbar,65.0107192993164,65.48367309570312,0.47295379638671875,18
ai,2023-02-20,Dbar,68.83222961425781,69.36433410644531,0.5321044921875,19
ai,2023-02-21,Dbar,73.8140869140625,74.44747161865234,0.6333847045898438,20
ai,2023-02-22,Dbar,79.14887237548828,79.8259506225586,0.6770782470703125,21
ai,2023-02-23,Dbar,81.12223815917969,81.83287048339844,0.71063232421875,22
ai,2023-02-24,Dbar,81.15131378173828,81.89446258544922,0.7431488037109375,23
ai,2023-02-25,Dbar,82.0761947631836,82.81754302978516,0.7413482666015625,24
ai,2023-02-26,Dbar,79.52851104736328,80.35895538330078,0.8304443359375,25
ai,2023-02-27,Dbar,80.39923095703125,81.24534606933594,0.8461151123046875,26
ai,2023-02-28,Dbar,81.73198699951172,82.57276916503906,0.8407821655273438,27
ai,2023-03-01,Dbar,85.01041412353516,85.75945281982422,0.7490386962890625,28
ai,2023-03-02,Dbar,89.27748107910156,89.4666748046875,0.1891937255859375,29
ai,2023-03-03,Dbar,92.31929779052734,92.56401824951172,0.244720458984375,30
ai,2023-03-04,Dbar,100.23664855957031,100.58602905273438,0.3493804931640625,31
ai,2023-03-05,Dbar,106.88491821289062,107.32864379882812,0.4437255859375,32
ai,2023-03-06,Dbar,111.1921157836914,111.68061065673828,0.488494873046875,33
ai,2023-03-07,Dbar,112.80892181396484,113.43011474609375,0.6211929321289062,34
ai,2023-03-08,Dbar,110.66768646240234,111.37313079833984,0.7054443359375,35
ai,2023-03-09,Dbar,106.9148178100586,107.6862564086914,0.7714385986328125,36
ai,2023-03-10,Dbar,88.43708038330078,89.22272491455078,0.78564453125,37
ai,2023-03-11,Dbar,65.23961639404297,65.83611297607422,0.59649658203125,38
ai,2023-03-12,Dbar,52.548377990722656,53.03752136230469,0.48914337158203125,39
ai,2023-03-13,Dbar,47.138641357421875,47.568565368652344,0.42992401123046875,40
ai,2023-03-14,Dbar,38.266231536865234,38.285850524902344,0.019618988037109375,41
ai,2023-03-15,Dbar,36.86735534667969,36.8857421875,0.0183868408203125,42
ai,2023-03-16,Dbar,34.973594665527344,34.990806579589844,0.0172119140625,43
ai,2023-03-17,Dbar,29.510971069335938,29.525047302246094,0.01407623291015625,44
ai,2023-03-18,Dbar,27.3880615234375,27.40064811706543,0.012586593627929688,45
ai,2023-03-19,Dbar,24.916221618652344,24.927228927612305,0.011007308959960938,46
ai,2023-03-20,Dbar,20.404918670654297,20.41349220275879,0.008573532104492188,47
ai,2023-03-21,Dbar,21.106395721435547,21.114845275878906,0.008449554443359375,48
ai,2023-03-22,Dbar,22.333532333374023,22.342140197753906,0.008607864379882812,49
ai,2023-03-23,Dbar,24.049177169799805,24.05827522277832,0.009098052978515625,50
ai,2023-03-24,Dbar,24.661964416503906,24.671133041381836,0.009168624877929688,51
ai,2023-03-25,Dbar,26.138408660888672,26.147871017456055,0.009462356567382812,52
ai,2023-03-26,Dbar,27.91395378112793,27.923999786376953,0.010046005249023438,53
ai,2023-03-27,Dbar,28.93783950805664,28.94809913635254,0.010259628295898438,54
ai,2023-03-28,Dbar,29.33055877685547,29.341447830200195,0.010889053344726562,55
ai,2023-03-29,Dbar,31.43964958190918,31.453245162963867,0.0135955810546875,56
ai,2023-03-30,Dbar,32.281551361083984,32.29546356201172,0.013912200927734375,57
ai,2023-03-31,Dbar,33.35561752319336,33.37099075317383,0.01537322998046875,58
ai,2024-03-28,Dbar,4.0,1.9901604652404785,-2.0098395347595215,3
ai,2024-03-29,Dbar,5.0,2.4981625080108643,-2.5018374919891357,2
ai,2024-03-30,Dbar,6.0,2.4262657165527344,-3.5737342834472656,1
ai,2024-03-31,Dbar,7.0,2.5444812774658203,-4.45551872253418,0
ai,2024-04-01,Dbar,1.4631376266479492,2.645545244216919,1.1824076175689697,1
ai,2024-04-02,Dbar,2.463137626647949,3.645545244216919,1.1824076175689697,2
ai,2024-04-03,Dbar,3.463137626647949,4.645545482635498,1.1824078559875488,3
ai,2024-04-04,Dbar,4.463137626647949,5.645545482635498,1.1824078559875488,4
ai,2024-04-05,Dbar,5.463137626647949,6.665558815002441,1.2024211883544922,5
ai,2024-04-06,Dbar,6.534984588623047,7.846373081207275,1.3113884925842285,6
ai,2024-04-07,Dbar,7.534984588623047,8.846373558044434,1.3113889694213867,7
ai,2024-04-08,Dbar,8.00248908996582,9.22120189666748,1.2187128067016602,8
ai,2024-04-09,Dbar,7.2268290519714355,8.17512321472168,0.9482941627502441,9
ai,2024-04-10,Dbar,7.843008518218994,8.740939140319824,0.8979306221008301,10
ai,2024-04-11,Dbar,8.099924087524414,8.912779808044434,0.8128557205200195,11
ai,2024-04-12,Dbar,8.402122497558594,9.144951820373535,0.7428293228149414,12
ai,2024-04-13,Dbar,9.402122497558594,10.144951820373535,0.7428293228149414,13
ai,2024-04-14,Dbar,9.598077774047852,10.48569393157959,0.8876161575317383,14
ai,2024-04-15,Dbar,10.611336708068848,11.483759880065918,0.8724231719970703,15
ai,2024-04-16,Dbar,11.611336708068848,12.483759880065918,0.8724231719970703,16
ai,2024-04-17,Dbar,6.282370567321777,6.679263591766357,0.3968930244445801,17
ai,2024-04-18,Dbar,4.909700870513916,5.156699180603027,0.24699831008911133,18
ai,2024-04-19,Dbar,5.388742923736572,5.486382007598877,0.09763908386230469,19
ai,2024-04-20,Dbar,6.388742923736572,6.486382007598877,0.09763908386230469,20
ai,2024-04-21,Dbar,7.388742923736572,7.486382007598877,0.09763908386230469,21
ai,2024-04-22,Dbar,8.38874340057373,8.486382484436035,0.09763908386230469,22
ai,2025-06-18,Dbar,5.600817680358887,3.9292151927948,-1.671602487564087,4
ai,2025-06-19,Dbar,6.600817680358887,4.929214954376221,-1.671602725982666,3
ai,2025-06-20,Dbar,7.501276969909668,5.62776517868042,-1.873511791229248,2
ai,2025-06-21,Dbar,0.0,4.0,4.0,1
ai,2025-06-22,Dbar,0.0,5.0,5.0,0
ai,2025-06-23,Dbar,0.0,6.0,6.0,1
ai,2026-06-05,Dbar,0.0,1.0,1.0,3
ai,2026-06-06,Dbar,0.0,2.0,2.0,2
ai,2026-06-07,Dbar,0.0,2.610443115234375,2.610443115234375,1
ai,2026-06-08,Dbar,0.0,3.610443115234375,3.610443115234375,0
ai,2026-06-09,Dbar,0.0,4.610443115234375,4.610443115234375,1
ai,2026-06-10,Dbar,0.0,5.610443115234375,5.610443115234375,2
ai,2026-06-11,Dbar,0.0,6.584652423858643,6.584652423858643,3
ai_central,2021-03-18,Dbar,8.951109886169434,9.275304794311523,0.32419490814208984,5
ai_central,2021-03-19,Dbar,10.015310287475586,10.275304794311523,0.2599945068359375,4
ai_central,2021-03-20,Dbar,9.534553527832031,9.136089324951172,-0.3984642028808594,3
ai_central,2021-03-21,Dbar,10.475655555725098,9.16156005859375,-1.3140954971313477,2
ai_central,2021-03-22,Dbar,11.696200370788574,9.858489036560059,-1.8377113342285156,1
ai_central,2021-03-23,Dbar,13.128390312194824,9.699335098266602,-3.4290552139282227,0
ai_central,2021-03-24,Dbar,6.899630546569824,7.91762113571167,1.0179905891418457,1
ai_central,2021-03-25,Dbar,7.899630546569824,8.587307929992676,0.6876773834228516,2
ai_central,2021-03-26,Dbar,8.792448997497559,9.587307929992676,0.7948589324951172,3
ai_central,2021-03-27,Dbar,9.792448997497559,10.556549072265625,0.7641000747680664,4
ai_central,2021-03-28,Dbar,10.792448997497559,11.91768741607666,1.1252384185791016,5
ai_central,2021-03-29,Dbar,10.455272674560547,11.27802562713623,0.8227529525756836,6
ai_central,2021-03-30,Dbar,11.313875198364258,12.340398788452148,1.0265235900878906,7
ai_central,2021-03-31,Dbar,14.650697708129883,15.574227333068848,0.9235296249389648,8
ai_central,2021-04-01,Dbar,1.7424635887145996,2.04065203666687,0.2981884479522705,9
ai_central,2021-09-01,Dbar,14.16589641571045,14.152341842651367,-0.013554573059082031,6
ai_central,2021-09-02,Dbar,14.412198066711426,14.389808654785156,-0.02238941192626953,5
ai_central,2021-09-03,Dbar,15.418368339538574,13.954058647155762,-1.4643096923828125,4
ai_central,2021-09-04,Dbar,16.418367385864258,14.035439491271973,-2.382927894592285,3
ai_central,2021-09-05,Dbar,17.418367385864258,14.921072006225586,-2.497295379638672,2
ai_central,2021-09-06,Dbar,18.418367385864258,15.921072006225586,-2.497295379638672,1
ai_central,2021-09-07,Dbar,20.005380630493164,16.898447036743164,-3.10693359375,0
ai_central,2021-09-08,Dbar,18.258071899414062,17.88463592529297,-0.37343597412109375,1
ai_central,2021-09-09,Dbar,19.258071899414062,18.92735481262207,-0.3307170867919922,2
ai_central,2021-09-10,Dbar,20.240514755249023,20.362548828125,0.12203407287597656,3
ai_central,2021-09-11,Dbar,21.240514755249023,21.51349449157715,0.272979736328125,4
ai_central,2021-09-12,Dbar,22.222719192504883,22.882221221923828,0.6595020294189453,5
ai_central,2021-09-13,Dbar,23.779542922973633,24.378524780273438,0.5989818572998047,6
ai_central,2021-09-14,Dbar,24.992887496948242,25.541540145874023,0.5486526489257812,7
ai_central,2021-09-15,Dbar,26.74803924560547,27.19489288330078,0.4468536376953125,8
ai_central,2021-09-16,Dbar,27.940006256103516,28.4226131439209,0.4826068878173828,9
ai_central,2021-09-17,Dbar,28.964862823486328,29.444551467895508,0.4796886444091797,10
ai_central,2021-09-18,Dbar,30.31365203857422,30.721773147583008,0.40812110900878906,11
ai_central,2021-09-19,Dbar,32.13509750366211,32.60811233520508,0.47301483154296875,12
ai_central,2021-09-20,Dbar,33.98631286621094,34.44630813598633,0.4599952697753906,13
ai_central,2021-09-21,Dbar,35.34939193725586,35.73439407348633,0.38500213623046875,14
ai_central,2021-09-22,Dbar,36.49752426147461,36.91767120361328,0.4201469421386719,15
ai_central,2021-09-23,Dbar,41.56956481933594,41.60737991333008,0.037815093994140625,16
ai_central,2021-09-24,Dbar,42.08921432495117,42.138736724853516,0.04952239990234375,17
ai_central,2023-01-26,Dbar,57.337772369384766,57.307289123535156,-0.030483245849609375,6
ai_central,2023-01-27,Dbar,57.989681243896484,57.95592498779297,-0.033756256103515625,5
ai_central,2023-01-28,Dbar,58.989681243896484,56.46859359741211,-2.521087646484375,4
ai_central,2023-01-29,Dbar,59.97942352294922,52.96375274658203,-7.0156707763671875,3
ai_central,2023-01-30,Dbar,60.97942352294922,51.59819412231445,-9.381229400634766,2
ai_central,2023-01-31,Dbar,61.97942352294922,52.175296783447266,-9.804126739501953,1
ai_central,2023-02-01,Dbar,63.81878662109375,52.94289016723633,-10.875896453857422,0
ai_central,2023-02-02,Dbar,56.19590759277344,53.94289016723633,-2.2530174255371094,1
ai_central,2023-02-03,Dbar,57.19590759277344,55.38773727416992,-1.8081703186035156,2
ai_central,2023-02-04,Dbar,58.099021911621094,56.83462142944336,-1.2644004821777344,3
ai_central,2023-02-05,Dbar,59.099021911621094,58.671443939208984,-0.4275779724121094,4
ai_central,2023-02-06,Dbar,60.099021911621094,60.9476318359375,0.8486099243164062,5
ai_central,2023-02-07,Dbar,64.29247283935547,65.05413818359375,0.7616653442382812,6
ai_central,2023-02-08,Dbar,66.98605346679688,67.72254943847656,0.7364959716796875,7
ai_central,2023-02-09,Dbar,69.39917755126953,70.12710571289062,0.7279281616210938,8
ai_central,2023-02-10,Dbar,72.05084991455078,72.77628326416016,0.725433349609375,9
ai_central,2023-02-11,Dbar,73.71945190429688,74.47563934326172,0.7561874389648438,10
ai_central,2023-02-12,Dbar,74.8258285522461,75.58455657958984,0.75872802734375,11
ai_central,2023-02-13,Dbar,75.74491882324219,76.47517395019531,0.730255126953125,12
ai_central,2023-02-14,Dbar,70.76813507080078,71.44393157958984,0.6757965087890625,13
ai_central,2023-02-15,Dbar,70.12078857421875,70.78085327148438,0.660064697265625,14
ai_central,2023-02-16,Dbar,65.90616607666016,66.46214294433594,0.5559768676757812,15
ai_central,2023-02-17,Dbar,65.09418487548828,65.63668823242188,0.5425033569335938,16
ai_central,2023-02-18,Dbar,65.98285675048828,66.5283203125,0.5454635620117188,17
ai_central,2023-02-19,Dbar,67.60809326171875,68.18221282958984,0.5741195678710938,18
ai_central,2023-02-20,Dbar,70.64724731445312,71.3045883178711,0.6573410034179688,19
ai_central,2023-02-21,Dbar,75.87077331542969,76.6751937866211,0.8044204711914062,20
ai_central,2023-02-22,Dbar,81.32048034667969,82.23705291748047,0.9165725708007812,21
ai_central,2023-02-23,Dbar,82.9852066040039,83.9664306640625,0.9812240600585938,22
ai_central,2023-02-24,Dbar,81.88414764404297,82.91752624511719,1.0333786010742188,23
ai_central,2023-02-25,Dbar,81.70155334472656,82.79439544677734,1.0928421020507812,24
ai_central,2023-02-26,Dbar,77.06332397460938,78.36717987060547,1.3038558959960938,25
ai_central,2023-02-27,Dbar,77.99981689453125,79.328369140625,1.32855224609375,26
ai_central,2023-02-28,Dbar,79.32249450683594,80.6548080444336,1.3323135375976562,27
ai_central,2023-03-01,Dbar,84.1021728515625,85.37867736816406,1.2765045166015625,28
ai_central,2023-03-02,Dbar,90.93416595458984,90.96095275878906,0.02678680419921875,29
ai_central,2023-03-03,Dbar,99.92357635498047,99.96122741699219,0.03765106201171875,30
ai_central,2023-03-04,Dbar,119.15534973144531,119.21060180664062,0.0552520751953125,31
ai_central,2023-03-05,Dbar,140.26454162597656,140.34523010253906,0.0806884765625,32
ai_central,2023-03-06,Dbar,148.05389404296875,148.14292907714844,0.0890350341796875,33
ai_central,2023-03-07,Dbar,147.6148223876953,147.75619506835938,0.1413726806640625,34
ai_central,2023-03-08,Dbar,145.4488525390625,145.62022399902344,0.1713714599609375,35
ai_central,2023-03-09,Dbar,161.22300720214844,161.41412353515625,0.1911163330078125,36
ai_central,2023-03-10,Dbar,154.87808227539062,155.07691955566406,0.1988372802734375,37
ai_central,2023-03-11,Dbar,135.4076690673828,135.58021545410156,0.17254638671875,38
ai_central,2023-03-12,Dbar,101.52344512939453,101.66417694091797,0.1407318115234375,39
ai_central,2023-03-13,Dbar,58.84451675415039,58.92470169067383,0.0801849365234375,40
ai_central,2023-03-14,Dbar,38.16480255126953,38.21544647216797,0.0506439208984375,41
ai_central,2023-03-15,Dbar,37.3089714050293,37.357154846191406,0.048183441162109375,42
ai_central,2023-03-16,Dbar,34.30525588989258,34.348392486572266,0.0431365966796875,43
ai_central,2023-03-17,Dbar,32.948612213134766,32.9888801574707,0.0402679443359375,44
ai_central,2023-03-18,Dbar,31.504770278930664,31.542051315307617,0.037281036376953125,45
ai_central,2023-03-19,Dbar,23.977161407470703,24.00444984436035,0.027288436889648438,46
ai_central,2023-03-20,Dbar,19.899280548095703,19.92078971862793,0.021509170532226562,47
ai_central,2023-03-21,Dbar,20.420425415039062,20.44144058227539,0.021015167236328125,48
ai_central,2023-03-22,Dbar,21.505611419677734,21.52681541442871,0.021203994750976562,49
ai_central,2023-03-23,Dbar,23.413232803344727,23.436201095581055,0.022968292236328125,50
ai_central,2023-03-24,Dbar,23.94469451904297,23.96866798400879,0.023973464965820312,51
ai_central,2023-03-25,Dbar,25.615943908691406,25.64126968383789,0.025325775146484375,52
ai_central,2023-03-26,Dbar,24.404441833496094,24.42779541015625,0.02335357666015625,53
ai_central,2023-03-27,Dbar,23.64767074584961,23.66953468322754,0.021863937377929688,54
ai_central,2023-03-28,Dbar,21.16936492919922,21.191274642944336,0.021909713745117188,55
ai_central,2023-03-29,Dbar,21.042861938476562,21.06535530090332,0.022493362426757812,56
ai_central,2023-03-30,Dbar,22.346479415893555,22.370040893554688,0.023561477661132812,57
ai_central,2023-03-31,Dbar,22.454757690429688,22.48241424560547,0.02765655517578125,58
ai_central,2024-03-28,Dbar,0.0,1.0,1.0,3
ai_central,2024-03-29,Dbar,0.0,1.6710554361343384,1.6710554361343384,2
ai_central,2024-03-30,Dbar,0.0,2.0,2.0,1
ai_central,2024-03-31,Dbar,0.0,2.1134226322174072,2.1134226322174072,0
ai_central,2024-04-01,Dbar,1.0,2.3585641384124756,1.3585641384124756,1
ai_central,2024-04-02,Dbar,2.0,3.3585641384124756,1.3585641384124756,2
ai_central,2024-04-03,Dbar,3.0,4.358564376831055,1.3585643768310547,3
ai_central,2024-04-04,Dbar,4.0,5.358564376831055,1.3585643768310547,4
ai_central,2024-04-05,Dbar,5.0,6.386323928833008,1.3863239288330078,5
ai_central,2024-04-06,Dbar,6.0,7.548702239990234,1.5487022399902344,6
ai_central,2024-04-07,Dbar,7.0,8.548702239990234,1.5487022399902344,7
ai_central,2024-04-08,Dbar,7.423168182373047,8.844249725341797,1.42108154296875,8
ai_central,2024-04-09,Dbar,6.570796966552734,7.637263298034668,1.0664663314819336,9
ai_central,2024-04-10,Dbar,7.180911064147949,8.184097290039062,1.0031862258911133,10
ai_central,2024-04-11,Dbar,7.784270763397217,8.732046127319336,0.9477753639221191,11
ai_central,2024-04-12,Dbar,8.378744125366211,9.277144432067871,0.8984003067016602,12
ai_central,2024-04-13,Dbar,9.378744125366211,10.277144432067871,0.8984003067016602,13
ai_central,2024-04-14,Dbar,9.652256965637207,10.72908878326416,1.0768318176269531,14
ai_central,2024-04-15,Dbar,10.677968978881836,11.767775535583496,1.0898065567016602,15
ai_central,2024-04-16,Dbar,11.677968978881836,12.767775535583496,1.0898065567016602,16
ai_central,2024-04-17,Dbar,6.3957085609436035,6.899244785308838,0.5035362243652344,17
ai_central,2024-04-18,Dbar,4.9563822746276855,5.26786994934082,0.31148767471313477,18
ai_central,2024-04-19,Dbar,5.294876575469971,5.4193010330200195,0.12442445755004883,19
ai_central,2024-04-20,Dbar,6.294876575469971,6.4193010330200195,0.12442445755004883,20
ai_central,2024-04-21,Dbar,7.294876575469971,7.4193010330200195,0.12442445755004883,21
ai_central,2024-04-22,Dbar,8.294876098632812,8.41930103302002,0.12442493438720703,22
ai_central,2026-06-07,Dbar,0.0,1.0,1.0,1
ai_central,2026-06-08,Dbar,0.0,2.0,2.0,0
ai_central,2026-06-09,Dbar,0.0,3.0,3.0,1
ai_central,2026-06-10,Dbar,0.0,4.0,4.0,2
ai_central,2026-06-11,Dbar,0.0,5.0,5.0,3
ai_east,2021-09-03,Dbar,6.897830963134766,5.767172813415527,-1.1306581497192383,4
ai_east,2021-09-04,Dbar,7.897830963134766,5.639965534210205,-2.2578654289245605,3
ai_east,2021-09-05,Dbar,8.897830963134766,6.1205668449401855,-2.77726411819458,2
ai_east,2021-09-06,Dbar,9.925291061401367,6.969087600708008,-2.9562034606933594,1
ai_east,2021-09-07,Dbar,11.041659355163574,7.385788440704346,-3.6558709144592285,0
ai_east,2021-09-08,Dbar,6.875545501708984,7.701110363006592,0.8255648612976074,1
ai_east,2021-09-09,Dbar,7.875545501708984,8.701109886169434,0.8255643844604492,2
ai_east,2021-09-10,Dbar,8.875545501708984,9.633902549743652,0.758357048034668,3
ai_east,2021-09-11,Dbar,9.875545501708984,10.819592475891113,0.9440469741821289,4
ai_east,2021-09-12,Dbar,10.875545501708984,11.877212524414062,1.0016670227050781,5
ai_east,2021-09-13,Dbar,15.168538093566895,15.61612606048584,0.4475879669189453,6
ai_east,2021-09-14,Dbar,17.074321746826172,17.37381362915039,0.29949188232421875,7
ai_east,2021-09-15,Dbar,18.71078109741211,18.932273864746094,0.22149276733398438,8
ai_east,2023-01-28,Dbar,55.867393493652344,48.41490173339844,-7.452491760253906,4
ai_east,2023-01-29,Dbar,56.867393493652344,43.233306884765625,-13.634086608886719,3
ai_east,2023-01-30,Dbar,57.867393493652344,40.8579216003418,-17.009471893310547,2
ai_east,2023-01-31,Dbar,58.867393493652344,40.93098068237305,-17.936412811279297,1
ai_east,2023-02-01,Dbar,59.867393493652344,41.69811248779297,-18.169281005859375,0
ai_east,2023-02-02,Dbar,43.73847579956055,42.69811248779297,-1.0403633117675781,1
ai_east,2023-02-03,Dbar,44.73847579956055,43.808773040771484,-0.9297027587890625,2
ai_east,2023-02-04,Dbar,45.73847579956055,44.921749114990234,-0.8167266845703125,3
ai_east,2023-02-05,Dbar,46.73847579956055,46.59149932861328,-0.14697647094726562,4
ai_east,2023-02-06,Dbar,47.73847579956055,48.90576171875,1.1672859191894531,5
ai_east,2023-02-07,Dbar,51.741092681884766,52.741790771484375,1.0006980895996094,6
ai_east,2023-02-08,Dbar,58.076385498046875,58.711082458496094,0.6346969604492188,7
ai_east,2023-02-09,Dbar,60.535335540771484,61.093162536621094,0.5578269958496094,8
ai_east,2023-02-10,Dbar,62.85032653808594,63.30227279663086,0.4519462585449219,9
ai_east,2023-02-11,Dbar,64.22062683105469,64.65731048583984,0.43668365478515625,10
ai_east,2023-02-12,Dbar,66.03273010253906,66.44845581054688,0.4157257080078125,11
ai_east,2023-02-13,Dbar,69.3911361694336,69.74337768554688,0.35224151611328125,12
ai_east,2023-02-14,Dbar,72.14299774169922,72.46678161621094,0.32378387451171875,13
ai_east,2023-02-15,Dbar,73.14299774169922,73.46678161621094,0.32378387451171875,14
ai_east,2023-02-16,Dbar,71.64091491699219,71.95362854003906,0.312713623046875,15
ai_east,2023-02-17,Dbar,69.45756530761719,69.75637817382812,0.2988128662109375,16
ai_east,2023-02-18,Dbar,70.45756530761719,70.75637817382812,0.2988128662109375,17
ai_east,2023-02-19,Dbar,71.45756530761719,71.75637817382812,0.2988128662109375,18
ai_east,2023-02-20,Dbar,72.17040252685547,72.468017578125,0.29761505126953125,19
ai_east,2023-02-21,Dbar,72.863037109375,73.15946960449219,0.2964324951171875,20
ai_east,2023-02-22,Dbar,78.35499572753906,78.47673797607422,0.12174224853515625,21
ai_east,2023-02-23,Dbar,81.15032196044922,81.1870346069336,0.036712646484375,22
ai_east,2023-02-24,Dbar,82.15032196044922,82.1870346069336,0.036712646484375,23
ai_east,2023-02-25,Dbar,82.76595306396484,82.80249786376953,0.0365447998046875,24
ai_east,2023-02-26,Dbar,83.76595306396484,83.80249786376953,0.0365447998046875,25
ai_east,2023-02-27,Dbar,85.1163101196289,85.15303039550781,0.03672027587890625,26
ai_east,2023-02-28,Dbar,86.27969360351562,86.31658172607422,0.03688812255859375,27
ai_east,2023-03-01,Dbar,87.90365600585938,87.92261505126953,0.01895904541015625,28
ai_west,2021-09-01,Dbar,22.38543128967285,22.368316650390625,-0.017114639282226562,6
ai_west,2021-09-02,Dbar,22.471845626831055,22.483182907104492,0.0113372802734375,5
ai_west,2021-09-03,Dbar,23.534765243530273,23.224576950073242,-0.31018829345703125,4
ai_west,2021-09-04,Dbar,24.534765243530273,24.104799270629883,-0.4299659729003906,3
ai_west,2021-09-05,Dbar,25.534765243530273,25.07362937927246,-0.4611358642578125,2
ai_west,2021-09-06,Dbar,26.534765243530273,26.07362937927246,-0.4611358642578125,1
ai_west,2021-09-07,Dbar,29.40616226196289,27.1490535736084,-2.257108688354492,0
ai_west,2021-09-08,Dbar,29.877254486083984,28.34865951538086,-1.528594970703125,1
ai_west,2021-09-09,Dbar,30.877254486083984,29.34865951538086,-1.528594970703125,2
ai_west,2021-09-10,Dbar,31.877254486083984,31.143089294433594,-0.7341651916503906,3
ai_west,2021-09-11,Dbar,32.82920455932617,32.99306106567383,0.16385650634765625,4
ai_west,2021-09-12,Dbar,33.82920455932617,34.046539306640625,0.21733474731445312,5
ai_west,2021-09-13,Dbar,34.588172912597656,34.73855972290039,0.15038681030273438,6
ai_west,2021-09-14,Dbar,34.91405487060547,35.07143783569336,0.15738296508789062,7
ai_west,2021-09-15,Dbar,35.5201301574707,35.64685821533203,0.12672805786132812,8
ai_west,2021-09-16,Dbar,36.3464241027832,36.48228454589844,0.13586044311523438,9
ai_west,2021-09-17,Dbar,37.08307647705078,37.22496032714844,0.14188385009765625,10
ai_west,2021-09-18,Dbar,38.76179504394531,38.91363525390625,0.1518402099609375,11
ai_west,2021-09-19,Dbar,40.132652282714844,40.299949645996094,0.16729736328125,12
ai_west,2021-09-20,Dbar,41.315399169921875,41.493099212646484,0.17770004272460938,13
ai_west,2021-09-21,Dbar,43.50977325439453,43.66231918334961,0.15254592895507812,14
ai_west,2021-09-22,Dbar,40.595787048339844,40.7542839050293,0.15849685668945312,15
ai_west,2021-09-23,Dbar,41.247642517089844,41.39285659790039,0.14521408081054688,16
ai_west,2021-09-24,Dbar,41.77114486694336,41.914955139160156,0.14381027221679688,17
ai_west,2021-09-25,Dbar,42.51466369628906,42.61101531982422,0.09635162353515625,18
ai_west,2022-10-15,Dbar,10.501265525817871,4.928354263305664,-5.572911262512207,4
ai_west,2022-10-16,Dbar,11.501265525817871,5.928354263305664,-5.572911262512207,3
ai_west,2022-10-17,Dbar,12.501265525817871,6.928354263305664,-5.572911262512207,2
ai_west,2022-10-18,Dbar,13.501265525817871,7.928354263305664,-5.572911262512207,1
ai_west,2022-10-19,Dbar,15.0,8.928354263305664,-6.071645736694336,0
ai_west,2022-10-20,Dbar,4.263291358947754,7.84686803817749,3.5835766792297363,1
ai_west,2022-10-21,Dbar,4.585931301116943,7.792165756225586,3.2062344551086426,2
ai_west,2022-10-22,Dbar,4.412894248962402,7.036839008331299,2.6239447593688965,3
ai_west,2022-10-23,Dbar,2.7206366062164307,3.9591667652130127,1.238530158996582,4
ai_west,2022-10-24,Dbar,2.3189547061920166,3.02079176902771,0.7018370628356934,5
ai_west,2022-10-25,Dbar,2.6309258937835693,3.1245291233062744,0.4936032295227051,6
ai_west,2022-10-26,Dbar,3.5394411087036133,4.015880584716797,0.4764394760131836,7
ai_west,2022-10-27,Dbar,4.363412857055664,4.81615686416626,0.4527440071105957,8
ai_west,2022-10-28,Dbar,5.363412857055664,5.81615686416626,0.4527440071105957,9
ai_west,2022-10-29,Dbar,6.363412857055664,6.81615686416626,0.4527440071105957,10
ai_west,2022-10-30,Dbar,6.816128253936768,7.2299346923828125,0.4138064384460449,11
ai_west,2022-10-31,Dbar,5.1395649909973145,5.390877723693848,0.2513127326965332,12
ai_west,2022-11-01,Dbar,4.3831562995910645,4.548584461212158,0.16542816162109375,13
ai_west,2022-11-02,Dbar,4.854384422302246,4.9998555183410645,0.14547109603881836,14
ai_west,2022-11-03,Dbar,4.9384636878967285,5.056487560272217,0.11802387237548828,15
ai_west,2022-11-04,Dbar,5.145121097564697,5.244185447692871,0.09906435012817383,16
ai_west,2022-11-05,Dbar,5.510420799255371,5.597264289855957,0.08684349060058594,17
ai_west,2022-11-06,Dbar,6.479269981384277,6.565622329711914,0.08635234832763672,18
ai_west,2022-11-07,Dbar,6.633032321929932,6.708106517791748,0.0750741958618164,19
ai_west,2022-11-08,Dbar,7.3327717781066895,7.404447555541992,0.07167577743530273,20
ai_west,2022-11-09,Dbar,8.175129890441895,8.246094703674316,0.07096481323242188,21
ai_west,2022-11-10,Dbar,8.94997501373291,9.019094467163086,0.06911945343017578,22
ai_west,2022-11-11,Dbar,9.821081161499023,9.889204978942871,0.06812381744384766,23
ai_west,2022-11-12,Dbar,10.451812744140625,10.517675399780273,0.06586265563964844,24
ai_west,2022-11-13,Dbar,10.500991821289062,10.561137199401855,0.06014537811279297,25
ai_west,2022-11-14,Dbar,11.14941120147705,11.207836151123047,0.058424949645996094,26
ai_west,2022-11-15,Dbar,11.44412612915039,11.501602172851562,0.057476043701171875,27
ai_west,2022-11-16,Dbar,12.245501518249512,12.301980018615723,0.05647850036621094,28
ai_west,2022-11-17,Dbar,13.215474128723145,13.272186279296875,0.05671215057373047,29
ai_west,2022-11-18,Dbar,14.253999710083008,14.31128215789795,0.057282447814941406,30
ai_west,2022-11-19,Dbar,15.270796775817871,15.329375267028809,0.0585784912109375,31
ai_west,2022-11-20,Dbar,15.890960693359375,15.94887638092041,0.057915687561035156,32
ai_west,2022-11-21,Dbar,16.08838653564453,16.14337730407715,0.05499076843261719,33
ai_west,2022-11-22,Dbar,16.0678653717041,16.119367599487305,0.051502227783203125,34
ai_west,2022-11-23,Dbar,16.194759368896484,16.24346160888672,0.048702239990234375,35
ai_west,2022-11-24,Dbar,16.55311393737793,16.599889755249023,0.04677581787109375,36
ai_west,2022-11-25,Dbar,17.416748046875,17.463136672973633,0.04638862609863281,37
ai_west,2022-11-26,Dbar,17.726686477661133,17.771394729614258,0.044708251953125,38
ai_west,2022-11-27,Dbar,18.312297821044922,18.356597900390625,0.044300079345703125,39
ai_west,2022-11-28,Dbar,18.889297485351562,18.932653427124023,0.04335594177246094,40
ai_west,2022-11-29,Dbar,19.408117294311523,19.450368881225586,0.0422515869140625,41
ai_west,2022-11-30,Dbar,19.355058670043945,19.395017623901367,0.039958953857421875,42
ai_west,2022-12-01,Dbar,19.762819290161133,19.80155372619629,0.03873443603515625,43
ai_west,2022-12-02,Dbar,20.22365951538086,20.26133918762207,0.03767967224121094,44
ai_west,2022-12-03,Dbar,21.057483673095703,21.094852447509766,0.0373687744140625,45
ai_west,2022-12-04,Dbar,22.057483673095703,22.094852447509766,0.0373687744140625,46
ai_west,2022-12-05,Dbar,23.057483673095703,23.094852447509766,0.0373687744140625,47
ai_west,2022-12-06,Dbar,24.057483673095703,24.094852447509766,0.0373687744140625,48
ai_west,2022-12-07,Dbar,25.057483673095703,25.094852447509766,0.0373687744140625,49
ai_west,2022-12-08,Dbar,26.057483673095703,26.094852447509766,0.0373687744140625,50
ai_west,2022-12-09,Dbar,27.057483673095703,27.094852447509766,0.0373687744140625,51
ai_west,2022-12-10,Dbar,28.057483673095703,28.094852447509766,0.0373687744140625,52
ai_west,2022-12-11,Dbar,29.057483673095703,29.094852447509766,0.0373687744140625,52
ai_west,2022-12-12,Dbar,30.057483673095703,30.094852447509766,0.0373687744140625,51
ai_west,2022-12-13,Dbar,31.085012435913086,31.122434616088867,0.03742218017578125,50
ai_west,2022-12-14,Dbar,32.08501434326172,32.122432708740234,0.037418365478515625,49
ai_west,2022-12-15,Dbar,33.08501434326172,33.122432708740234,0.037418365478515625,48
ai_west,2022-12-16,Dbar,34.078365325927734,34.116554260253906,0.038188934326171875,47
ai_west,2022-12-17,Dbar,35.03070068359375,35.0688362121582,0.038135528564453125,46
ai_west,2022-12-18,Dbar,36.03070068359375,36.0688362121582,0.038135528564453125,45
ai_west,2022-12-19,Dbar,36.4323616027832,36.4698600769043,0.03749847412109375,44
ai_west,2022-12-20,Dbar,37.30448913574219,37.34185791015625,0.0373687744140625,43
ai_west,2022-12-21,Dbar,38.30448913574219,38.34185791015625,0.0373687744140625,42
ai_west,2022-12-22,Dbar,39.30448913574219,39.34185791015625,0.0373687744140625,41
ai_west,2022-12-23,Dbar,40.30448913574219,40.34185791015625,0.0373687744140625,40
ai_west,2022-12-24,Dbar,41.30448913574219,41.34185791015625,0.0373687744140625,39
ai_west,2022-12-25,Dbar,42.30448913574219,42.34185791015625,0.0373687744140625,38
ai_west,2022-12-26,Dbar,43.30448913574219,43.34185791015625,0.0373687744140625,37
ai_west,2022-12-27,Dbar,44.30448913574219,44.34185791015625,0.0373687744140625,36
ai_west,2022-12-28,Dbar,45.30448913574219,45.34185791015625,0.0373687744140625,35
ai_west,2022-12-29,Dbar,46.30448913574219,46.34185791015625,0.0373687744140625,34
ai_west,2022-12-30,Dbar,47.30448913574219,47.34185791015625,0.0373687744140625,33
ai_west,2022-12-31,Dbar,48.30448913574219,48.34185791015625,0.0373687744140625,32
ai_west,2023-01-01,Dbar,49.255924224853516,49.29380416870117,0.03787994384765625,31
ai_west,2023-01-02,Dbar,50.190704345703125,50.229591369628906,0.03888702392578125,30
ai_west,2023-01-03,Dbar,50.92046356201172,50.96101379394531,0.04055023193359375,29
ai_west,2023-01-04,Dbar,51.428138732910156,51.47218704223633,0.044048309326171875,28
ai_west,2023-01-05,Dbar,52.57456588745117,52.62131118774414,0.04674530029296875,27
ai_west,2023-01-06,Dbar,53.71674728393555,53.764671325683594,0.047924041748046875,26
ai_west,2023-01-07,Dbar,54.531776428222656,54.579776763916016,0.048000335693359375,25
ai_west,2023-01-08,Dbar,52.716766357421875,52.76228713989258,0.045520782470703125,24
ai_west,2023-01-09,Dbar,53.58184814453125,53.6273078918457,0.045459747314453125,23
ai_west,2023-01-10,Dbar,54.67560577392578,54.721885681152344,0.0462799072265625,22
ai_west,2023-01-11,Dbar,55.4974250793457,55.54627990722656,0.048854827880859375,21
ai_west,2023-01-12,Dbar,55.800315856933594,55.849327087402344,0.04901123046875,20
ai_west,2023-01-13,Dbar,54.85512924194336,54.90342712402344,0.048297882080078125,19
ai_west,2023-01-14,Dbar,54.12940216064453,54.17749786376953,0.048095703125,18
ai_west,2023-01-15,Dbar,53.408424377441406,53.455101013183594,0.0466766357421875,17
ai_west,2023-01-16,Dbar,52.84144592285156,52.88685989379883,0.045413970947265625,16
ai_west,2023-01-17,Dbar,52.854488372802734,52.899349212646484,0.04486083984375,15
ai_west,2023-01-18,Dbar,52.06290054321289,52.106327056884766,0.043426513671875,14
ai_west,2023-01-19,Dbar,52.935001373291016,52.97867965698242,0.04367828369140625,13
ai_west,2023-01-20,Dbar,53.378421783447266,53.42163848876953,0.043216705322265625,12
ai_west,2023-01-21,Dbar,54.208534240722656,54.251800537109375,0.04326629638671875,11
ai_west,2023-01-22,Dbar,54.63473129272461,54.678401947021484,0.043670654296875,10
ai_west,2023-01-23,Dbar,55.438846588134766,55.48282241821289,0.043975830078125,9
ai_west,2023-01-24,Dbar,56.36082458496094,56.40473937988281,0.043914794921875,8
ai_west,2023-01-25,Dbar,56.80326843261719,56.84674835205078,0.04347991943359375,7
ai_west,2023-01-26,Dbar,58.05248260498047,58.0966911315918,0.044208526611328125,6
ai_west,2023-01-27,Dbar,59.611732482910156,59.010746002197266,-0.6009864807128906,5
ai_west,2023-01-28,Dbar,60.416805267333984,59.79839324951172,-0.6184120178222656,4
ai_west,2023-01-29,Dbar,61.92380905151367,61.18431091308594,-0.7394981384277344,3
ai_west,2023-01-30,Dbar,62.80201721191406,61.99818801879883,-0.8038291931152344,2
ai_west,2023-01-31,Dbar,63.7503662109375,62.251014709472656,-1.4993515014648438,1
ai_west,2023-02-01,Dbar,65.77558898925781,62.659523010253906,-3.1160659790039062,0
ai_west,2023-02-02,Dbar,64.14249420166016,63.88316345214844,-0.25933074951171875,1
ai_west,2023-02-03,Dbar,65.14249420166016,65.92082214355469,0.7783279418945312,2
ai_west,2023-02-04,Dbar,65.89361572265625,67.0367660522461,1.1431503295898438,3
ai_west,2023-02-05,Dbar,66.89361572265625,68.22860717773438,1.334991455078125,4
ai_west,2023-02-06,Dbar,67.89361572265625,68.91404724121094,1.0204315185546875,5
ai_west,2023-02-07,Dbar,71.97542572021484,72.7755355834961,0.80010986328125,6
ai_west,2023-02-08,Dbar,73.40995788574219,74.34060668945312,0.9306488037109375,7
ai_west,2023-02-09,Dbar,78.08250427246094,79.20599365234375,1.1234893798828125,8
ai_west,2023-02-10,Dbar,79.99785614013672,80.84638977050781,0.8485336303710938,9
ai_west,2023-02-11,Dbar,79.55858612060547,80.42903900146484,0.870452880859375,10
ai_west,2023-02-12,Dbar,70.8498306274414,71.61405944824219,0.7642288208007812,11
ai_west,2023-02-13,Dbar,61.45760726928711,62.1097412109375,0.6521339416503906,12
ai_west,2023-02-14,Dbar,48.18730926513672,48.69004440307617,0.5027351379394531,13
ai_west,2023-02-15,Dbar,48.35651779174805,48.850582122802734,0.4940643310546875,14
ai_west,2023-02-16,Dbar,48.44804000854492,48.932823181152344,0.4847831726074219,15
ai_west,2023-02-17,Dbar,49.759857177734375,50.254051208496094,0.49419403076171875,16
ai_west,2023-02-18,Dbar,50.841827392578125,51.337860107421875,0.49603271484375,17
ai_west,2023-02-19,Dbar,55.016761779785156,55.35001754760742,0.3332557678222656,18
ai_west,2023-02-20,Dbar,61.38191223144531,61.754337310791016,0.3724250793457031,19
ai_west,2023-02-21,Dbar,68.90617370605469,69.38542175292969,0.479248046875,20
ai_west,2023-02-22,Dbar,73.5875015258789,74.16812896728516,0.58062744140625,21
ai_west,2023-02-23,Dbar,74.9691390991211,75.69381713867188,0.7246780395507812,22
ai_west,2023-02-24,Dbar,77.14469146728516,77.93341827392578,0.788726806640625,23
ai_west,2023-02-25,Dbar,82.28254699707031,82.92534637451172,0.6427993774414062,24
ai_west,2023-02-26,Dbar,79.99347686767578,80.69871520996094,0.7052383422851562,25
ai_west,2023-02-27,Dbar,78.49539947509766,79.40243530273438,0.9070358276367188,26
ai_west,2023-02-28,Dbar,79.9386215209961,80.85645294189453,0.9178314208984375,27
ai_west,2023-03-01,Dbar,80.9386215209961,81.85645294189453,0.9178314208984375,28
ai_west,2023-03-02,Dbar,80.58837890625,81.50701904296875,0.91864013671875,29
ai_west,2023-03-03,Dbar,67.8694839477539,69.2828369140625,1.4133529663085938,30
ai_west,2023-03-04,Dbar,68.46842193603516,70.33804321289062,1.8696212768554688,31
ai_west,2023-03-05,Dbar,74.61750793457031,76.75143432617188,2.1339263916015625,32
ai_west,2023-03-06,Dbar,77.19872283935547,79.4977035522461,2.298980712890625,33
ai_west,2023-03-07,Dbar,91.61277770996094,95.19566345214844,3.5828857421875,34
ai_west,2023-03-08,Dbar,85.53453826904297,88.84060668945312,3.3060684204101562,35
ai_west,2023-03-09,Dbar,59.6451301574707,62.318851470947266,2.6737213134765625,36
ai_west,2023-03-10,Dbar,47.666133880615234,49.9116096496582,2.2454757690429688,37
ai_west,2023-03-11,Dbar,30.55211639404297,32.03015899658203,1.4780426025390625,38
ai_west,2023-03-12,Dbar,30.61154556274414,32.04408645629883,1.4325408935546875,39
ai_west,2023-03-13,Dbar,32.498680114746094,33.98084259033203,1.4821624755859375,40
ai_west,2024-03-30,Dbar,6.0,3.5062742233276367,-2.4937257766723633,1
ai_west,2024-03-31,Dbar,7.0,4.506274223327637,-2.4937257766723633,0
ai_west,2024-04-01,Dbar,4.491292953491211,3.9966812133789062,-0.4946117401123047,1
ai_west,2024-04-02,Dbar,5.491292953491211,4.996681213378906,-0.4946117401123047,2
ai_west,2024-04-03,Dbar,6.491292953491211,5.996681213378906,-0.4946117401123047,3
ai_west,2024-04-04,Dbar,7.491292953491211,6.996681213378906,-0.4946117401123047,4
ai_west,2025-06-18,Dbar,5.600817680358887,3.9292151927948,-1.671602487564087,4
ai_west,2025-06-19,Dbar,6.600817680358887,4.929214954376221,-1.671602725982666,3
ai_west,2025-06-20,Dbar,7.501276969909668,5.62776517868042,-1.873511791229248,2
ai_west,2025-06-21,Dbar,0.0,4.0,4.0,1
ai_west,2025-06-22,Dbar,0.0,5.0,5.0,0
ai_west,2025-06-23,Dbar,0.0,6.0,6.0,1
ai_west,2026-06-05,Dbar,0.0,1.0,1.0,3
ai_west,2026-06-06,Dbar,0.0,2.0,2.0,2
ai_west,2026-06-07,Dbar,0.0,2.7327589988708496,2.7327589988708496,1
ai_west,2026-06-08,Dbar,0.0,3.7327589988708496,3.7327589988708496,0
ai_west,2026-06-09,Dbar,0.0,4.73275899887085,4.73275899887085,1
ai_west,2026-06-10,Dbar,0.0,5.73275899887085,5.73275899887085,2
ai_west,2026-06-11,Dbar,0.0,6.713626384735107,6.713626384735107,3
beaufort,2022-10-15,Dbar,5.92855167388916,5.770569801330566,-0.15798187255859375,4
beaufort,2022-10-16,Dbar,6.92855167388916,6.770569801330566,-0.15798187255859375,3
beaufort,2022-10-17,Dbar,7.92855167388916,7.770569801330566,-0.15798187255859375,2
beaufort,2022-10-18,Dbar,8.842642784118652,8.664412498474121,-0.17823028564453125,1
beaufort,2022-10-19,Dbar,8.382335662841797,9.664412498474121,1.2820768356323242,0
beaufort,2022-10-20,Dbar,8.456366539001465,10.664412498474121,2.2080459594726562,1
beaufort,2022-10-21,Dbar,9.456366539001465,11.365198135375977,1.9088315963745117,2
beaufort,2022-10-22,Dbar,10.456366539001465,11.257869720458984,0.8015031814575195,3
beaufort,2022-10-23,Dbar,10.428521156311035,11.116621971130371,0.6881008148193359,4
beaufort,2022-10-24,Dbar,11.428521156311035,11.926560401916504,0.49803924560546875,5
beaufort,2022-10-25,Dbar,10.349434852600098,11.184597969055176,0.8351631164550781,6
beaufort,2022-10-26,Dbar,11.349434852600098,12.184597969055176,0.8351631164550781,7
beaufort,2022-10-27,Dbar,12.349434852600098,13.184597969055176,0.8351631164550781,8
chukchi,2022-10-14,Dbar,8.554006576538086,8.503846168518066,-0.05016040802001953,5
chukchi,2022-10-15,Dbar,9.777092933654785,9.540242195129395,-0.23685073852539062,4
chukchi,2022-10-16,Dbar,10.866795539855957,10.20173168182373,-0.6650638580322266,3
chukchi,2022-10-17,Dbar,12.259471893310547,11.500529289245605,-0.7589426040649414,2
chukchi,2022-10-18,Dbar,13.284798622131348,12.462467193603516,-0.822331428527832,1
chukchi,2022-10-19,Dbar,13.0,13.961026191711426,0.9610261917114258,0
chukchi,2022-10-20,Dbar,14.0,14.397132873535156,0.39713287353515625,1
chukchi,2022-10-21,Dbar,2.7594497203826904,10.152097702026367,7.392647981643677,2
chukchi,2022-10-22,Dbar,3.207559585571289,6.884395599365234,3.6768360137939453,3
chukchi,2022-10-23,Dbar,2.895841121673584,5.610903263092041,2.715062141418457,4
chukchi,2025-06-18,Dbar,2.0,1.2864402532577515,-0.7135597467422485,4
chukchi,2025-06-19,Dbar,3.0,1.8152598142623901,-1.1847401857376099,3
chukchi,2025-06-20,Dbar,4.0,1.9052045345306396,-2.0947954654693604,2
chukchi,2025-06-21,Dbar,5.0,2.1422641277313232,-2.8577358722686768,1
chukchi,2025-06-22,Dbar,0.0,2.624575138092041,2.624575138092041,0
chukchi,2025-06-23,Dbar,1.0,3.058326244354248,2.058326244354248,1
chukchi,2025-06-24,Dbar,1.9469585418701172,3.889352560043335,1.9423940181732178,2
chukchi,2025-06-25,Dbar,2.840724468231201,4.708082675933838,1.8673582077026367,3
chukchi,2025-06-26,Dbar,3.766014575958252,5.395279407501221,1.6292648315429688,4
chukchi,2025-06-27,Dbar,4.766014575958252,6.171930313110352,1.4059157371520996,5
chukchi,2025-06-28,Dbar,5.571833610534668,7.134320259094238,1.5624866485595703,6
chukchi,2025-06-29,Dbar,6.22308349609375,7.791466236114502,1.568382740020752,7
chukchi,2025-06-30,Dbar,6.03831672668457,7.378158092498779,1.339841365814209,8
chukchi,2025-07-01,Dbar,6.460097789764404,7.671638488769531,1.211540699005127,9
chukchi,2025-07-02,Dbar,5.547708511352539,6.400595664978027,0.8528871536254883,10
chukchi,2025-07-03,Dbar,4.566135406494141,5.114381790161133,0.5482463836669922,11
chukchi,2025-07-04,Dbar,4.33590030670166,4.7364349365234375,0.40053462982177734,12
chukchi,2025-07-05,Dbar,5.04980993270874,5.423916339874268,0.37410640716552734,13
chukchi,2025-07-06,Dbar,5.868083477020264,6.228727340698242,0.3606438636779785,14
chukchi,2025-07-07,Dbar,6.868083477020264,7.228727340698242,0.3606438636779785,15
chukchi,2025-07-08,Dbar,7.817290782928467,8.173940658569336,0.35664987564086914,16
chukchi,2025-07-09,Dbar,9.050984382629395,9.461413383483887,0.4104290008544922,17
chukchi,2025-07-10,Dbar,11.297918319702148,11.966753959655762,0.6688356399536133,18
chukchi,2025-07-11,Dbar,13.141670227050781,14.001850128173828,0.8601799011230469,19
chukchi,2025-07-12,Dbar,14.698766708374023,15.668619155883789,0.9698524475097656,20
chukchi,2025-07-13,Dbar,16.047794342041016,17.049793243408203,1.0019989013671875,21
chukchi,2025-07-14,Dbar,17.876070022583008,18.985340118408203,1.1092700958251953,22
ebs,2021-03-19,Dbar,13.236308097839355,13.21580696105957,-0.020501136779785156,4
ebs,2021-03-20,Dbar,17.968786239624023,16.247562408447266,-1.7212238311767578,3
ebs,2021-03-21,Dbar,19.489072799682617,15.059307098388672,-4.429765701293945,2
ebs,2021-03-22,Dbar,20.489072799682617,15.684187889099121,-4.804884910583496,1
ebs,2021-03-23,Dbar,31.70549774169922,14.053977966308594,-17.651519775390625,0
ebs,2021-03-24,Dbar,8.43226432800293,14.425140380859375,5.992876052856445,1
ebs,2021-03-25,Dbar,7.835407257080078,13.360225677490234,5.524818420410156,2
ebs,2021-03-26,Dbar,7.848481178283691,13.097556114196777,5.249074935913086,3
ebs,2021-03-27,Dbar,8.700645446777344,13.47456169128418,4.773916244506836,4
ebs,2021-03-28,Dbar,9.2374906539917,12.822975158691406,3.585484504699707,5
ebs,2021-03-29,Dbar,10.685700416564941,12.9717435836792,2.286043167114258,6
ebs,2021-03-30,Dbar,11.966179847717285,14.726422309875488,2.760242462158203,7
ebs,2021-09-01,Dbar,9.328194618225098,9.3153076171875,-0.012887001037597656,6
ebs,2021-09-02,Dbar,9.52400016784668,9.576757431030273,0.05275726318359375,5
ebs,2021-09-03,Dbar,10.52400016784668,8.523273468017578,-2.0007266998291016,4
ebs,2021-09-04,Dbar,11.61298942565918,7.137828350067139,-4.475161075592041,3
ebs,2021-09-05,Dbar,12.637006759643555,7.471478462219238,-5.165528297424316,2
ebs,2021-09-06,Dbar,13.637006759643555,8.086941719055176,-5.550065040588379,1
ebs,2021-09-07,Dbar,15.360037803649902,8.556070327758789,-6.803967475891113,0
ebs,2021-09-08,Dbar,6.716042518615723,8.788166999816895,2.072124481201172,1
ebs,2021-09-09,Dbar,7.488961696624756,9.518129348754883,2.029167652130127,2
ebs,2021-09-10,Dbar,7.906671047210693,9.84076976776123,1.934098720550537,3
ebs,2021-09-11,Dbar,8.471358299255371,10.37256145477295,1.9012031555175781,4
ebs,2021-09-12,Dbar,9.08530330657959,10.851320266723633,1.766016960144043,5
ebs,2021-09-13,Dbar,10.066001892089844,11.861080169677734,1.7950782775878906,6
ebs,2021-09-14,Dbar,10.98968505859375,12.806259155273438,1.8165740966796875,7
ebs,2021-09-15,Dbar,12.207947731018066,14.066605567932129,1.8586578369140625,8
ebs,2021-09-16,Dbar,16.60719108581543,17.966325759887695,1.3591346740722656,9
ebs,2021-09-17,Dbar,18.901477813720703,20.445655822753906,1.5441780090332031,10
ebs,2021-09-18,Dbar,20.463804244995117,22.078046798706055,1.6142425537109375,11
ebs,2021-09-19,Dbar,20.326656341552734,22.03679847717285,1.7101421356201172,12
ebs,2021-09-20,Dbar,21.06958770751953,22.90300750732422,1.8334197998046875,13
ebs,2021-09-21,Dbar,22.12010955810547,24.044265747070312,1.9241561889648438,14
ebs,2021-09-22,Dbar,22.945796966552734,24.983869552612305,2.0380725860595703,15
ebs,2021-09-23,Dbar,22.157766342163086,24.537174224853516,2.3794078826904297,16
ebs,2021-09-24,Dbar,22.30660629272461,24.918415069580078,2.6118087768554688,17
ebs,2021-09-25,Dbar,29.40814971923828,30.97813606262207,1.569986343383789,18
ebs,2021-09-26,Dbar,32.30881881713867,34.38022232055664,2.0714035034179688,19
ebs,2021-09-27,Dbar,34.555145263671875,36.51433181762695,1.9591865539550781,20
ebs,2022-10-17,Dbar,0.0,1.0,1.0,2
ebs,2022-10-18,Dbar,0.0,1.3640809059143066,1.3640809059143066,1
ebs,2022-10-19,Dbar,0.0,2.153412103652954,2.153412103652954,0
ebs,2022-10-20,Dbar,1.0,3.153412103652954,2.153412103652954,1
ebs,2022-10-21,Dbar,2.0,4.153412342071533,2.153412342071533,2
ebs,2022-10-22,Dbar,3.0,5.153412342071533,2.153412342071533,3
ebs,2022-10-23,Dbar,4.0,6.18132209777832,2.1813220977783203,4
ebs,2022-10-24,Dbar,5.0,7.501258850097656,2.5012588500976562,5
ebs,2023-01-26,Dbar,9.884366035461426,10.044641494750977,0.16027545928955078,6
ebs,2023-01-27,Dbar,8.165319442749023,9.131889343261719,0.9665699005126953,5
ebs,2023-01-28,Dbar,9.01952838897705,8.608305931091309,-0.4112224578857422,4
ebs,2023-01-29,Dbar,9.886153221130371,7.609889507293701,-2.27626371383667,3
ebs,2023-01-30,Dbar,10.937029838562012,7.792674541473389,-3.144355297088623,2
ebs,2023-01-31,Dbar,11.937029838562012,8.531158447265625,-3.4058713912963867,1
ebs,2023-02-01,Dbar,13.045373916625977,9.353718757629395,-3.691655158996582,0
ebs,2023-02-02,Dbar,6.486748695373535,9.814888000488281,3.328139305114746,1
ebs,2023-02-03,Dbar,7.273900508880615,10.497485160827637,3.2235846519470215,2
ebs,2023-02-04,Dbar,8.227238655090332,11.431109428405762,3.2038707733154297,3
ebs,2023-02-05,Dbar,9.155876159667969,12.364018440246582,3.2081422805786133,4
ebs,2023-02-06,Dbar,10.136222839355469,13.379425048828125,3.2432022094726562,5
ebs,2023-02-07,Dbar,11.178559303283691,14.437685012817383,3.2591257095336914,6
ebs,2023-02-08,Dbar,12.384676933288574,15.668205261230469,3.2835283279418945,7
ebs,2023-02-09,Dbar,13.561668395996094,16.910432815551758,3.348764419555664,8
ebs,2023-02-10,Dbar,15.152629852294922,18.610502243041992,3.4578723907470703,9
ebs,2023-02-11,Dbar,16.737512588500977,20.474456787109375,3.7369441986083984,10
ebs,2023-02-12,Dbar,17.94428253173828,21.706741333007812,3.7624588012695312,11
ebs,2023-02-13,Dbar,19.135910034179688,22.98948097229004,3.8535709381103516,12
ebs,2023-02-14,Dbar,20.552637100219727,24.51485252380371,3.9622154235839844,13
ebs,2023-02-15,Dbar,21.90427017211914,26.17685890197754,4.272588729858398,14
ebs,2023-02-16,Dbar,23.11301612854004,27.565649032592773,4.452632904052734,15
ebs,2023-02-17,Dbar,24.838659286499023,29.530229568481445,4.691570281982422,16
ebs,2023-02-18,Dbar,27.075063705444336,31.527570724487305,4.452507019042969,17
ebs,2023-02-19,Dbar,28.319183349609375,32.76601028442383,4.446826934814453,18
ebs,2023-02-20,Dbar,29.550098419189453,34.10171127319336,4.551612854003906,19
ebs,2023-02-21,Dbar,30.402299880981445,35.13786315917969,4.735563278198242,20
ebs,2023-02-22,Dbar,29.9248104095459,34.49031066894531,4.565500259399414,21
ebs,2023-02-23,Dbar,30.56740951538086,35.21620559692383,4.648796081542969,22
ebs,2023-02-24,Dbar,30.2004451751709,34.64134979248047,4.44090461730957,23
ebs,2023-02-25,Dbar,31.190954208374023,35.684574127197266,4.493619918823242,24
ebs,2023-02-26,Dbar,31.456138610839844,36.337154388427734,4.881015777587891,25
ebs,2023-02-27,Dbar,33.193389892578125,38.56556701660156,5.3721771240234375,26
ebs,2023-02-28,Dbar,34.97502899169922,40.44950485229492,5.474475860595703,27
ebs,2023-03-01,Dbar,40.076499938964844,45.622623443603516,5.546123504638672,28
ebs,2023-03-02,Dbar,47.77533721923828,51.84111022949219,4.065773010253906,29
ebs,2025-06-18,Dbar,4.426975727081299,3.876347303390503,-0.5506284236907959,4
ebs,2025-06-19,Dbar,5.426975727081299,3.6564183235168457,-1.7705574035644531,3
ebs,2025-06-20,Dbar,6.426975727081299,3.529791831970215,-2.897183895111084,2
ebs,2025-06-21,Dbar,7.426975727081299,3.2964932918548584,-4.13048243522644,1
ebs,2025-06-22,Dbar,8.426976203918457,2.610400915145874,-5.816575288772583,0
ebs,2025-06-23,Dbar,1.9289366006851196,3.1164941787719727,1.187557578086853,1
ebs,2025-06-24,Dbar,2.740046739578247,3.8262197971343994,1.0861730575561523,2
ebs,2025-06-25,Dbar,3.740046739578247,4.819768905639648,1.0797221660614014,3
ebs,2025-06-26,Dbar,4.740046977996826,5.816775321960449,1.076728343963623,4
ebs,2025-06-27,Dbar,5.740046977996826,6.834378242492676,1.0943312644958496,5
ebs,2025-06-28,Dbar,6.884781837463379,8.022102355957031,1.1373205184936523,6
ebs,2025-06-29,Dbar,8.293789863586426,9.669167518615723,1.3753776550292969,7
ebs,2025-06-30,Dbar,9.84192943572998,11.565829277038574,1.7238998413085938,8
ebs,2025-07-01,Dbar,10.975021362304688,12.765183448791504,1.7901620864868164,9
ebs,2025-07-02,Dbar,11.815622329711914,13.579784393310547,1.7641620635986328,10
ebs,2025-07-03,Dbar,9.852133750915527,11.173824310302734,1.321690559387207,11
ebs,2025-07-04,Dbar,8.616095542907715,9.637815475463867,1.0217199325561523,12
ebs,2025-07-05,Dbar,8.603706359863281,9.50537395477295,0.901667594909668,13
ebs,2025-07-06,Dbar,9.402467727661133,10.283045768737793,0.8805780410766602,14
ebs,2025-07-07,Dbar,10.185317993164062,11.045559883117676,0.8602418899536133,15
ebs,2025-07-08,Dbar,9.955789566040039,10.72053337097168,0.7647438049316406,16
ebs,2025-07-09,Dbar,10.231038093566895,10.962934494018555,0.7318964004516602,17
ebs,2025-07-10,Dbar,10.386442184448242,11.205118179321289,0.8186759948730469,18
ebs,2025-07-11,Dbar,9.0824556350708,9.692133903503418,0.6096782684326172,19
ebs,2025-07-12,Dbar,9.254520416259766,9.783555030822754,0.5290346145629883,20
ebs,2025-07-13,Dbar,7.208693027496338,7.6258134841918945,0.41712045669555664,21
ebs,2025-07-14,Dbar,8.625147819519043,9.135976791381836,0.510828971862793,22
ebs,2025-07-15,Dbar,7.012970447540283,7.111729621887207,0.09875917434692383,23
ebs,2025-07-16,Dbar,7.299345970153809,7.425833702087402,0.12648773193359375,24
ebs,2026-06-04,Dbar,3.4485411643981934,2.5634701251983643,-0.8850710391998291,4
ebs,2026-06-05,Dbar,3.869614362716675,2.820394277572632,-1.049220085144043,3
ebs,2026-06-06,Dbar,4.8256988525390625,3.1597647666931152,-1.6659340858459473,2
ebs,2026-06-07,Dbar,5.81859016418457,4.0832719802856445,-1.7353181838989258,1
ebs,2026-06-08,Dbar,6.8700151443481445,4.732974529266357,-2.137040615081787,0
ebs,2026-06-09,Dbar,3.7460365295410156,5.5306878089904785,1.784651279449463,1
ebs,2026-06-10,Dbar,4.746036529541016,6.517721652984619,1.7716851234436035,2
ebs,2026-06-11,Dbar,5.628068923950195,7.430583953857422,1.8025150299072266,3
ebs,2026-06-12,Dbar,5.609644412994385,7.357875823974609,1.7482314109802246,4
ebs,2026-06-13,Dbar,5.919732093811035,7.519161701202393,1.5994296073913574,5
ebs,2026-06-14,Dbar,6.169375896453857,8.420540809631348,2.2511649131774902,6
ebs,2026-06-15,Dbar,6.972411155700684,9.28848934173584,2.3160781860351562,7
ebs,2026-06-16,Dbar,7.7887701988220215,10.175411224365234,2.386641025543213,8
ebs,2026-06-17,Dbar,8.81883430480957,11.245589256286621,2.426754951477051,9
ebs,2026-06-18,Dbar,10.04330062866211,12.60443115234375,2.5611305236816406,10
ebs,2026-06-19,Dbar,9.790288925170898,12.116284370422363,2.325995445251465,11
ebs,2026-06-20,Dbar,8.689279556274414,10.516112327575684,1.8268327713012695,12
ebs,2026-06-21,Dbar,7.617667198181152,9.008964538574219,1.3912973403930664,13
ebs,2026-06-22,Dbar,7.022185802459717,8.12208366394043,1.099897861480713,14
ebs,2026-06-23,Dbar,6.243617534637451,7.064934730529785,0.821317195892334,15
ebs,2026-06-24,Dbar,6.695346832275391,7.448060989379883,0.7527141571044922,16
ebs,2026-06-25,Dbar,7.496692657470703,8.227073669433594,0.7303810119628906,17
ebs,2026-06-26,Dbar,7.758020401000977,8.416434288024902,0.6584138870239258,18
ebs,2026-06-27,Dbar,8.771036148071289,9.435888290405273,0.6648521423339844,19
ebs,2026-06-28,Dbar,9.721056938171387,10.378578186035156,0.6575212478637695,20
ebs,2026-06-29,Dbar,10.275404930114746,10.873953819274902,0.5985488891601562,21
ebs,2026-06-30,Dbar,11.282564163208008,11.918627738952637,0.6360635757446289,22
ebs,2026-07-01,Dbar,12.28402042388916,12.936561584472656,0.6525411605834961,23
egoa,2021-03-19,Dbar,2.0,1.7491185665130615,-0.2508814334869385,4
egoa,2021-03-20,Dbar,3.0,2.7491185665130615,-0.2508814334869385,3
egoa,2021-03-21,Dbar,4.0,3.7491185665130615,-0.2508814334869385,2
egoa,2021-03-22,Dbar,5.0,4.749118804931641,-0.2508811950683594,1
egoa,2021-03-23,Dbar,0.0,4.7966179847717285,4.7966179847717285,0
egoa,2021-03-24,Dbar,1.0,5.497360706329346,4.497360706329346,1
egoa,2021-03-25,Dbar,2.0,5.0,3.0,2
egoa,2021-03-26,Dbar,3.0,6.0,3.0,3
egoa,2021-03-27,Dbar,4.0,7.0,3.0,4
egoa,2021-03-28,Dbar,1.6643390655517578,3.3251867294311523,1.6608476638793945,5
egoa,2021-03-29,Dbar,2.664339065551758,4.325186729431152,1.6608476638793945,6
egoa,2021-03-30,Dbar,3.664339065551758,5.325186729431152,1.6608476638793945,7
egoa,2021-03-31,Dbar,4.664339065551758,6.325186729431152,1.6608476638793945,8
egoa,2021-04-01,Dbar,5.664339065551758,7.325186729431152,1.6608476638793945,9
egoa,2021-04-02,Dbar,6.797763824462891,8.792173385620117,1.9944095611572266,10
egoa,2021-04-03,Dbar,8.330225944519043,8.662782669067383,0.33255672454833984,11
egoa,2021-09-07,Dbar,0.0,6.0,6.0,0
egoa,2022-10-14,Dbar,26.497665405273438,26.46137046813965,-0.03629493713378906,5
egoa,2022-10-15,Dbar,27.63661766052246,27.430273056030273,-0.2063446044921875,4
egoa,2022-10-16,Dbar,29.07547950744629,28.804492950439453,-0.27098655700683594,3
egoa,2022-10-17,Dbar,30.114179611206055,29.6663818359375,-0.4477977752685547,2
egoa,2022-10-18,Dbar,31.44584083557129,30.983606338500977,-0.4622344970703125,1
egoa,2022-10-19,Dbar,39.08441925048828,33.1551513671875,-5.929267883300781,0
egoa,2022-10-20,Dbar,39.80367660522461,35.24681091308594,-4.556865692138672,1
egoa,2022-10-21,Dbar,40.80367660522461,36.85557174682617,-3.9481048583984375,2
egoa,2022-10-22,Dbar,41.80367660522461,38.929813385009766,-2.8738632202148438,3
egoa,2022-10-23,Dbar,42.80367660522461,41.429161071777344,-1.3745155334472656,4
egoa,2022-10-24,Dbar,43.526493072509766,42.6839599609375,-0.8425331115722656,5
egoa,2022-10-25,Dbar,42.674827575683594,43.807254791259766,1.1324272155761719,6
egoa,2022-10-26,Dbar,43.34526443481445,44.47891616821289,1.1336517333984375,7
egoa,2022-10-27,Dbar,43.72651290893555,44.854034423828125,1.1275215148925781,8
egoa,2022-10-28,Dbar,44.40854263305664,45.52253723144531,1.1139945983886719,9
egoa,2022-10-29,Dbar,44.02519607543945,45.1123161315918,1.0871200561523438,10
egoa,2022-10-30,Dbar,44.8471794128418,45.89517593383789,1.0479965209960938,11
egoa,2022-10-31,Dbar,42.414329528808594,43.70024490356445,1.2859153747558594,12
egoa,2022-11-01,Dbar,36.649688720703125,38.404998779296875,1.75531005859375,13
egoa,2022-11-02,Dbar,33.47163009643555,35.575138092041016,2.1035079956054688,14
egoa,2022-11-03,Dbar,32.0444450378418,34.481903076171875,2.437458038330078,15
egoa,2022-11-04,Dbar,31.646780014038086,33.38748550415039,1.7407054901123047,16
egoa,2022-11-05,Dbar,29.6970272064209,32.9058837890625,3.2088565826416016,17
egoa,2024-03-28,Dbar,8.603262901306152,8.533805847167969,-0.0694570541381836,3
egoa,2024-03-29,Dbar,9.687597274780273,9.614583015441895,-0.0730142593383789,2
egoa,2024-03-30,Dbar,10.814421653747559,10.72116756439209,-0.09325408935546875,1
egoa,2024-03-31,Dbar,10.640848159790039,11.656798362731934,1.0159502029418945,0
egoa,2024-04-01,Dbar,11.640848159790039,12.653486251831055,1.0126380920410156,1
egoa,2024-04-02,Dbar,12.640848159790039,12.574942588806152,-0.06590557098388672,2
egoa,2024-04-03,Dbar,13.640848159790039,13.0201997756958,-0.6206483840942383,3
egoa,2024-04-04,Dbar,14.640848159790039,14.0201997756958,-0.6206483840942383,4
egoa,2024-04-05,Dbar,12.745401382446289,14.83484935760498,2.0894479751586914,5
egoa,2024-04-06,Dbar,11.646856307983398,14.609458923339844,2.9626026153564453,6
egoa,2024-04-07,Dbar,11.763705253601074,14.501660346984863,2.737955093383789,7
egoa,2024-04-08,Dbar,12.144088745117188,15.116484642028809,2.972395896911621,8
egoa,2024-04-09,Dbar,11.77648639678955,15.34181022644043,3.565323829650879,9
egoa,2024-04-10,Dbar,11.015297889709473,14.010509490966797,2.995211601257324,10
egoa,2024-04-11,Dbar,9.003357887268066,11.016721725463867,2.013363838195801,11
egoa,2024-04-12,Dbar,11.32593059539795,14.004441261291504,2.6785106658935547,12
egoa,2025-06-19,Dbar,0.0,1.0,1.0,3
egoa,2025-06-20,Dbar,0.0,2.0,2.0,2
egoa,2025-06-21,Dbar,0.0,3.0,3.0,1
egoa,2025-06-22,Dbar,0.0,4.0,4.0,0
egoa,2025-06-23,Dbar,0.0,5.0,5.0,1
egoa,2025-06-24,Dbar,0.0,6.0,6.0,2
egoa,2026-06-07,Dbar,5.0,3.6666581630706787,-1.3333418369293213,1
egoa,2026-06-08,Dbar,0.0,3.758570671081543,3.758570671081543,0
egoa,2026-06-09,Dbar,1.0,4.758570671081543,3.758570671081543,1
egoa,2026-06-10,Dbar,1.221758484840393,2.7308690547943115,1.5091105699539185,2
egoa,2026-06-11,Dbar,1.5234603881835938,2.431123733520508,0.9076633453369141,3
egoa,2026-06-12,Dbar,2.3908944129943848,3.219576120376587,0.8286817073822021,4
egoa,2026-06-13,Dbar,3.3908944129943848,4.219575881958008,0.828681468963623,5
egoa,2026-06-14,Dbar,4.390894412994385,5.219575881958008,0.828681468963623,6
egoa,2026-06-15,Dbar,5.390894412994385,6.219575881958008,0.828681468963623,7
egoa,2026-06-16,Dbar,6.420552730560303,7.424163818359375,1.0036110877990723,8
goa,2021-03-18,Dbar,1.0,2.389838457107544,1.389838457107544,5
goa,2021-03-19,Dbar,2.0,1.8386590480804443,-0.16134095191955566,4
goa,2021-03-20,Dbar,3.0,2.1033010482788086,-0.8966989517211914,3
goa,2021-03-21,Dbar,4.0,2.3926987648010254,-1.6073012351989746,2
goa,2021-03-22,Dbar,5.0,2.7839529514312744,-2.2160470485687256,1
goa,2021-03-23,Dbar,0.0,3.075740337371826,3.075740337371826,0
goa,2021-03-24,Dbar,1.0,4.020283222198486,3.0202832221984863,1
goa,2021-03-25,Dbar,2.0,4.902377128601074,2.902377128601074,2
goa,2021-03-26,Dbar,3.0,5.902377128601074,2.902377128601074,3
goa,2021-03-27,Dbar,4.0,6.582217693328857,2.5822176933288574,4
goa,2021-03-28,Dbar,4.273309707641602,6.736789226531982,2.463479518890381,5
goa,2021-03-29,Dbar,5.033799171447754,7.869659423828125,2.835860252380371,6
goa,2021-03-30,Dbar,5.847776412963867,8.780515670776367,2.9327392578125,7
goa,2021-03-31,Dbar,4.664339065551758,6.325186729431152,1.6608476638793945,8
goa,2021-04-01,Dbar,2.9779770374298096,3.6822824478149414,0.7043054103851318,9
goa,2021-04-02,Dbar,1.5576993227005005,1.7074275016784668,0.1497281789779663,10
goa,2021-04-03,Dbar,2.371000289916992,2.3859035968780518,0.01490330696105957,11
goa,2021-09-04,Dbar,5.553016185760498,4.798248291015625,-0.754767894744873,3
goa,2021-09-05,Dbar,6.090020179748535,5.3082380294799805,-0.7817821502685547,2
goa,2021-09-06,Dbar,5.0,4.290115833282471,-0.7098841667175293,1
goa,2021-09-07,Dbar,0.0,4.952155590057373,4.952155590057373,0
goa,2021-09-08,Dbar,1.0,2.472391128540039,1.472391128540039,1
goa,2021-09-09,Dbar,2.0,3.472391128540039,1.472391128540039,2
goa,2021-09-10,Dbar,3.0,4.472391128540039,1.472391128540039,3
goa,2021-09-11,Dbar,4.0,5.472391128540039,1.472391128540039,4
goa,2022-10-14,Dbar,26.497665405273438,26.46137046813965,-0.03629493713378906,5
goa,2022-10-15,Dbar,27.63661766052246,27.430273056030273,-0.2063446044921875,4
goa,2022-10-16,Dbar,29.07547950744629,28.804492950439453,-0.27098655700683594,3
goa,2022-10-17,Dbar,30.114179611206055,29.6663818359375,-0.4477977752685547,2
goa,2022-10-18,Dbar,31.44584083557129,30.983606338500977,-0.4622344970703125,1
goa,2022-10-19,Dbar,39.08441925048828,33.1551513671875,-5.929267883300781,0
goa,2022-10-20,Dbar,39.80367660522461,35.24681091308594,-4.556865692138672,1
goa,2022-10-21,Dbar,40.80367660522461,36.85557174682617,-3.9481048583984375,2
goa,2022-10-22,Dbar,41.80367660522461,38.929813385009766,-2.8738632202148438,3
goa,2022-10-23,Dbar,42.80367660522461,41.429161071777344,-1.3745155334472656,4
goa,2022-10-24,Dbar,43.526493072509766,42.6839599609375,-0.8425331115722656,5
goa,2022-10-25,Dbar,42.674827575683594,43.807254791259766,1.1324272155761719,6
goa,2022-10-26,Dbar,43.34526443481445,44.47891616821289,1.1336517333984375,7
goa,2022-10-27,Dbar,43.72651290893555,44.854034423828125,1.1275215148925781,8
goa,2022-10-28,Dbar,44.40854263305664,45.52253723144531,1.1139945983886719,9
goa,2022-10-29,Dbar,44.02519607543945,45.1123161315918,1.0871200561523438,10
goa,2022-10-30,Dbar,44.8471794128418,45.89517593383789,1.0479965209960938,11
goa,2022-10-31,Dbar,42.414329528808594,43.70024490356445,1.2859153747558594,12
goa,2022-11-01,Dbar,36.649688720703125,38.404998779296875,1.75531005859375,13
goa,2022-11-02,Dbar,33.47163009643555,35.575138092041016,2.1035079956054688,14
goa,2022-11-03,Dbar,32.0444450378418,34.481903076171875,2.437458038330078,15
goa,2022-11-04,Dbar,31.646780014038086,33.38748550415039,1.7407054901123047,16
goa,2022-11-05,Dbar,29.6970272064209,32.9058837890625,3.2088565826416016,17
goa,2023-01-28,Dbar,35.7459831237793,32.428829193115234,-3.3171539306640625,4
goa,2023-01-29,Dbar,36.7459831237793,32.36943435668945,-4.376548767089844,3
goa,2023-01-30,Dbar,37.837547302246094,30.932771682739258,-6.904775619506836,2
goa,2023-01-31,Dbar,38.92604446411133,31.735864639282227,-7.190179824829102,1
goa,2023-02-01,Dbar,43.002689361572266,32.31900405883789,-10.683685302734375,0
goa,2023-02-02,Dbar,35.9202766418457,33.43882751464844,-2.4814491271972656,1
goa,2023-02-03,Dbar,36.9202766418457,34.87933349609375,-2.040943145751953,2
goa,2023-02-04,Dbar,37.9202766418457,38.67433547973633,0.754058837890625,3
goa,2023-02-05,Dbar,38.9202766418457,40.22672653198242,1.3064498901367188,4
goa,2023-02-06,Dbar,39.71772766113281,41.517547607421875,1.7998199462890625,5
goa,2023-02-07,Dbar,42.803279876708984,44.53740692138672,1.7341270446777344,6
goa,2023-02-08,Dbar,46.737632751464844,48.39680862426758,1.6591758728027344,7
goa,2023-02-09,Dbar,48.00828170776367,49.66175079345703,1.6534690856933594,8
goa,2023-02-10,Dbar,49.00828170776367,50.66175079345703,1.6534690856933594,9
goa,2023-02-11,Dbar,50.8718147277832,52.492774963378906,1.6209602355957031,10
goa,2023-02-12,Dbar,52.7940788269043,54.15654373168945,1.3624649047851562,11
goa,2023-02-13,Dbar,55.556312561035156,56.71243667602539,1.1561241149902344,12
goa,2023-02-14,Dbar,57.69111251831055,58.72287368774414,1.0317611694335938,13
goa,2023-02-15,Dbar,59.15258026123047,60.185890197753906,1.0333099365234375,14
goa,2023-02-16,Dbar,60.41145706176758,61.48497009277344,1.0735130310058594,15
goa,2023-02-17,Dbar,61.41145706176758,62.48497009277344,1.0735130310058594,16
goa,2023-02-18,Dbar,62.97758483886719,63.958805084228516,0.9812202453613281,17
goa,2023-02-19,Dbar,62.12212371826172,63.07443618774414,0.9523124694824219,18
goa,2023-02-20,Dbar,60.511390686035156,61.42367935180664,0.9122886657714844,19
goa,2023-02-21,Dbar,57.29322814941406,58.14192581176758,0.8486976623535156,20
goa,2023-02-22,Dbar,58.29322814941406,59.14192581176758,0.8486976623535156,21
goa,2023-02-23,Dbar,58.428863525390625,59.26679992675781,0.8379364013671875,22
goa,2023-02-24,Dbar,57.96620178222656,58.78316116333008,0.8169593811035156,23
goa,2023-02-25,Dbar,58.48835372924805,59.298580169677734,0.8102264404296875,24
goa,2023-02-26,Dbar,60.612789154052734,61.44017791748047,0.8273887634277344,25
goa,2023-02-27,Dbar,62.30019760131836,63.13825988769531,0.8380622863769531,26
goa,2023-02-28,Dbar,63.78004455566406,64.62531280517578,0.8452682495117188,27
goa,2023-03-01,Dbar,65.7681655883789,66.63204193115234,0.8638763427734375,28
goa,2024-03-28,Dbar,8.834222793579102,8.763789176940918,-0.0704336166381836,3
goa,2024-03-29,Dbar,9.926251411437988,9.85221004486084,-0.07404136657714844,2
goa,2024-03-30,Dbar,11.111091613769531,11.016290664672852,-0.09480094909667969,1
goa,2024-03-31,Dbar,10.640848159790039,12.121783256530762,1.4809350967407227,0
goa,2024-04-01,Dbar,11.640848159790039,13.515923500061035,1.875075340270996,1
goa,2024-04-02,Dbar,12.640848159790039,12.574942588806152,-0.06590557098388672,2
goa,2024-04-03,Dbar,13.640848159790039,13.0201997756958,-0.6206483840942383,3
goa,2024-04-04,Dbar,14.640848159790039,14.0201997756958,-0.6206483840942383,4
goa,2024-04-05,Dbar,12.745401382446289,14.83484935760498,2.0894479751586914,5
goa,2024-04-06,Dbar,11.646856307983398,14.609458923339844,2.9626026153564453,6
goa,2024-04-07,Dbar,11.763705253601074,14.501660346984863,2.737955093383789,7
goa,2024-04-08,Dbar,12.144088745117188,15.116484642028809,2.972395896911621,8
goa,2024-04-09,Dbar,11.77648639678955,15.34181022644043,3.565323829650879,9
goa,2024-04-10,Dbar,11.015297889709473,14.010509490966797,2.995211601257324,10
goa,2024-04-11,Dbar,9.003357887268066,11.016721725463867,2.013363838195801,11
goa,2024-04-12,Dbar,11.32593059539795,14.004441261291504,2.6785106658935547,12
goa,2025-06-19,Dbar,21.798946380615234,12.9345121383667,-8.864434242248535,3
goa,2025-06-20,Dbar,22.798946380615234,11.884798049926758,-10.914148330688477,2
goa,2025-06-21,Dbar,23.798946380615234,12.884798049926758,-10.914148330688477,1
goa,2025-06-22,Dbar,31.5,13.884798049926758,-17.615201950073242,0
goa,2025-06-23,Dbar,32.5,15.259778022766113,-17.240221977233887,1
goa,2025-06-24,Dbar,33.5,19.069883346557617,-14.430116653442383,2
goa,2025-06-25,Dbar,21.99344825744629,18.177736282348633,-3.8157119750976562,3
goa,2025-06-26,Dbar,22.99344825744629,19.177736282348633,-3.8157119750976562,4
goa,2025-06-27,Dbar,14.966668128967285,16.298948287963867,1.332280158996582,5
goa,2025-06-28,Dbar,13.573589324951172,14.692846298217773,1.1192569732666016,6
goa,2025-06-29,Dbar,14.573589324951172,15.692846298217773,1.1192569732666016,7
goa,2025-06-30,Dbar,17.826679229736328,19.209346771240234,1.3826675415039062,8
goa,2025-07-01,Dbar,15.866902351379395,17.020004272460938,1.153101921081543,9
goa,2025-07-02,Dbar,16.866901397705078,18.020004272460938,1.1531028747558594,10
goa,2025-07-03,Dbar,16.960590362548828,18.124191284179688,1.1636009216308594,11
goa,2025-07-04,Dbar,17.960590362548828,19.124191284179688,1.1636009216308594,12
goa,2025-07-05,Dbar,18.960590362548828,20.124191284179688,1.1636009216308594,13
goa,2025-07-06,Dbar,19.960590362548828,21.124191284179688,1.1636009216308594,14
goa,2025-07-07,Dbar,20.960590362548828,22.124191284179688,1.1636009216308594,15
goa,2025-07-08,Dbar,21.960590362548828,23.124191284179688,1.1636009216308594,16
goa,2025-07-09,Dbar,22.960590362548828,24.124191284179688,1.1636009216308594,17
goa,2025-07-10,Dbar,23.960590362548828,25.124191284179688,1.1636009216308594,18
goa,2025-07-11,Dbar,24.960590362548828,26.124191284179688,1.1636009216308594,19
goa,2025-07-12,Dbar,33.5,35.25,1.75,20
goa,2025-07-13,Dbar,40.66666793823242,43.0,2.333332061767578,21
goa,2026-06-05,Dbar,3.0,2.3831686973571777,-0.6168313026428223,3
goa,2026-06-06,Dbar,4.0,2.251136302947998,-1.748863697052002,2
goa,2026-06-07,Dbar,5.0,2.6876304149627686,-2.3123695850372314,1
goa,2026-06-08,Dbar,0.0,3.369203805923462,3.369203805923462,0
goa,2026-06-09,Dbar,1.0,4.369204044342041,3.369204044342041,1
goa,2026-06-10,Dbar,1.3139320611953735,3.22780704498291,1.9138749837875366,2
goa,2026-06-11,Dbar,1.6219496726989746,2.7165136337280273,1.0945639610290527,3
goa,2026-06-12,Dbar,2.500674247741699,3.519970178604126,1.0192959308624268,4
goa,2026-06-13,Dbar,3.3182733058929443,4.270942687988281,0.9526693820953369,5
goa,2026-06-14,Dbar,4.318273067474365,5.270942687988281,0.952669620513916,6
goa,2026-06-15,Dbar,5.158991813659668,6.280759334564209,1.121767520904541,7
goa,2026-06-16,Dbar,6.150505065917969,7.511513710021973,1.361008644104004,8
goa,2026-06-17,Dbar,5.606842517852783,7.356660842895508,1.7498183250427246,9
goa,2026-06-18,Dbar,6.4714202880859375,8.87405776977539,2.402637481689453,10
goa,2026-06-19,Dbar,7.583561420440674,10.557738304138184,2.9741768836975098,11
goa,2026-06-20,Dbar,6.237671375274658,8.29181957244873,2.0541481971740723,12
goa,2026-06-21,Dbar,3.986609935760498,4.970139980316162,0.9835300445556641,13
goa,2026-06-22,Dbar,4.466678619384766,5.321937084197998,0.8552584648132324,14
goa,2026-06-23,Dbar,4.9485249519348145,5.704570293426514,0.7560453414916992,15
goa,2026-06-24,Dbar,5.9485249519348145,6.704570293426514,0.7560453414916992,16
goa,2026-06-25,Dbar,6.9485249519348145,7.704570293426514,0.7560453414916992,17
goa,2026-06-26,Dbar,8.28062915802002,9.191991806030273,0.9113626480102539,18
goa,2026-06-27,Dbar,9.28062915802002,10.191991806030273,0.9113626480102539,19
goa,2026-06-28,Dbar,10.652199745178223,11.017333030700684,0.36513328552246094,20
goa,2026-06-29,Dbar,12.530598640441895,12.97294807434082,0.4423494338989258,21
goa,2026-06-30,Dbar,13.530598640441895,13.97294807434082,0.4423494338989258,22
goa,2026-07-01,Dbar,14.530598640441895,14.97294807434082,0.4423494338989258,23
nbs,2023-01-30,Dbar,0.0,1.0,1.0,2
nbs,2023-01-31,Dbar,0.0,1.875,1.875,1
nbs,2023-02-01,Dbar,0.0,2.875,2.875,0
nbs,2023-02-02,Dbar,1.0,3.875,2.875,1
nbs,2023-02-03,Dbar,2.0,4.875,2.875,2
nbs,2023-02-04,Dbar,2.5999999046325684,4.900000095367432,2.3000001907348633,3
nbs,2023-02-05,Dbar,3.5999999046325684,5.900000095367432,2.3000001907348633,4
nbs,2023-02-06,Dbar,4.599999904632568,6.900000095367432,2.3000001907348633,5
nbs,2023-02-07,Dbar,5.599999904632568,7.900000095367432,2.3000001907348633,6
nbs,2023-02-08,Dbar,6.599999904632568,8.899999618530273,2.299999713897705,7
nbs,2023-02-09,Dbar,8.0,11.0,3.0,8
nbs,2023-02-10,Dbar,9.0,12.0,3.0,9
nbs,2023-02-11,Dbar,10.0,13.0,3.0,10
nbs,2023-02-12,Dbar,11.0,14.0,3.0,11
nbs,2023-02-13,Dbar,12.0,15.0,3.0,12
nbs,2023-02-14,Dbar,13.0,16.0,3.0,13
nbs,2025-06-18,Dbar,4.602843761444092,4.184892177581787,-0.4179515838623047,4
nbs,2025-06-19,Dbar,5.602843761444092,3.7555243968963623,-1.8473193645477295,3
nbs,2025-06-20,Dbar,6.602843761444092,3.5318212509155273,-3.0710225105285645,2
nbs,2025-06-21,Dbar,7.602843761444092,3.2525570392608643,-4.3502867221832275,1
nbs,2025-06-22,Dbar,8.602843284606934,2.559680223464966,-6.043163061141968,0
nbs,2025-06-23,Dbar,1.8908827304840088,3.088932752609253,1.1980500221252441,1
nbs,2025-06-24,Dbar,2.715900421142578,3.8172242641448975,1.1013238430023193,2
nbs,2025-06-25,Dbar,3.715900421142578,4.81063985824585,1.0947394371032715,3
nbs,2025-06-26,Dbar,4.715900421142578,5.807453632354736,1.0915532112121582,4
nbs,2025-06-27,Dbar,5.715900421142578,6.8250250816345215,1.1091246604919434,5
nbs,2025-06-28,Dbar,6.858181953430176,8.013931274414062,1.1557493209838867,6
nbs,2025-06-29,Dbar,8.266899108886719,9.672284126281738,1.4053850173950195,7
nbs,2025-06-30,Dbar,9.886412620544434,11.637296676635742,1.7508840560913086,8
nbs,2025-07-01,Dbar,11.025009155273438,12.845250129699707,1.8202409744262695,9
nbs,2025-07-02,Dbar,11.86223316192627,13.655599594116211,1.7933664321899414,10
nbs,2025-07-03,Dbar,9.85030746459961,11.188323020935059,1.3380155563354492,11
nbs,2025-07-04,Dbar,8.593398094177246,9.624846458435059,1.0314483642578125,12
nbs,2025-07-05,Dbar,8.575201034545898,9.484436988830566,0.909235954284668,13
nbs,2025-07-06,Dbar,9.372984886169434,10.260780334472656,0.8877954483032227,14
nbs,2025-07-07,Dbar,10.154784202575684,11.021910667419434,0.86712646484375,15
nbs,2025-07-08,Dbar,9.955789566040039,10.72053337097168,0.7647438049316406,16
nbs,2025-07-09,Dbar,10.297161102294922,11.034299850463867,0.7371387481689453,17
nbs,2025-07-10,Dbar,11.419450759887695,12.329436302185059,0.9099855422973633,18
nbs,2025-07-11,Dbar,10.320414543151855,11.036659240722656,0.7162446975708008,19
nbs,2025-07-12,Dbar,10.738116264343262,11.385799407958984,0.6476831436157227,20
nbs,2025-07-13,Dbar,11.927902221679688,12.713181495666504,0.7852792739868164,21
nbs,2025-07-14,Dbar,16.395444869995117,17.594995498657227,1.1995506286621094,22
nbs,2025-07-15,Dbar,17.731107711791992,18.165786743164062,0.4346790313720703,23
nbs,2025-07-16,Dbar,25.808496475219727,26.793357849121094,0.9848613739013672,24
nbs,2026-06-04,Dbar,3.6047444343566895,2.9562554359436035,-0.6484889984130859,4
nbs,2026-06-05,Dbar,3.943889856338501,3.050591230392456,-0.8932986259460449,3
nbs,2026-06-06,Dbar,4.894227027893066,3.16947603225708,-1.7247509956359863,2
nbs,2026-06-07,Dbar,5.888960361480713,4.066716194152832,-1.8222441673278809,1
nbs,2026-06-08,Dbar,6.9954633712768555,4.768510341644287,-2.2269530296325684,0
nbs,2026-06-09,Dbar,4.6642866134643555,5.489078521728516,0.8247919082641602,1
nbs,2026-06-10,Dbar,5.6642866134643555,6.467396259307861,0.8031096458435059,2
nbs,2026-06-11,Dbar,6.6642866134643555,7.501052379608154,0.8367657661437988,3
nbs,2026-06-12,Dbar,6.901756763458252,8.010852813720703,1.1090960502624512,4
nbs,2026-06-13,Dbar,6.988193511962891,8.113129615783691,1.1249361038208008,5
nbs,2026-06-14,Dbar,6.4620842933654785,8.929795265197754,2.4677109718322754,6
nbs,2026-06-15,Dbar,7.130364418029785,9.723281860351562,2.5929174423217773,7
nbs,2026-06-16,Dbar,7.80825138092041,10.543462753295898,2.7352113723754883,8
nbs,2026-06-17,Dbar,8.80825138092041,11.543462753295898,2.7352113723754883,9
nbs,2026-06-18,Dbar,9.80825138092041,12.543462753295898,2.7352113723754883,10
nbs,2026-06-19,Dbar,8.859541893005371,11.051319122314453,2.191777229309082,11
nbs,2026-06-20,Dbar,8.345986366271973,10.163322448730469,1.817336082458496,12
nbs,2026-06-21,Dbar,7.156755447387695,8.497386932373047,1.3406314849853516,13
nbs,2026-06-22,Dbar,6.444424629211426,7.464295864105225,1.0198712348937988,14
nbs,2026-06-23,Dbar,5.481854438781738,6.191136360168457,0.7092819213867188,15
nbs,2026-06-24,Dbar,5.882665157318115,6.5186991691589355,0.6360340118408203,16
nbs,2026-06-25,Dbar,6.668372631072998,7.281237602233887,0.6128649711608887,17
nbs,2026-06-26,Dbar,6.8793816566467285,7.41973352432251,0.5403518676757812,18
nbs,2026-06-27,Dbar,7.873148441314697,8.416505813598633,0.5433573722839355,19
nbs,2026-06-28,Dbar,8.888044357299805,9.434219360351562,0.5461750030517578,20
nbs,2026-06-29,Dbar,10.100955963134766,10.707436561584473,0.606480598449707,21
nbs,2026-06-30,Dbar,11.282564163208008,11.918627738952637,0.6360635757446289,22
nbs,2026-07-01,Dbar,12.28402042388916,12.936561584472656,0.6525411605834961,23
sebs,2021-03-19,Dbar,13.236308097839355,13.21580696105957,-0.020501136779785156,4
sebs,2021-03-20,Dbar,17.968786239624023,16.247562408447266,-1.7212238311767578,3
sebs,2021-03-21,Dbar,19.489072799682617,15.059307098388672,-4.429765701293945,2
sebs,2021-03-22,Dbar,20.489072799682617,15.684187889099121,-4.804884910583496,1
sebs,2021-03-23,Dbar,31.70549774169922,14.053977966308594,-17.651519775390625,0
sebs,2021-03-24,Dbar,8.43226432800293,14.425140380859375,5.992876052856445,1
sebs,2021-03-25,Dbar,7.835407257080078,13.360225677490234,5.524818420410156,2
sebs,2021-03-26,Dbar,7.848481178283691,13.097556114196777,5.249074935913086,3
sebs,2021-03-27,Dbar,8.700645446777344,13.47456169128418,4.773916244506836,4
sebs,2021-03-28,Dbar,9.539787292480469,13.256850242614746,3.7170629501342773,5
sebs,2021-03-29,Dbar,11.039533615112305,13.41870403289795,2.3791704177856445,6
sebs,2021-03-30,Dbar,12.42448616027832,15.32581901550293,2.9013328552246094,7
sebs,2021-09-01,Dbar,9.328194618225098,9.3153076171875,-0.012887001037597656,6
sebs,2021-09-02,Dbar,9.52400016784668,9.576757431030273,0.05275726318359375,5
sebs,2021-09-03,Dbar,10.52400016784668,8.523273468017578,-2.0007266998291016,4
sebs,2021-09-04,Dbar,11.61298942565918,7.137828350067139,-4.475161075592041,3
sebs,2021-09-05,Dbar,12.637006759643555,7.471478462219238,-5.165528297424316,2
sebs,2021-09-06,Dbar,13.637006759643555,8.086941719055176,-5.550065040588379,1
sebs,2021-09-07,Dbar,15.360037803649902,8.556070327758789,-6.803967475891113,0
sebs,2021-09-08,Dbar,6.716042518615723,8.788166999816895,2.072124481201172,1
sebs,2021-09-09,Dbar,7.488961696624756,9.518129348754883,2.029167652130127,2
sebs,2021-09-10,Dbar,7.977902889251709,9.924149513244629,1.94624662399292,3
sebs,2021-09-11,Dbar,8.565950393676758,10.485383033752441,1.9194326400756836,4
sebs,2021-09-12,Dbar,9.236109733581543,11.040054321289062,1.8039445877075195,5
sebs,2021-09-13,Dbar,10.225956916809082,12.062037467956543,1.836080551147461,6
sebs,2021-09-14,Dbar,11.15128231048584,13.010238647460938,1.8589563369750977,7
sebs,2021-09-15,Dbar,12.383230209350586,14.287487030029297,1.904256820678711,8
sebs,2021-09-16,Dbar,17.078643798828125,18.498188018798828,1.4195442199707031,9
sebs,2021-09-17,Dbar,18.901477813720703,20.445655822753906,1.5441780090332031,10
sebs,2021-09-18,Dbar,20.463804244995117,22.078046798706055,1.6142425537109375,11
sebs,2021-09-19,Dbar,20.326656341552734,22.03679847717285,1.7101421356201172,12
sebs,2021-09-20,Dbar,21.06958770751953,22.90300750732422,1.8334197998046875,13
sebs,2021-09-21,Dbar,22.12010955810547,24.044265747070312,1.9241561889648438,14
sebs,2021-09-22,Dbar,22.945796966552734,24.983869552612305,2.0380725860595703,15
sebs,2021-09-23,Dbar,22.157766342163086,24.537174224853516,2.3794078826904297,16
sebs,2021-09-24,Dbar,22.30660629272461,24.918415069580078,2.6118087768554688,17
sebs,2021-09-25,Dbar,29.40814971923828,30.97813606262207,1.569986343383789,18
sebs,2021-09-26,Dbar,32.30881881713867,34.38022232055664,2.0714035034179688,19
sebs,2021-09-27,Dbar,34.555145263671875,36.51433181762695,1.9591865539550781,20
sebs,2022-10-17,Dbar,0.0,1.0,1.0,2
sebs,2022-10-18,Dbar,0.0,1.3640809059143066,1.3640809059143066,1
sebs,2022-10-19,Dbar,0.0,2.153412103652954,2.153412103652954,0
sebs,2022-10-20,Dbar,1.0,3.153412103652954,2.153412103652954,1
sebs,2022-10-21,Dbar,2.0,4.153412342071533,2.153412342071533,2
sebs,2022-10-22,Dbar,3.0,5.153412342071533,2.153412342071533,3
sebs,2022-10-23,Dbar,4.0,6.18132209777832,2.1813220977783203,4
sebs,2022-10-24,Dbar,5.0,7.501258850097656,2.5012588500976562,5
sebs,2023-01-26,Dbar,9.884366035461426,10.044641494750977,0.16027545928955078,6
sebs,2023-01-27,Dbar,8.165319442749023,9.131889343261719,0.9665699005126953,5
sebs,2023-01-28,Dbar,9.01952838897705,8.608305931091309,-0.4112224578857422,4
sebs,2023-01-29,Dbar,9.886153221130371,7.609889507293701,-2.27626371383667,3
sebs,2023-01-30,Dbar,10.937029838562012,7.8503007888793945,-3.086729049682617,2
sebs,2023-01-31,Dbar,11.937029838562012,8.593583106994629,-3.343446731567383,1
sebs,2023-02-01,Dbar,13.045373916625977,9.413203239440918,-3.6321706771850586,0
sebs,2023-02-02,Dbar,6.534923553466797,9.866256713867188,3.3313331604003906,1
sebs,2023-02-03,Dbar,7.318674564361572,10.544523239135742,3.22584867477417,2
sebs,2023-02-04,Dbar,8.286694526672363,11.499114990234375,3.2124204635620117,3
sebs,2023-02-05,Dbar,9.21406364440918,12.430959701538086,3.2168960571289062,4
sebs,2023-02-06,Dbar,10.19407844543457,13.447137832641602,3.2530593872070312,5
sebs,2023-02-07,Dbar,11.237342834472656,14.506575584411621,3.269232749938965,6
sebs,2023-02-08,Dbar,12.448030471801758,15.742331504821777,3.2943010330200195,7
sebs,2023-02-09,Dbar,13.605430603027344,16.956937789916992,3.3515071868896484,8
sebs,2023-02-10,Dbar,15.183272361755371,18.64342498779297,3.4601526260375977,9
sebs,2023-02-11,Dbar,16.766231536865234,20.506317138671875,3.7400856018066406,10
sebs,2023-02-12,Dbar,17.964580535888672,21.72926902770996,3.764688491821289,11
sebs,2023-02-13,Dbar,19.158443450927734,23.014711380004883,3.8562679290771484,12
sebs,2023-02-14,Dbar,20.580116271972656,24.54583168029785,3.9657154083251953,13
sebs,2023-02-15,Dbar,21.90427017211914,26.17685890197754,4.272588729858398,14
sebs,2023-02-16,Dbar,23.11301612854004,27.565649032592773,4.452632904052734,15
sebs,2023-02-17,Dbar,24.838659286499023,29.530229568481445,4.691570281982422,16
sebs,2023-02-18,Dbar,27.075063705444336,31.527570724487305,4.452507019042969,17
sebs,2023-02-19,Dbar,28.319183349609375,32.76601028442383,4.446826934814453,18
sebs,2023-02-20,Dbar,29.550098419189453,34.10171127319336,4.551612854003906,19
sebs,2023-02-21,Dbar,30.402299880981445,35.13786315917969,4.735563278198242,20
sebs,2023-02-22,Dbar,29.9248104095459,34.49031066894531,4.565500259399414,21
sebs,2023-02-23,Dbar,30.56740951538086,35.21620559692383,4.648796081542969,22
sebs,2023-02-24,Dbar,30.2004451751709,34.64134979248047,4.44090461730957,23
sebs,2023-02-25,Dbar,31.190954208374023,35.684574127197266,4.493619918823242,24
sebs,2023-02-26,Dbar,31.456138610839844,36.337154388427734,4.881015777587891,25
sebs,2023-02-27,Dbar,33.193389892578125,38.56556701660156,5.3721771240234375,26
sebs,2023-02-28,Dbar,34.97502899169922,40.44950485229492,5.474475860595703,27
sebs,2023-03-01,Dbar,40.076499938964844,45.622623443603516,5.546123504638672,28
sebs,2023-03-02,Dbar,47.77533721923828,51.84111022949219,4.065773010253906,29
sebs,2025-06-18,Dbar,2.0,1.4944993257522583,-0.5055006742477417,4
sebs,2025-06-19,Dbar,3.0,2.494499444961548,-0.5055005550384521,3
sebs,2025-06-20,Dbar,4.0,3.494499444961548,-0.5055005550384521,2
sebs,2025-06-21,Dbar,5.0,4.494499206542969,-0.5055007934570312,1
sebs,2025-06-22,Dbar,6.0,5.494499206542969,-0.5055007934570312,0
sebs,2026-06-04,Dbar,2.500002384185791,1.5015578269958496,-0.9984445571899414,4
sebs,2026-06-05,Dbar,3.500002384185791,2.2851078510284424,-1.2148945331573486,3
sebs,2026-06-06,Dbar,4.500002384185791,3.1314809322357178,-1.3685214519500732,2
sebs,2026-06-07,Dbar,5.500002384185791,4.131480693817139,-1.3685216903686523,1
sebs,2026-06-08,Dbar,6.500002384185791,4.641810894012451,-1.8581914901733398,0
sebs,2026-06-09,Dbar,2.529418706893921,5.641810894012451,3.1123921871185303,1
sebs,2026-06-10,Dbar,3.529418706893921,6.641810894012451,3.1123921871185303,2
sebs,2026-06-11,Dbar,4.3319621086120605,7.270228385925293,2.9382662773132324,3
sebs,2026-06-12,Dbar,4.243288993835449,6.443134307861328,2.199845314025879,4
sebs,2026-06-13,Dbar,4.764456272125244,6.716061115264893,1.9516048431396484,5
sebs,2026-06-14,Dbar,5.764456272125244,7.716061115264893,1.9516048431396484,6
sebs,2026-06-15,Dbar,6.764456272125244,8.716060638427734,1.9516043663024902,7
sebs,2026-06-16,Dbar,7.764456272125244,9.716060638427734,1.9516043663024902,8
sebs,2026-06-17,Dbar,8.832552909851074,10.859477043151855,2.0269241333007812,9
sebs,2026-06-18,Dbar,10.461080551147461,12.712798118591309,2.2517175674438477,10
sebs,2026-06-19,Dbar,12.247815132141113,14.92819595336914,2.6803808212280273,11
sebs,2026-06-20,Dbar,9.44284725189209,11.29052734375,1.8476800918579102,12
sebs,2026-06-21,Dbar,8.742171287536621,10.257081031799316,1.5149097442626953,13
sebs,2026-06-22,Dbar,8.641899108886719,9.966144561767578,1.3242454528808594,14
sebs,2026-06-23,Dbar,9.133748054504395,10.380126953125,1.2463788986206055,15
sebs,2026-06-24,Dbar,10.133748054504395,11.380126953125,1.2463788986206055,16
sebs,2026-06-25,Dbar,11.133748054504395,12.380126953125,1.2463788986206055,17
sebs,2026-06-26,Dbar,12.133748054504395,13.380126953125,1.2463788986206055,18
sebs,2026-06-27,Dbar,13.357148170471191,14.642559051513672,1.2854108810424805,19
sebs,2026-06-28,Dbar,15.541552543640137,16.97708511352539,1.435532569885254,20
wgoa,2021-03-18,Dbar,0.0,6.0,6.0,5
wgoa,2021-03-19,Dbar,0.0,1.8844246864318848,1.8844246864318848,4
wgoa,2021-03-20,Dbar,0.0,1.9388459920883179,1.9388459920883179,3
wgoa,2021-03-21,Dbar,0.0,2.182105779647827,2.182105779647827,2
wgoa,2021-03-22,Dbar,0.0,2.5651164054870605,2.5651164054870605,1
wgoa,2021-03-23,Dbar,0.0,2.8983402252197266,2.8983402252197266,0
wgoa,2021-03-24,Dbar,1.0,3.8983402252197266,2.8983402252197266,1
wgoa,2021-03-25,Dbar,2.0,4.898340225219727,2.8983402252197266,2
wgoa,2021-03-26,Dbar,3.0,5.898340225219727,2.8983402252197266,3
wgoa,2021-03-27,Dbar,4.0,6.5558600425720215,2.5558600425720215,4
wgoa,2021-03-28,Dbar,5.0,7.68704080581665,2.6870408058166504,5
wgoa,2021-03-29,Dbar,6.0,9.314997673034668,3.314997673034668,6
wgoa,2021-03-30,Dbar,7.0,10.603930473327637,3.6039304733276367,7
wgoa,2021-09-04,Dbar,6.996182918548584,5.573594093322754,-1.42258882522583,3
wgoa,2021-09-05,Dbar,7.663278102874756,6.004585266113281,-1.6586928367614746,2
wgoa,2021-09-06,Dbar,0.0,3.0,3.0,1
wgoa,2021-09-07,Dbar,0.0,4.0,4.0,0
wgoa,2021-09-08,Dbar,0.0,5.0,5.0,1
wgoa,2021-09-09,Dbar,0.0,6.0,6.0,2
wgoa,2021-09-10,Dbar,0.0,7.0,7.0,3
wgoa,2021-09-11,Dbar,0.0,8.0,8.0,4
wgoa,2023-01-28,Dbar,35.7459831237793,32.428829193115234,-3.3171539306640625,4
wgoa,2023-01-29,Dbar,36.7459831237793,32.36943435668945,-4.376548767089844,3
wgoa,2023-01-30,Dbar,37.837547302246094,30.932771682739258,-6.904775619506836,2
wgoa,2023-01-31,Dbar,38.92604446411133,31.735864639282227,-7.190179824829102,1
wgoa,2023-02-01,Dbar,43.002689361572266,32.31900405883789,-10.683685302734375,0
wgoa,2023-02-02,Dbar,35.9202766418457,33.43882751464844,-2.4814491271972656,1
wgoa,2023-02-03,Dbar,36.9202766418457,34.87933349609375,-2.040943145751953,2
wgoa,2023-02-04,Dbar,37.9202766418457,38.67433547973633,0.754058837890625,3
wgoa,2023-02-05,Dbar,38.9202766418457,40.22672653198242,1.3064498901367188,4
wgoa,2023-02-06,Dbar,39.71772766113281,41.517547607421875,1.7998199462890625,5
wgoa,2023-02-07,Dbar,42.803279876708984,44.53740692138672,1.7341270446777344,6
wgoa,2023-02-08,Dbar,46.737632751464844,48.39680862426758,1.6591758728027344,7
wgoa,2023-02-09,Dbar,48.00828170776367,49.66175079345703,1.6534690856933594,8
wgoa,2023-02-10,Dbar,49.00828170776367,50.66175079345703,1.6534690856933594,9
wgoa,2023-02-11,Dbar,50.8718147277832,52.492774963378906,1.6209602355957031,10
wgoa,2023-02-12,Dbar,52.7940788269043,54.15654373168945,1.3624649047851562,11
wgoa,2023-02-13,Dbar,55.556312561035156,56.71243667602539,1.1561241149902344,12
wgoa,2023-02-14,Dbar,57.69111251831055,58.72287368774414,1.0317611694335938,13
wgoa,2023-02-15,Dbar,59.15258026123047,60.185890197753906,1.0333099365234375,14
wgoa,2023-02-16,Dbar,60.41145706176758,61.48497009277344,1.0735130310058594,15
wgoa,2023-02-17,Dbar,61.41145706176758,62.48497009277344,1.0735130310058594,16
wgoa,2023-02-18,Dbar,62.97758483886719,63.958805084228516,0.9812202453613281,17
wgoa,2023-02-19,Dbar,62.12212371826172,63.07443618774414,0.9523124694824219,18
wgoa,2023-02-20,Dbar,60.511390686035156,61.42367935180664,0.9122886657714844,19
wgoa,2023-02-21,Dbar,57.29322814941406,58.14192581176758,0.8486976623535156,20
wgoa,2023-02-22,Dbar,58.29322814941406,59.14192581176758,0.8486976623535156,21
wgoa,2023-02-23,Dbar,58.428863525390625,59.26679992675781,0.8379364013671875,22
wgoa,2023-02-24,Dbar,57.96620178222656,58.78316116333008,0.8169593811035156,23
wgoa,2023-02-25,Dbar,58.48835372924805,59.298580169677734,0.8102264404296875,24
wgoa,2023-02-26,Dbar,60.612789154052734,61.44017791748047,0.8273887634277344,25
wgoa,2023-02-27,Dbar,62.30019760131836,63.13825988769531,0.8380622863769531,26
wgoa,2023-02-28,Dbar,63.78004455566406,64.62531280517578,0.8452682495117188,27
wgoa,2023-03-01,Dbar,65.7681655883789,66.63204193115234,0.8638763427734375,28
wgoa,2024-03-31,Dbar,0.0,26.047229766845703,26.047229766845703,0
wgoa,2024-04-01,Dbar,0.0,39.0,39.0,1
wgoa,2025-06-20,Dbar,22.798946380615234,17.412668228149414,-5.38627815246582,2
wgoa,2025-06-21,Dbar,23.798946380615234,18.412668228149414,-5.38627815246582,1
wgoa,2025-06-22,Dbar,31.5,19.412668228149414,-12.087331771850586,0
wgoa,2025-06-23,Dbar,32.5,23.0,-9.5,1
wgoa,2025-06-24,Dbar,33.5,24.0,-9.5,2
wgoa,2025-06-25,Dbar,34.5,25.0,-9.5,3
wgoa,2025-06-26,Dbar,35.5,26.0,-9.5,4
wgoa,2025-06-27,Dbar,18.476163864135742,20.199167251586914,1.7230033874511719,5
wgoa,2025-06-28,Dbar,15.826679229736328,17.209346771240234,1.3826675415039062,6
wgoa,2025-06-29,Dbar,16.826679229736328,18.209346771240234,1.3826675415039062,7
wgoa,2025-06-30,Dbar,17.826679229736328,19.209346771240234,1.3826675415039062,8
wgoa,2025-07-01,Dbar,15.866902351379395,17.020004272460938,1.153101921081543,9
wgoa,2025-07-02,Dbar,16.866901397705078,18.020004272460938,1.1531028747558594,10
wgoa,2025-07-03,Dbar,16.960590362548828,18.124191284179688,1.1636009216308594,11
wgoa,2025-07-04,Dbar,17.960590362548828,19.124191284179688,1.1636009216308594,12
wgoa,2025-07-05,Dbar,18.960590362548828,20.124191284179688,1.1636009216308594,13
wgoa,2025-07-06,Dbar,19.960590362548828,21.124191284179688,1.1636009216308594,14
wgoa,2025-07-07,Dbar,20.960590362548828,22.124191284179688,1.1636009216308594,15
wgoa,2025-07-08,Dbar,21.960590362548828,23.124191284179688,1.1636009216308594,16
wgoa,2025-07-09,Dbar,22.960590362548828,24.124191284179688,1.1636009216308594,17
wgoa,2025-07-10,Dbar,23.960590362548828,25.124191284179688,1.1636009216308594,18
wgoa,2025-07-11,Dbar,24.960590362548828,26.124191284179688,1.1636009216308594,19
wgoa,2025-07-12,Dbar,33.5,35.25,1.75,20
wgoa,2025-07-13,Dbar,40.66666793823242,43.0,2.333332061767578,21
wgoa,2026-06-05,Dbar,0.0,1.0,1.0,3
wgoa,2026-06-06,Dbar,0.0,1.254212737083435,1.254212737083435,2
wgoa,2026-06-07,Dbar,0.0,2.012099027633667,2.012099027633667,1
wgoa,2026-06-08,Dbar,0.0,3.012099027633667,3.012099027633667,0
wgoa,2026-06-09,Dbar,1.0,4.012099266052246,3.012099266052246,1
wgoa,2026-06-10,Dbar,1.6181615591049194,4.239529132843018,2.621367573738098,2
wgoa,2026-06-11,Dbar,2.171020746231079,4.001993179321289,1.83097243309021,3
wgoa,2026-06-12,Dbar,3.171020746231079,5.001993179321289,1.83097243309021,4
wgoa,2026-06-13,Dbar,3.033853530883789,4.445507526397705,1.411653995513916,5
wgoa,2026-06-14,Dbar,4.033853530883789,5.445507526397705,1.411653995513916,6
wgoa,2026-06-15,Dbar,4.227671146392822,6.526472091674805,2.2988009452819824,7
wgoa,2026-06-16,Dbar,5.056137561798096,7.865499496459961,2.8093619346618652,8
wgoa,2026-06-17,Dbar,5.285665512084961,7.666926860809326,2.3812613487243652,9
wgoa,2026-06-18,Dbar,6.352872848510742,9.294363021850586,2.9414901733398438,10
wgoa,2026-06-19,Dbar,7.461431503295898,11.307852745056152,3.846421241760254,11
wgoa,2026-06-20,Dbar,6.793979644775391,9.780817031860352,2.986837387084961,12
wgoa,2026-06-21,Dbar,5.686152935028076,7.746326446533203,2.060173511505127,13
wgoa,2026-06-22,Dbar,6.686152935028076,8.746326446533203,2.060173511505127,14
wgoa,2026-06-23,Dbar,7.686152935028076,9.746326446533203,2.060173511505127,15
wgoa,2026-06-24,Dbar,8.686152458190918,10.746326446533203,2.060173988342285,16
wgoa,2026-06-25,Dbar,9.686152458190918,11.746326446533203,2.060173988342285,17
wgoa,2026-06-26,Dbar,14.461431503295898,18.307851791381836,3.8464202880859375,18
wgoa,2026-06-27,Dbar,15.461431503295898,19.307851791381836,3.8464202880859375,19
wgoa,2026-06-28,Dbar,17.33333396911621,19.0,1.666666030883789,20
wgoa,2026-06-29,Dbar,18.33333396911621,20.0,1.666666030883789,21
wgoa,2026-06-30,Dbar,19.33333396911621,21.0,1.666666030883789,22
wgoa,2026-07-01,Dbar,20.33333396911621,22.0,1.666666030883789,23
ai,2021-03-18,Ibar,0.8009257316589355,0.7957001328468323,-0.0052255988121032715,5
ai,2021-03-19,Ibar,0.7727964520454407,0.7639147043228149,-0.008881747722625732,4
ai,2021-03-20,Ibar,0.713027834892273,0.7104776501655579,-0.002550184726715088,3
ai,2021-03-21,Ibar,0.7473781704902649,0.7401773929595947,-0.007200777530670166,2
ai,2021-03-22,Ibar,0.6686221361160278,0.6756143569946289,0.006992220878601074,1
ai,2021-03-23,Ibar,0.0,0.6572765707969666,0.6572765707969666,0
ai,2021-03-24,Ibar,0.752509593963623,0.7451722621917725,-0.007337331771850586,1
ai,2021-03-25,Ibar,0.7733091115951538,0.7650817036628723,-0.008227407932281494,2
ai,2021-03-26,Ibar,0.7491472363471985,0.7448089718818665,-0.004338264465332031,3
ai,2021-03-27,Ibar,0.7200660705566406,0.7168770432472229,-0.0031890273094177246,4
ai,2021-09-01,Ibar,1.8943909406661987,1.8926372528076172,-0.001753687858581543,6
ai,2021-09-02,Ibar,1.9461945295333862,1.94347083568573,-0.00272369384765625,5
ai,2021-09-03,Ibar,2.09393572807312,2.0574934482574463,-0.03644227981567383,4
ai,2021-09-04,Ibar,2.1728556156158447,2.1260533332824707,-0.04680228233337402,3
ai,2021-09-05,Ibar,2.2183847427368164,2.173553466796875,-0.044831275939941406,2
ai,2021-09-06,Ibar,2.280663251876831,2.2320363521575928,-0.04862689971923828,1
ai,2021-09-07,Ibar,0.0,2.266587018966675,2.266587018966675,0
ai,2021-09-08,Ibar,2.287562608718872,2.2718417644500732,-0.015720844268798828,1
ai,2021-09-09,Ibar,2.290436029434204,2.2767319679260254,-0.013704061508178711,2
ai,2021-09-10,Ibar,2.209606409072876,2.1810719966888428,-0.028534412384033203,3
ai,2021-09-11,Ibar,2.0746960639953613,2.048058032989502,-0.026638031005859375,4
ai,2021-09-12,Ibar,1.8810927867889404,1.8802464008331299,-0.0008463859558105469,5
ai,2022-10-15,Ibar,1.437574863433838,1.432982087135315,-0.004592776298522949,4
ai,2022-10-16,Ibar,1.4013571739196777,1.39780592918396,-0.0035512447357177734,3
ai,2022-10-17,Ibar,1.3866901397705078,1.3828506469726562,-0.0038394927978515625,2
ai,2022-10-18,Ibar,1.3248791694641113,1.3203860521316528,-0.004493117332458496,1
ai,2022-10-19,Ibar,0.0,1.2876710891723633,1.2876710891723633,0
ai,2022-10-20,Ibar,1.3140428066253662,1.3120527267456055,-0.001990079879760742,1
ai,2022-10-21,Ibar,1.3096673488616943,1.307983636856079,-0.0016837120056152344,2
ai,2022-10-22,Ibar,1.345084547996521,1.3436813354492188,-0.001403212547302246,3
ai,2022-10-23,Ibar,1.3634999990463257,1.361625075340271,-0.0018749237060546875,4
ai,2023-01-26,Ibar,0.9738253951072693,0.9731156229972839,-0.0007097721099853516,6
ai,2023-01-27,Ibar,0.9410929083824158,0.9385552406311035,-0.002537667751312256,5
ai,2023-01-28,Ibar,0.9336714148521423,0.9244213104248047,-0.009250104427337646,4
ai,2023-01-29,Ibar,0.9660515189170837,0.9462446570396423,-0.019806861877441406,3
ai,2023-01-30,Ibar,1.0053720474243164,0.9807505011558533,-0.024621546268463135,2
ai,2023-01-31,Ibar,1.0284807682037354,0.9988270401954651,-0.029653728008270264,1
ai,2023-02-01,Ibar,0.0,1.0327098369598389,1.0327098369598389,0
ai,2023-02-02,Ibar,1.0435644388198853,1.02021062374115,-0.02335381507873535,1
ai,2023-02-03,Ibar,1.0124077796936035,0.9971861839294434,-0.015221595764160156,2
ai,2023-02-04,Ibar,0.9950238466262817,0.9840511679649353,-0.010972678661346436,3
ai,2023-02-05,Ibar,1.0026627779006958,0.9945252537727356,-0.008137524127960205,4
ai,2024-03-28,Ibar,0.5494527816772461,0.6259864568710327,0.07653367519378662,3
ai,2024-03-29,Ibar,0.5441281795501709,0.5954027771949768,0.05127459764480591,2
ai,2024-03-30,Ibar,0.5386803150177002,0.612407386302948,0.0737270712852478,1
ai,2024-03-31,Ibar,0.0,0.6742900013923645,0.6742900013923645,0
ai,2024-04-01,Ibar,0.7572990655899048,0.7505125999450684,-0.006786465644836426,1
ai,2024-04-02,Ibar,0.8040125370025635,0.7940056324005127,-0.010006904602050781,2
ai,2024-04-03,Ibar,0.7711333632469177,0.7632582187652588,-0.007875144481658936,3
ai,2024-04-04,Ibar,0.6703320741653442,0.6635713577270508,-0.006760716438293457,4
ai,2025-06-18,Ibar,1.0348789691925049,1.0016740560531616,-0.03320491313934326,4
ai,2025-06-19,Ibar,1.0756700038909912,1.0274410247802734,-0.04822897911071777,3
ai,2025-06-20,Ibar,1.0332156419754028,0.993716299533844,-0.03949934244155884,2
ai,2025-06-21,Ibar,0.0,1.0228527784347534,1.0228527784347534,1
ai,2025-06-22,Ibar,0.0,1.013222336769104,1.013222336769104,0
ai,2025-06-23,Ibar,0.0,0.9165511131286621,0.9165511131286621,1
ai,2026-06-05,Ibar,0.0,1.219355583190918,1.219355583190918,3
ai,2026-06-06,Ibar,0.0,1.2644498348236084,1.2644498348236084,2
ai,2026-06-07,Ibar,0.0,1.3716368675231934,1.3716368675231934,1
ai,2026-06-08,Ibar,0.0,1.368465781211853,1.368465781211853,0
ai,2026-06-09,Ibar,0.0,1.314902901649475,1.314902901649475,1
ai,2026-06-10,Ibar,0.0,1.3315297365188599,1.3315297365188599,2
ai,2026-06-11,Ibar,0.0,1.2086710929870605,1.2086710929870605,3
ai_central,2021-03-18,Ibar,0.8009257316589355,0.7957001328468323,-0.0052255988121032715,5
ai_central,2021-03-19,Ibar,0.7727964520454407,0.7639147043228149,-0.008881747722625732,4
ai_central,2021-03-20,Ibar,0.713027834892273,0.7104776501655579,-0.002550184726715088,3
ai_central,2021-03-21,Ibar,0.7473781704902649,0.7401773929595947,-0.007200777530670166,2
ai_central,2021-03-22,Ibar,0.6686221361160278,0.6756143569946289,0.006992220878601074,1
ai_central,2021-03-23,Ibar,0.0,0.6572765707969666,0.6572765707969666,0
ai_central,2021-03-24,Ibar,0.752509593963623,0.7451722621917725,-0.007337331771850586,1
ai_central,2021-03-25,Ibar,0.7733091115951538,0.7650817036628723,-0.008227407932281494,2
ai_central,2021-03-26,Ibar,0.7491472363471985,0.7448089718818665,-0.004338264465332031,3
ai_central,2021-03-27,Ibar,0.7200660705566406,0.7168770432472229,-0.0031890273094177246,4
ai_central,2021-09-01,Ibar,1.93264901638031,1.930938482284546,-0.0017105340957641602,6
ai_central,2021-09-02,Ibar,1.9212177991867065,1.918498158454895,-0.0027196407318115234,5
ai_central,2021-09-03,Ibar,2.065279006958008,2.0199670791625977,-0.045311927795410156,4
ai_central,2021-09-04,Ibar,2.145510196685791,2.1029367446899414,-0.04257345199584961,3
ai_central,2021-09-05,Ibar,2.1888935565948486,2.1580777168273926,-0.030815839767456055,2
ai_central,2021-09-06,Ibar,2.2083165645599365,2.1809945106506348,-0.027322053909301758,1
ai_central,2021-09-07,Ibar,0.0,2.226036310195923,2.226036310195923,0
ai_central,2021-09-08,Ibar,2.2106375694274902,2.2192866802215576,0.008649110794067383,1
ai_central,2021-09-09,Ibar,2.2202348709106445,2.233043670654297,0.012808799743652344,2
ai_central,2021-09-10,Ibar,2.1893699169158936,2.1806540489196777,-0.00871586799621582,3
ai_central,2021-09-11,Ibar,2.1143457889556885,2.088258981704712,-0.026086807250976562,4
ai_central,2021-09-12,Ibar,1.8669788837432861,1.8655802011489868,-0.0013986825942993164,5
ai_central,2022-10-19,Ibar,0.0,1.305009126663208,1.305009126663208,0
ai_central,2023-01-26,Ibar,0.9909065961837769,0.9895716905593872,-0.0013349056243896484,6
ai_central,2023-01-27,Ibar,0.9575234055519104,0.9555772542953491,-0.0019461512565612793,5
ai_central,2023-01-28,Ibar,0.9567264318466187,0.9474431276321411,-0.009283304214477539,4
ai_central,2023-01-29,Ibar,0.987484335899353,0.9640858173370361,-0.023398518562316895,3
ai_central,2023-01-30,Ibar,1.0188006162643433,0.9883739352226257,-0.03042668104171753,2
ai_central,2023-01-31,Ibar,1.05228853225708,1.0151265859603882,-0.037161946296691895,1
ai_central,2023-02-01,Ibar,0.0,1.0631579160690308,1.0631579160690308,0
ai_central,2023-02-02,Ibar,1.0684908628463745,1.0514380931854248,-0.017052769660949707,1
ai_central,2023-02-03,Ibar,1.0394476652145386,1.024427056312561,-0.015020608901977539,2
ai_central,2023-02-04,Ibar,1.0162209272384644,1.0055314302444458,-0.010689496994018555,3
ai_central,2023-02-05,Ibar,1.0262142419815063,1.018937110900879,-0.007277131080627441,4
ai_central,2024-03-28,Ibar,0.0,0.6636912822723389,0.6636912822723389,3
ai_central,2024-03-29,Ibar,0.0,0.6123541593551636,0.6123541593551636,2
ai_central,2024-03-30,Ibar,0.0,0.6394903659820557,0.6394903659820557,1
ai_central,2024-03-31,Ibar,0.0,0.6909663081169128,0.6909663081169128,0
ai_central,2024-04-01,Ibar,0.7627193927764893,0.7547498941421509,-0.007969498634338379,1
ai_central,2024-04-02,Ibar,0.8012641072273254,0.7915309071540833,-0.009733200073242188,2
ai_central,2024-04-03,Ibar,0.7824955582618713,0.7808607220649719,-0.001634836196899414,3
ai_central,2024-04-04,Ibar,0.6809064149856567,0.6803534030914307,-0.0005530118942260742,4
ai_central,2026-06-07,Ibar,0.0,0.9094786643981934,0.9094786643981934,1
ai_central,2026-06-08,Ibar,0.0,0.9635672569274902,0.9635672569274902,0
ai_central,2026-06-09,Ibar,0.0,1.036921501159668,1.036921501159668,1
ai_central,2026-06-10,Ibar,0.0,1.0298800468444824,1.0298800468444824,2
ai_central,2026-06-11,Ibar,0.0,1.0123791694641113,1.0123791694641113,3
ai_east,2021-09-03,Ibar,1.9086252450942993,1.856846570968628,-0.05177867412567139,4
ai_east,2021-09-04,Ibar,1.8421889543533325,1.7416521310806274,-0.10053682327270508,3
ai_east,2021-09-05,Ibar,1.9089090824127197,1.7753474712371826,-0.1335616111755371,2
ai_east,2021-09-06,Ibar,1.8966642618179321,1.7591912746429443,-0.1374729871749878,1
ai_east,2021-09-07,Ibar,0.0,1.7409995794296265,1.7409995794296265,0
ai_east,2021-09-08,Ibar,1.718460202217102,1.777232050895691,0.05877184867858887,1
ai_east,2021-09-09,Ibar,1.740931749343872,1.7917674779891968,0.05083572864532471,2
ai_east,2021-09-10,Ibar,1.7268296480178833,1.7361254692077637,0.009295821189880371,3
ai_east,2021-09-11,Ibar,1.6483731269836426,1.6527527570724487,0.004379630088806152,4
ai_east,2022-10-19,Ibar,0.0,1.1374632120132446,1.1374632120132446,0
ai_east,2023-01-28,Ibar,1.1813620328903198,1.1262025833129883,-0.05515944957733154,4
ai_east,2023-01-29,Ibar,1.2882580757141113,1.1724923849105835,-0.11576569080352783,3
ai_east,2023-01-30,Ibar,1.3824663162231445,1.2323482036590576,-0.15011811256408691,2
ai_east,2023-01-31,Ibar,1.3958001136779785,1.2377175092697144,-0.15808260440826416,1
ai_east,2023-02-01,Ibar,0.0,1.2480281591415405,1.2480281591415405,0
ai_east,2023-02-02,Ibar,1.259101390838623,1.2381036281585693,-0.02099776268005371,1
ai_east,2023-02-03,Ibar,1.2439943552017212,1.2256792783737183,-0.01831507682800293,2
ai_east,2023-02-04,Ibar,1.2247406244277954,1.2089617252349854,-0.01577889919281006,3
ai_east,2023-02-05,Ibar,1.2222408056259155,1.2125884294509888,-0.009652376174926758,4
ai_west,2021-09-01,Ibar,1.8691673278808594,1.8671061992645264,-0.002061128616333008,6
ai_west,2021-09-02,Ibar,2.022246837615967,2.0189545154571533,-0.0032923221588134766,5
ai_west,2021-09-03,Ibar,2.165865659713745,2.1573643684387207,-0.008501291275024414,4
ai_west,2021-09-04,Ibar,2.2641947269439697,2.2531096935272217,-0.011085033416748047,3
ai_west,2021-09-05,Ibar,2.3099355697631836,2.298811197280884,-0.011124372482299805,2
ai_west,2021-09-06,Ibar,2.4493541717529297,2.442739963531494,-0.006614208221435547,1
ai_west,2021-09-07,Ibar,0.0,2.4840917587280273,2.4840917587280273,0
ai_west,2021-09-08,Ibar,2.559683084487915,2.518763780593872,-0.04091930389404297,1
ai_west,2021-09-09,Ibar,2.545814275741577,2.5032060146331787,-0.04260826110839844,2
ai_west,2021-09-10,Ibar,2.3590471744537354,2.318399429321289,-0.04064774513244629,3
ai_west,2021-09-11,Ibar,2.102478265762329,2.0914454460144043,-0.011032819747924805,4
ai_west,2022-10-15,Ibar,1.1905359029769897,1.1298494338989258,-0.060686469078063965,4
ai_west,2022-10-16,Ibar,1.196113109588623,1.194206953048706,-0.0019061565399169922,3
ai_west,2022-10-17,Ibar,1.1925400495529175,1.200323224067688,0.007783174514770508,2
ai_west,2022-10-18,Ibar,1.1198800802230835,1.1232984066009521,0.0034183263778686523,1
ai_west,2022-10-19,Ibar,0.0,1.0264291763305664,1.0264291763305664,0
ai_west,2022-10-20,Ibar,1.0421648025512695,1.0413402318954468,-0.0008245706558227539,1
ai_west,2022-10-21,Ibar,1.0467698574066162,1.0460970401763916,-0.0006728172302246094,2
ai_west,2022-10-22,Ibar,1.055501103401184,1.0570199489593506,0.001518845558166504,3
ai_west,2022-10-23,Ibar,1.0736209154129028,1.0661672353744507,-0.0074536800384521484,4
ai_west,2023-01-27,Ibar,0.8092314004898071,0.8062615394592285,-0.0029698610305786133,5
ai_west,2023-01-28,Ibar,0.7998715043067932,0.7963778972625732,-0.0034936070442199707,4
ai_west,2023-01-29,Ibar,0.7989751100540161,0.7942862510681152,-0.004688858985900879,3
ai_west,2023-01-30,Ibar,0.830230712890625,0.8250238299369812,-0.005206882953643799,2
ai_west,2023-01-31,Ibar,0.836908757686615,0.8290654420852661,-0.007843315601348877,1
ai_west,2023-02-01,Ibar,0.0,0.8433923125267029,0.8433923125267029,0
ai_west,2023-02-02,Ibar,0.847394585609436,0.822757363319397,-0.024637222290039062,1
ai_west,2023-02-03,Ibar,0.8009967803955078,0.7898186445236206,-0.011178135871887207,2
ai_west,2023-02-04,Ibar,0.7998196482658386,0.7914436459541321,-0.008376002311706543,3
ai_west,2023-02-05,Ibar,0.807996392250061,0.8005579710006714,-0.0074384212493896484,4
ai_west,2024-03-30,Ibar,0.5386803150177002,0.5437886714935303,0.005108356475830078,1
ai_west,2024-03-31,Ibar,0.0,0.5983941555023193,0.5983941555023193,0
ai_west,2024-04-01,Ibar,0.7218590378761292,0.7305631637573242,0.008704125881195068,1
ai_west,2024-04-02,Ibar,0.821982741355896,0.8056568503379822,-0.01632589101791382,2
ai_west,2024-04-03,Ibar,0.6968432664871216,0.6803840398788452,-0.016459226608276367,3
ai_west,2024-04-04,Ibar,0.6011934876441956,0.5845597982406616,-0.016633689403533936,4
ai_west,2025-06-18,Ibar,1.0348789691925049,1.0016740560531616,-0.03320491313934326,4
ai_west,2025-06-19,Ibar,1.0756700038909912,1.0274410247802734,-0.04822897911071777,3
ai_west,2025-06-20,Ibar,1.0332156419754028,0.993716299533844,-0.03949934244155884,2
ai_west,2025-06-21,Ibar,0.0,1.0228527784347534,1.0228527784347534,1
ai_west,2025-06-22,Ibar,0.0,1.013222336769104,1.013222336769104,0
ai_west,2025-06-23,Ibar,0.0,0.9165511131286621,0.9165511131286621,1
ai_west,2026-06-05,Ibar,0.0,1.219355583190918,1.219355583190918,3
ai_west,2026-06-06,Ibar,0.0,1.2644498348236084,1.2644498348236084,2
ai_west,2026-06-07,Ibar,0.0,1.406738519668579,1.406738519668579,1
ai_west,2026-06-08,Ibar,0.0,1.3992185592651367,1.3992185592651367,0
ai_west,2026-06-09,Ibar,0.0,1.336016058921814,1.336016058921814,1
ai_west,2026-06-10,Ibar,0.0,1.3544405698776245,1.3544405698776245,2
ai_west,2026-06-11,Ibar,0.0,1.2246471643447876,1.2246471643447876,3
beaufort,2022-10-15,Ibar,2.6568984985351562,2.624342679977417,-0.03255581855773926,4
beaufort,2022-10-16,Ibar,2.52128005027771,2.499189853668213,-0.02209019660949707,3
beaufort,2022-10-17,Ibar,2.5177161693573,2.497079610824585,-0.020636558532714844,2
beaufort,2022-10-18,Ibar,2.1170883178710938,2.0946340560913086,-0.022454261779785156,1
beaufort,2022-10-19,Ibar,0.0,2.0118024349212646,2.0118024349212646,0
beaufort,2022-10-20,Ibar,1.9238721132278442,1.9452018737792969,0.021329760551452637,1
beaufort,2022-10-21,Ibar,1.8225589990615845,1.7854773998260498,-0.03708159923553467,2
beaufort,2022-10-22,Ibar,1.6028739213943481,1.5562108755111694,-0.04666304588317871,3
beaufort,2022-10-23,Ibar,1.5542844533920288,1.532623052597046,-0.02166140079498291,4
chukchi,2022-10-14,Ibar,1.985620141029358,1.9810216426849365,-0.004598498344421387,5
chukchi,2022-10-15,Ibar,1.967319369316101,1.9697438478469849,0.002424478530883789,4
chukchi,2022-10-16,Ibar,1.9816923141479492,1.9784053564071655,-0.0032869577407836914,3
chukchi,2022-10-17,Ibar,1.8719819784164429,1.8713407516479492,-0.0006412267684936523,2
chukchi,2022-10-18,Ibar,1.7956353425979614,1.7878977060317993,-0.007737636566162109,1
chukchi,2022-10-19,Ibar,0.0,1.7484487295150757,1.7484487295150757,0
chukchi,2022-10-20,Ibar,1.4687817096710205,1.774365782737732,0.3055840730667114,1
chukchi,2022-10-21,Ibar,1.5338996648788452,1.6450061798095703,0.1111065149307251,2
chukchi,2022-10-22,Ibar,1.5996865034103394,1.5927376747131348,-0.00694882869720459,3
chukchi,2022-10-23,Ibar,1.6736711263656616,1.649106502532959,-0.024564623832702637,4
chukchi,2025-06-18,Ibar,3.450314998626709,2.6406912803649902,-0.8096237182617188,4
chukchi,2025-06-19,Ibar,4.330355167388916,2.880272626876831,-1.450082540512085,3
chukchi,2025-06-20,Ibar,4.214303970336914,2.884591579437256,-1.3297123908996582,2
chukchi,2025-06-21,Ibar,4.372922420501709,3.2352848052978516,-1.1376376152038574,1
chukchi,2025-06-22,Ibar,0.0,3.9723496437072754,3.9723496437072754,0
chukchi,2025-06-23,Ibar,3.978759527206421,4.0661492347717285,0.08738970756530762,1
chukchi,2025-06-24,Ibar,3.8753952980041504,3.9817099571228027,0.10631465911865234,2
chukchi,2025-06-25,Ibar,3.641228199005127,3.5286524295806885,-0.11257576942443848,3
chukchi,2025-06-26,Ibar,3.5031850337982178,3.2794392108917236,-0.22374582290649414,4
ebs,2021-03-19,Ibar,1.0023250579833984,0.9934806227684021,-0.008844435214996338,4
ebs,2021-03-20,Ibar,1.0544220209121704,1.0489758253097534,-0.005446195602416992,3
ebs,2021-03-21,Ibar,1.1425272226333618,1.073246955871582,-0.06928026676177979,2
ebs,2021-03-22,Ibar,1.1466516256332397,1.072195291519165,-0.07445633411407471,1
ebs,2021-03-23,Ibar,0.0,1.1960489749908447,1.1960489749908447,0
ebs,2021-03-24,Ibar,1.280320644378662,1.2383143901824951,-0.04200625419616699,1
ebs,2021-03-25,Ibar,1.3869866132736206,1.353016972541809,-0.03396964073181152,2
ebs,2021-03-26,Ibar,1.349543809890747,1.3290128707885742,-0.02053093910217285,3
ebs,2021-03-27,Ibar,1.2657220363616943,1.2677428722381592,0.0020208358764648438,4
ebs,2021-09-01,Ibar,1.7986676692962646,1.796363353729248,-0.0023043155670166016,6
ebs,2021-09-02,Ibar,1.8721834421157837,1.841811180114746,-0.030372262001037598,5
ebs,2021-09-03,Ibar,1.9545403718948364,1.853888988494873,-0.10065138339996338,4
ebs,2021-09-04,Ibar,2.0857346057891846,1.9152576923370361,-0.17047691345214844,3
ebs,2021-09-05,Ibar,2.111463785171509,1.9265155792236328,-0.18494820594787598,2
ebs,2021-09-06,Ibar,2.1227786540985107,1.9338387250900269,-0.1889399290084839,1
ebs,2021-09-07,Ibar,0.0,1.9490084648132324,1.9490084648132324,0
ebs,2021-09-08,Ibar,2.027085542678833,2.015826940536499,-0.011258602142333984,1
ebs,2021-09-09,Ibar,2.0541484355926514,2.045509099960327,-0.008639335632324219,2
ebs,2021-09-10,Ibar,2.0488200187683105,2.042309045791626,-0.00651097297668457,3
ebs,2021-09-11,Ibar,2.0509159564971924,2.0533299446105957,0.0024139881134033203,4
ebs,2022-10-17,Ibar,0.0,1.3606497049331665,1.3606497049331665,2
ebs,2022-10-18,Ibar,0.0,1.462732195854187,1.462732195854187,1
ebs,2022-10-19,Ibar,0.0,1.5112417936325073,1.5112417936325073,0
ebs,2022-10-20,Ibar,1.555409550666809,1.5088399648666382,-0.0465695858001709,1
ebs,2022-10-21,Ibar,1.5383849143981934,1.494664192199707,-0.04372072219848633,2
ebs,2022-10-22,Ibar,1.5037609338760376,1.4687671661376953,-0.034993767738342285,3
ebs,2022-10-23,Ibar,1.4338572025299072,1.4147368669509888,-0.019120335578918457,4
ebs,2023-01-26,Ibar,1.3580998182296753,1.3399899005889893,-0.018109917640686035,6
ebs,2023-01-27,Ibar,1.4298043251037598,1.3670282363891602,-0.06277608871459961,5
ebs,2023-01-28,Ibar,1.3869763612747192,1.2995319366455078,-0.08744442462921143,4
ebs,2023-01-29,Ibar,1.4862897396087646,1.3374450206756592,-0.14884471893310547,3
ebs,2023-01-30,Ibar,1.5485197305679321,1.4161012172698975,-0.13241851329803467,2
ebs,2023-01-31,Ibar,1.6123600006103516,1.481623649597168,-0.1307363510131836,1
ebs,2023-02-01,Ibar,0.0,1.5608421564102173,1.5608421564102173,0
ebs,2023-02-02,Ibar,1.6875807046890259,1.6906671524047852,0.0030864477157592773,1
ebs,2023-02-03,Ibar,1.7627689838409424,1.7665950059890747,0.0038260221481323242,2
ebs,2023-02-04,Ibar,1.7823671102523804,1.7852914333343506,0.002924323081970215,3
ebs,2023-02-05,Ibar,1.8147860765457153,1.8171106576919556,0.0023245811462402344,4
ebs,2025-06-18,Ibar,4.771721839904785,4.585567951202393,-0.18615388870239258,4
ebs,2025-06-19,Ibar,5.157883644104004,4.550500869750977,-0.6073827743530273,3
ebs,2025-06-20,Ibar,5.606663703918457,4.631577491760254,-0.9750862121582031,2
ebs,2025-06-21,Ibar,5.785069465637207,4.427934646606445,-1.3571348190307617,1
ebs,2025-06-22,Ibar,0.0,3.8923733234405518,3.8923733234405518,0
ebs,2025-06-23,Ibar,4.057416915893555,3.965634346008301,-0.0917825698852539,1
ebs,2025-06-24,Ibar,4.230457305908203,4.148624420166016,-0.0818328857421875,2
ebs,2025-06-25,Ibar,4.407469272613525,4.332608222961426,-0.07486104965209961,3
ebs,2025-06-26,Ibar,4.485939025878906,4.432706832885742,-0.05323219299316406,4
ebs,2026-06-04,Ibar,4.162229061126709,3.6202852725982666,-0.5419437885284424,4
ebs,2026-06-05,Ibar,4.392612934112549,3.663013219833374,-0.7295997142791748,3
ebs,2026-06-06,Ibar,4.543952941894531,3.7275264263153076,-0.8164265155792236,2
ebs,2026-06-07,Ibar,4.447688579559326,3.874770402908325,-0.572918176651001,1
ebs,2026-06-08,Ibar,0.0,3.8934543132781982,3.8934543132781982,0
ebs,2026-06-09,Ibar,4.507605075836182,4.258604049682617,-0.24900102615356445,1
ebs,2026-06-10,Ibar,4.618058681488037,4.576301097869873,-0.04175758361816406,2
ebs,2026-06-11,Ibar,4.595370769500732,4.332620143890381,-0.26275062561035156,3
ebs,2026-06-12,Ibar,4.3864946365356445,4.0829901695251465,-0.30350446701049805,4
ebs,2026-06-13,Ibar,4.380011081695557,4.087069988250732,-0.2929410934448242,5
egoa,2021-03-19,Ibar,1.453733205795288,1.4267226457595825,-0.027010560035705566,4
egoa,2021-03-20,Ibar,1.3764562606811523,1.3671259880065918,-0.009330272674560547,3
egoa,2021-03-21,Ibar,1.204864501953125,1.1939647197723389,-0.010899782180786133,2
egoa,2021-03-22,Ibar,1.268713116645813,1.2671751976013184,-0.001537919044494629,1
egoa,2021-03-23,Ibar,0.0,1.2848931550979614,1.2848931550979614,0
egoa,2021-03-24,Ibar,1.1173639297485352,1.2149848937988281,0.09762096405029297,1
egoa,2021-03-25,Ibar,1.07578706741333,1.1477222442626953,0.07193517684936523,2
egoa,2021-03-26,Ibar,1.0730042457580566,1.1096649169921875,0.03666067123413086,3
egoa,2021-03-27,Ibar,1.068404197692871,1.0747947692871094,0.006390571594238281,4
egoa,2021-09-07,Ibar,0.0,1.2183504104614258,1.2183504104614258,0
egoa,2022-10-14,Ibar,1.7363932132720947,1.735243558883667,-0.0011496543884277344,5
egoa,2022-10-15,Ibar,1.76423978805542,1.7573060989379883,-0.006933689117431641,4
egoa,2022-10-16,Ibar,1.7439850568771362,1.7371187210083008,-0.006866335868835449,3
egoa,2022-10-17,Ibar,1.8854777812957764,1.8744674921035767,-0.011010289192199707,2
egoa,2022-10-18,Ibar,1.9308946132659912,1.921007513999939,-0.009887099266052246,1
egoa,2022-10-19,Ibar,0.0,1.8839622735977173,1.8839622735977173,0
egoa,2022-10-20,Ibar,1.9517972469329834,1.8041573762893677,-0.14763987064361572,1
egoa,2022-10-21,Ibar,1.8100346326828003,1.69210684299469,-0.11792778968811035,2
egoa,2022-10-22,Ibar,1.748254418373108,1.6601804494857788,-0.0880739688873291,3
egoa,2022-10-23,Ibar,1.5708587169647217,1.5262209177017212,-0.04463779926300049,4
egoa,2022-10-24,Ibar,1.506754994392395,1.4838907718658447,-0.022864222526550293,5
egoa,2024-03-28,Ibar,1.2350354194641113,1.2359567880630493,0.0009213685989379883,3
egoa,2024-03-29,Ibar,1.2845878601074219,1.2859737873077393,0.0013859272003173828,2
egoa,2024-03-30,Ibar,1.2687424421310425,1.2711906433105469,0.0024482011795043945,1
egoa,2024-03-31,Ibar,0.0,1.262522578239441,1.262522578239441,0
egoa,2024-04-01,Ibar,1.2009893655776978,1.199385166168213,-0.0016041994094848633,1
egoa,2024-04-02,Ibar,1.1768701076507568,1.1917880773544312,0.014917969703674316,2
egoa,2024-04-03,Ibar,1.1787810325622559,1.2078224420547485,0.029041409492492676,3
egoa,2024-04-04,Ibar,1.1414905786514282,1.1682904958724976,0.026799917221069336,4
egoa,2024-04-05,Ibar,1.1985410451889038,1.2000539302825928,0.0015128850936889648,5
egoa,2025-06-19,Ibar,0.0,1.5780372619628906,1.5780372619628906,3
egoa,2025-06-20,Ibar,0.0,1.678243637084961,1.678243637084961,2
egoa,2025-06-21,Ibar,0.0,1.4835171699523926,1.4835171699523926,1
egoa,2025-06-22,Ibar,0.0,1.543879508972168,1.543879508972168,0
egoa,2025-06-23,Ibar,0.0,1.5490837097167969,1.5490837097167969,1
egoa,2025-06-24,Ibar,0.0,1.484415054321289,1.484415054321289,2
egoa,2026-06-07,Ibar,1.375991702079773,1.3784935474395752,0.002501845359802246,1
egoa,2026-06-08,Ibar,0.0,1.387727975845337,1.387727975845337,0
egoa,2026-06-09,Ibar,1.3524689674377441,1.2906181812286377,-0.061850786209106445,1
egoa,2026-06-10,Ibar,1.3759740591049194,1.3551045656204224,-0.02086949348449707,2
goa,2021-03-18,Ibar,1.28995943069458,1.1101493835449219,-0.1798100471496582,5
goa,2021-03-19,Ibar,1.453733205795288,0.9929447770118713,-0.46078842878341675,4
goa,2021-03-20,Ibar,1.3764562606811523,0.9966707229614258,-0.37978553771972656,3
goa,2021-03-21,Ibar,1.204864501953125,1.0037686824798584,-0.2010958194732666,2
goa,2021-03-22,Ibar,1.268713116645813,1.0037058591842651,-0.26500725746154785,1
goa,2021-03-23,Ibar,0.0,1.143118143081665,1.143118143081665,0
goa,2021-03-24,Ibar,1.1490188837051392,1.1198166608810425,-0.02920222282409668,1
goa,2021-03-25,Ibar,1.0622360706329346,1.0509440898895264,-0.011291980743408203,2
goa,2021-03-26,Ibar,0.9556384682655334,0.9717598557472229,0.016121387481689453,3
goa,2021-03-27,Ibar,0.9141800403594971,0.8930315971374512,-0.0211484432220459,4
goa,2021-09-04,Ibar,1.3106749057769775,1.3373026847839355,0.026627779006958008,3
goa,2021-09-05,Ibar,1.2531661987304688,1.3212738037109375,0.06810760498046875,2
goa,2021-09-06,Ibar,1.2814326286315918,1.3977502584457397,0.11631762981414795,1
goa,2021-09-07,Ibar,0.0,1.429033875465393,1.429033875465393,0
goa,2021-09-08,Ibar,1.2466084957122803,1.304368257522583,0.057759761810302734,1
goa,2021-09-09,Ibar,1.3424763679504395,1.3850667476654053,0.04259037971496582,2
goa,2021-09-10,Ibar,1.3245691061019897,1.3762456178665161,0.05167651176452637,3
goa,2021-09-11,Ibar,1.2224165201187134,1.3077396154403687,0.08532309532165527,4
goa,2022-10-14,Ibar,1.7363932132720947,1.735243558883667,-0.0011496543884277344,5
goa,2022-10-15,Ibar,1.76423978805542,1.7573060989379883,-0.006933689117431641,4
goa,2022-10-16,Ibar,1.7439850568771362,1.7371187210083008,-0.006866335868835449,3
goa,2022-10-17,Ibar,1.8854777812957764,1.8744674921035767,-0.011010289192199707,2
goa,2022-10-18,Ibar,1.9308946132659912,1.921007513999939,-0.009887099266052246,1
goa,2022-10-19,Ibar,0.0,1.8839622735977173,1.8839622735977173,0
goa,2022-10-20,Ibar,1.9517972469329834,1.8041573762893677,-0.14763987064361572,1
goa,2022-10-21,Ibar,1.8100346326828003,1.69210684299469,-0.11792778968811035,2
goa,2022-10-22,Ibar,1.748254418373108,1.6601804494857788,-0.0880739688873291,3
goa,2022-10-23,Ibar,1.5708587169647217,1.5262209177017212,-0.04463779926300049,4
goa,2022-10-24,Ibar,1.506754994392395,1.4838907718658447,-0.022864222526550293,5
goa,2023-01-28,Ibar,1.1538398265838623,1.1203285455703735,-0.03351128101348877,4
goa,2023-01-29,Ibar,1.18498694896698,1.1455963850021362,-0.03939056396484375,3
goa,2023-01-30,Ibar,1.3067066669464111,1.2368509769439697,-0.0698556900024414,2
goa,2023-01-31,Ibar,1.353377103805542,1.2784305810928345,-0.07494652271270752,1
goa,2023-02-01,Ibar,0.0,1.3043211698532104,1.3043211698532104,0
goa,2023-02-02,Ibar,1.3471002578735352,1.2846295833587646,-0.06247067451477051,1
goa,2023-02-03,Ibar,1.3419647216796875,1.2846527099609375,-0.05731201171875,2
goa,2023-02-04,Ibar,1.3394371271133423,1.3182343244552612,-0.021202802658081055,3
goa,2023-02-05,Ibar,1.275463581085205,1.2650350332260132,-0.010428547859191895,4
goa,2024-03-28,Ibar,1.2349883317947388,1.2358955144882202,0.0009071826934814453,3
goa,2024-03-29,Ibar,1.2837363481521606,1.2851073741912842,0.0013710260391235352,2
goa,2024-03-30,Ibar,1.267583966255188,1.2699952125549316,0.0024112462997436523,1
goa,2024-03-31,Ibar,0.0,1.2637920379638672,1.2637920379638672,0
goa,2024-04-01,Ibar,1.2009893655776978,1.1965546607971191,-0.004434704780578613,1
goa,2024-04-02,Ibar,1.1768701076507568,1.1917880773544312,0.014917969703674316,2
goa,2024-04-03,Ibar,1.1787810325622559,1.2078224420547485,0.029041409492492676,3
goa,2024-04-04,Ibar,1.1414905786514282,1.1682904958724976,0.026799917221069336,4
goa,2024-04-05,Ibar,1.1985410451889038,1.2000539302825928,0.0015128850936889648,5
goa,2025-06-19,Ibar,2.215022563934326,1.9435417652130127,-0.2714807987213135,3
goa,2025-06-20,Ibar,2.2958266735076904,2.0096147060394287,-0.2862119674682617,2
goa,2025-06-21,Ibar,2.497816562652588,2.0908000469207764,-0.4070165157318115,1
goa,2025-06-22,Ibar,0.0,2.0928986072540283,2.0928986072540283,0
goa,2025-06-23,Ibar,3.408630847930908,2.507380247116089,-0.9012506008148193,1
goa,2025-06-24,Ibar,3.0256991386413574,2.500917673110962,-0.5247814655303955,2
goa,2025-06-25,Ibar,2.047055244445801,2.0272817611694336,-0.019773483276367188,3
goa,2025-06-26,Ibar,2.0705294609069824,1.9798461198806763,-0.09068334102630615,4
goa,2026-06-05,Ibar,1.3245593309402466,1.4240790605545044,0.09951972961425781,3
goa,2026-06-06,Ibar,1.3451067209243774,1.8109039068222046,0.46579718589782715,2
goa,2026-06-07,Ibar,1.375991702079773,1.9382625818252563,0.5622708797454834,1
goa,2026-06-08,Ibar,0.0,1.7952529191970825,1.7952529191970825,0
goa,2026-06-09,Ibar,1.978460669517517,1.7168879508972168,-0.2615727186203003,1
goa,2026-06-10,Ibar,1.5626190900802612,1.5631030797958374,0.0004839897155761719,2
goa,2026-06-11,Ibar,1.6420363187789917,1.6402339935302734,-0.0018023252487182617,3
goa,2026-06-12,Ibar,1.6290254592895508,1.6285111904144287,-0.0005142688751220703,4
goa,2026-06-13,Ibar,1.6292036771774292,1.6255273818969727,-0.003676295280456543,5
goa,2026-06-14,Ibar,1.737493872642517,1.7282973527908325,-0.00919651985168457,6
nbs,2023-01-30,Ibar,0.0,1.2489607334136963,1.2489607334136963,2
nbs,2023-01-31,Ibar,0.0,1.3291563987731934,1.3291563987731934,1
nbs,2023-02-01,Ibar,0.0,1.3483186960220337,1.3483186960220337,0
nbs,2025-06-18,Ibar,4.959388256072998,4.858478546142578,-0.10090970993041992,4
nbs,2025-06-19,Ibar,5.367099761962891,4.724729061126709,-0.6423707008361816,3
nbs,2025-06-20,Ibar,5.794803142547607,4.727291107177734,-1.067512035369873,2
nbs,2025-06-21,Ibar,5.987597465515137,4.479666709899902,-1.5079307556152344,1
nbs,2025-06-22,Ibar,0.0,3.9145007133483887,3.9145007133483887,0
nbs,2025-06-23,Ibar,4.069351673126221,3.9762701988220215,-0.09308147430419922,1
nbs,2025-06-24,Ibar,4.25143575668335,4.167513370513916,-0.0839223861694336,2
nbs,2025-06-25,Ibar,4.4317851066589355,4.354882717132568,-0.07690238952636719,3
nbs,2025-06-26,Ibar,4.5096821784973145,4.45508337020874,-0.05459880828857422,4
nbs,2026-06-04,Ibar,4.265333652496338,3.764104127883911,-0.5012295246124268,4
nbs,2026-06-05,Ibar,4.53769588470459,3.8661365509033203,-0.6715593338012695,3
nbs,2026-06-06,Ibar,4.709305286407471,3.8561127185821533,-0.8531925678253174,2
nbs,2026-06-07,Ibar,4.572992324829102,3.9870636463165283,-0.5859286785125732,1
nbs,2026-06-08,Ibar,0.0,4.039608955383301,4.039608955383301,0
nbs,2026-06-09,Ibar,5.118082046508789,4.468233585357666,-0.649848461151123,1
nbs,2026-06-10,Ibar,5.453206539154053,5.008124351501465,-0.4450821876525879,2
nbs,2026-06-11,Ibar,5.36652135848999,4.641028881072998,-0.7254924774169922,3
nbs,2026-06-12,Ibar,4.971393585205078,4.3078508377075195,-0.6635427474975586,4
nbs,2026-06-13,Ibar,4.827467918395996,4.228238105773926,-0.5992298126220703,5
sebs,2021-03-19,Ibar,1.0023250579833984,0.9934806227684021,-0.008844435214996338,4
sebs,2021-03-20,Ibar,1.0544220209121704,1.0489758253097534,-0.005446195602416992,3
sebs,2021-03-21,Ibar,1.1425272226333618,1.073246955871582,-0.06928026676177979,2
sebs,2021-03-22,Ibar,1.1466516256332397,1.072195291519165,-0.07445633411407471,1
sebs,2021-03-23,Ibar,0.0,1.1960489749908447,1.1960489749908447,0
sebs,2021-03-24,Ibar,1.280320644378662,1.2383143901824951,-0.04200625419616699,1
sebs,2021-03-25,Ibar,1.3869866132736206,1.353016972541809,-0.03396964073181152,2
sebs,2021-03-26,Ibar,1.349543809890747,1.3290128707885742,-0.02053093910217285,3
sebs,2021-03-27,Ibar,1.2657220363616943,1.2677428722381592,0.0020208358764648438,4
sebs,2021-09-01,Ibar,1.7986676692962646,1.796363353729248,-0.0023043155670166016,6
sebs,2021-09-02,Ibar,1.8721834421157837,1.841811180114746,-0.030372262001037598,5
sebs,2021-09-03,Ibar,1.9545403718948364,1.853888988494873,-0.10065138339996338,4
sebs,2021-09-04,Ibar,2.0857346057891846,1.9152576923370361,-0.17047691345214844,3
sebs,2021-09-05,Ibar,2.111463785171509,1.9265155792236328,-0.18494820594787598,2
sebs,2021-09-06,Ibar,2.1227786540985107,1.9338387250900269,-0.1889399290084839,1
sebs,2021-09-07,Ibar,0.0,1.9490084648132324,1.9490084648132324,0
sebs,2021-09-08,Ibar,2.027085542678833,2.015826940536499,-0.011258602142333984,1
sebs,2021-09-09,Ibar,2.0541484355926514,2.045509099960327,-0.008639335632324219,2
sebs,2021-09-10,Ibar,2.050798177719116,2.0440566539764404,-0.006741523742675781,3
sebs,2021-09-11,Ibar,2.0540432929992676,2.0562736988067627,0.002230405807495117,4
sebs,2022-10-17,Ibar,0.0,1.3606497049331665,1.3606497049331665,2
sebs,2022-10-18,Ibar,0.0,1.462732195854187,1.462732195854187,1
sebs,2022-10-19,Ibar,0.0,1.5112417936325073,1.5112417936325073,0
sebs,2022-10-20,Ibar,1.555409550666809,1.5088399648666382,-0.0465695858001709,1
sebs,2022-10-21,Ibar,1.5383849143981934,1.494664192199707,-0.04372072219848633,2
sebs,2022-10-22,Ibar,1.5037609338760376,1.4687671661376953,-0.034993767738342285,3
sebs,2022-10-23,Ibar,1.4338572025299072,1.4147368669509888,-0.019120335578918457,4
sebs,2023-01-26,Ibar,1.3580998182296753,1.3399899005889893,-0.018109917640686035,6
sebs,2023-01-27,Ibar,1.4298043251037598,1.3670282363891602,-0.06277608871459961,5
sebs,2023-01-28,Ibar,1.3869763612747192,1.2995319366455078,-0.08744442462921143,4
sebs,2023-01-29,Ibar,1.4862897396087646,1.3374450206756592,-0.14884471893310547,3
sebs,2023-01-30,Ibar,1.5485197305679321,1.417519211769104,-0.13100051879882812,2
sebs,2023-01-31,Ibar,1.6123600006103516,1.4830535650253296,-0.12930643558502197,1
sebs,2023-02-01,Ibar,0.0,1.5627933740615845,1.5627933740615845,0
sebs,2023-02-02,Ibar,1.690874695777893,1.6939383745193481,0.003063678741455078,1
sebs,2023-02-03,Ibar,1.7665477991104126,1.7703508138656616,0.0038030147552490234,2
sebs,2023-02-04,Ibar,1.7871508598327637,1.7900362014770508,0.0028853416442871094,3
sebs,2023-02-05,Ibar,1.816659688949585,1.818987250328064,0.002327561378479004,4
sebs,2025-06-18,Ibar,2.181926727294922,2.478804588317871,0.2968778610229492,4
sebs,2025-06-19,Ibar,2.2706966400146484,2.507852077484131,0.23715543746948242,3
sebs,2025-06-20,Ibar,3.010342597961426,2.967061758041382,-0.043280839920043945,2
sebs,2025-06-21,Ibar,2.990180015563965,3.0173587799072266,0.02717876434326172,1
sebs,2025-06-22,Ibar,0.0,2.63415265083313,2.63415265083313,0
sebs,2026-06-04,Ibar,3.53613018989563,3.23146390914917,-0.30466628074645996,4
sebs,2026-06-05,Ibar,3.670647621154785,3.1906824111938477,-0.4799652099609375,3
sebs,2026-06-06,Ibar,3.7580769062042236,3.3530261516571045,-0.40505075454711914,2
sebs,2026-06-07,Ibar,3.880399227142334,3.5477800369262695,-0.33261919021606445,1
sebs,2026-06-08,Ibar,0.0,3.518505334854126,3.518505334854126,0
wgoa,2021-03-18,Ibar,0.0,0.6430857181549072,0.6430857181549072,5
wgoa,2021-03-19,Ibar,0.0,0.7712329626083374,0.7712329626083374,4
wgoa,2021-03-20,Ibar,0.0,0.9023357629776001,0.9023357629776001,3
wgoa,2021-03-21,Ibar,0.0,0.9742395281791687,0.9742395281791687,2
wgoa,2021-03-22,Ibar,0.0,0.9743665456771851,0.9743665456771851,1
wgoa,2021-03-23,Ibar,0.0,1.1285029649734497,1.1285029649734497,0
wgoa,2021-03-24,Ibar,1.150483250617981,1.1119599342346191,-0.038523316383361816,1
wgoa,2021-03-25,Ibar,1.061609148979187,1.0469422340393066,-0.014666914939880371,2
wgoa,2021-03-26,Ibar,0.9502090811729431,0.9660573601722717,0.015848278999328613,3
wgoa,2021-03-27,Ibar,0.9070456027984619,0.8815642595291138,-0.025481343269348145,4
wgoa,2021-09-04,Ibar,1.3122432231903076,1.3499799966812134,0.03773677349090576,3
wgoa,2021-09-05,Ibar,1.2255773544311523,1.3380177021026611,0.11244034767150879,2
wgoa,2021-09-06,Ibar,0.0,1.6091413497924805,1.6091413497924805,1
wgoa,2021-09-07,Ibar,0.0,1.6204776763916016,1.6204776763916016,0
wgoa,2021-09-08,Ibar,0.0,1.4035224914550781,1.4035224914550781,1
wgoa,2021-09-09,Ibar,0.0,1.4581804275512695,1.4581804275512695,2
wgoa,2021-09-10,Ibar,0.0,1.4649572372436523,1.4649572372436523,3
wgoa,2021-09-11,Ibar,0.0,1.4542112350463867,1.4542112350463867,4
wgoa,2023-01-28,Ibar,1.1538398265838623,1.1203285455703735,-0.03351128101348877,4
wgoa,2023-01-29,Ibar,1.18498694896698,1.1455963850021362,-0.03939056396484375,3
wgoa,2023-01-30,Ibar,1.3067066669464111,1.2368509769439697,-0.0698556900024414,2
wgoa,2023-01-31,Ibar,1.353377103805542,1.2784305810928345,-0.07494652271270752,1
wgoa,2023-02-01,Ibar,0.0,1.3043211698532104,1.3043211698532104,0
wgoa,2023-02-02,Ibar,1.3471002578735352,1.2846295833587646,-0.06247067451477051,1
wgoa,2023-02-03,Ibar,1.3419647216796875,1.2846527099609375,-0.05731201171875,2
wgoa,2023-02-04,Ibar,1.3394371271133423,1.3182343244552612,-0.021202802658081055,3
wgoa,2023-02-05,Ibar,1.275463581085205,1.2650350332260132,-0.010428547859191895,4
wgoa,2024-03-31,Ibar,0.0,1.301811695098877,1.301811695098877,0
wgoa,2024-04-01,Ibar,0.0,1.1129179000854492,1.1129179000854492,1
wgoa,2025-06-20,Ibar,2.2958266735076904,2.1949269771575928,-0.10089969635009766,2
wgoa,2025-06-21,Ibar,2.497816562652588,2.430410623550415,-0.06740593910217285,1
wgoa,2025-06-22,Ibar,0.0,2.3999264240264893,2.3999264240264893,0
wgoa,2025-06-23,Ibar,3.408630847930908,3.230342149734497,-0.17828869819641113,1
wgoa,2025-06-24,Ibar,3.0256991386413574,2.884354591369629,-0.14134454727172852,2
wgoa,2025-06-25,Ibar,2.473021984100342,2.3034064769744873,-0.1696155071258545,3
wgoa,2025-06-26,Ibar,2.264533042907715,2.0731661319732666,-0.19136691093444824,4
wgoa,2026-06-05,Ibar,0.0,1.6472396850585938,1.6472396850585938,3
wgoa,2026-06-06,Ibar,0.0,2.076427459716797,2.076427459716797,2
wgoa,2026-06-07,Ibar,0.0,2.3245043754577637,2.3245043754577637,1
wgoa,2026-06-08,Ibar,0.0,2.169011354446411,2.169011354446411,0
wgoa,2026-06-09,Ibar,2.7196717262268066,2.1078379154205322,-0.6118338108062744,1
wgoa,2026-06-10,Ibar,2.1786630153656006,1.9865702390670776,-0.19209277629852295,2
wgoa,2026-06-11,Ibar,2.0001628398895264,1.9214661121368408,-0.07869672775268555,3
wgoa,2026-06-12,Ibar,1.9427038431167603,1.879412055015564,-0.06329178810119629,4
wgoa,2026-06-13,Ibar,1.9030348062515259,1.8506414890289307,-0.052393317222595215,5
wgoa,2026-06-14,Ibar,1.954770803451538,1.8855783939361572,-0.06919240951538086,6
ai,2021-03-18,Obar,0.0005162923480384052,0.00041089567821472883,-0.00010539666982367635,5
ai,2021-03-20,Obar,0.0,0.004461906384676695,0.004461906384676695,3
ai,2021-03-21,Obar,0.0,0.009249608032405376,0.009249608032405376,2
ai,2021-03-22,Obar,0.0,0.001454068929888308,0.001454068929888308,1
ai,2021-03-23,Obar,0.0,0.005597325041890144,0.005597325041890144,0
ai,2021-03-24,Obar,0.1726367473602295,0.031149858608841896,-0.1414868887513876,1
ai,2021-03-26,Obar,0.0004411217523738742,0.0,-0.0004411217523738742,3
ai,2021-07-23,Obar,0.18346476554870605,0.1753174215555191,-0.00814734399318695,46
ai,2021-07-28,Obar,0.07042437791824341,0.07042627781629562,1.8998980522155762e-06,41
ai,2021-07-29,Obar,0.08423585444688797,0.08424997329711914,1.4118850231170654e-05,40
ai,2021-08-01,Obar,0.011471730656921864,0.011462104506790638,-9.626150131225586e-06,37
ai,2021-08-02,Obar,0.00325424293987453,0.0032603375148028135,6.094574928283691e-06,36
ai,2021-08-03,Obar,0.0065514096058905125,0.0065569947473704815,5.585141479969025e-06,35
ai,2021-08-04,Obar,0.031160982325673103,0.031184663996100426,2.3681670427322388e-05,34
ai,2021-08-06,Obar,0.002545675029978156,0.0025342239532619715,-1.1451076716184616e-05,32
ai,2021-08-07,Obar,0.005468923598527908,0.005484723020344973,1.5799421817064285e-05,31
ai,2021-08-08,Obar,0.006296483334153891,0.006315579172223806,1.909583806991577e-05,30
ai,2021-08-09,Obar,0.01136102620512247,0.011252984404563904,-0.00010804180055856705,29
ai,2021-08-10,Obar,0.02200646512210369,0.021816305816173553,-0.00019015930593013763,28
ai,2021-08-11,Obar,0.02641630731523037,0.02607320062816143,-0.0003431066870689392,27
ai,2021-08-12,Obar,0.011919435113668442,0.011911981739103794,-7.4533745646476746e-06,26
ai,2021-08-13,Obar,0.013544352725148201,0.013540001586079597,-4.351139068603516e-06,25
ai,2021-08-17,Obar,0.00036700122291222215,0.0003636934270616621,-3.307795850560069e-06,21
ai,2021-08-18,Obar,0.001136507373303175,0.001157972845248878,2.146547194570303e-05,20
ai,2021-08-19,Obar,0.00142907805275172,0.0013591917231678963,-6.988632958382368e-05,19
ai,2021-08-20,Obar,0.007139353547245264,0.00711827352643013,-2.108002081513405e-05,18
ai,2021-08-21,Obar,0.0013506057439371943,0.0013350746594369411,-1.55310845002532e-05,17
ai,2021-08-22,Obar,0.0015674678143113852,0.001563410391099751,-4.057423211634159e-06,16
ai,2021-08-23,Obar,0.013232778757810593,0.013033927418291569,-0.0001988513395190239,15
ai,2021-08-24,Obar,0.009647038765251637,0.008212520740926266,-0.0014345180243253708,14
ai,2021-08-25,Obar,0.006018786691129208,0.006082952953875065,6.416626274585724e-05,13
ai,2021-08-26,Obar,0.010685689747333527,0.010465649887919426,-0.00022003985941410065,12
ai,2021-08-27,Obar,0.0032541260588914156,0.0032551828771829605,1.0568182915449142e-06,11
ai,2021-08-28,Obar,0.006605843082070351,0.006653845310211182,4.8002228140830994e-05,10
ai,2021-08-29,Obar,0.005594917573034763,0.0052011688239872456,-0.0003937487490475178,9
ai,2021-08-30,Obar,0.003694468643516302,0.0037454732228070498,5.100457929074764e-05,8
ai,2021-08-31,Obar,0.01064007543027401,0.010458453558385372,-0.00018162187188863754,7
ai,2021-09-01,Obar,0.006701183505356312,0.005909075494855642,-0.0007921080105006695,6
ai,2021-09-02,Obar,0.010129242204129696,0.009442467242479324,-0.0006867749616503716,5
ai,2021-09-03,Obar,0.0,0.014597887173295021,0.014597887173295021,4
ai,2021-09-04,Obar,0.0,0.008542874827980995,0.008542874827980995,3
ai,2021-09-05,Obar,0.0,0.0015756633365526795,0.0015756633365526795,2
ai,2021-09-06,Obar,0.0,0.00019672313646879047,0.00019672313646879047,1
ai,2021-09-07,Obar,0.0,0.0006782975979149342,0.0006782975979149342,0
ai,2021-09-08,Obar,0.0943140760064125,0.0007248322945088148,-0.09358924371190369,1
ai,2021-09-10,Obar,3.57137578248512e-05,3.142912464682013e-05,-4.284633178031072e-06,3
ai,2021-09-11,Obar,6.519987073261291e-05,0.0,-6.519987073261291e-05,4
ai,2021-09-12,Obar,2.6622457880876027e-05,0.0,-2.6622457880876027e-05,5
ai,2021-09-13,Obar,0.00027211589622311294,0.0001282708253711462,-0.00014384507085196674,6
ai,2022-10-06,Obar,0.026777273043990135,0.026294762268662453,-0.0004825107753276825,13
ai,2022-10-15,Obar,0.0,0.00047794554848223925,0.00047794554848223925,4
ai,2022-10-20,Obar,0.005704031791538,0.003478091908618808,-0.0022259398829191923,1
ai,2022-10-21,Obar,0.003777751699090004,0.003753953380510211,-2.3798318579792976e-05,2
ai,2022-10-22,Obar,0.007254531141370535,0.00721776345744729,-3.6767683923244476e-05,3
ai,2022-10-23,Obar,0.004490822087973356,0.0044716172851622105,-1.9204802811145782e-05,4
ai,2022-10-24,Obar,0.0030507512856274843,0.0029527260921895504,-9.802519343793392e-05,5
ai,2022-12-02,Obar,0.007160422392189503,0.007154738996177912,-5.683396011590958e-06,44
ai,2022-12-03,Obar,0.0012146547669544816,0.0011918245581910014,-2.2830208763480186e-05,45
ai,2022-12-11,Obar,0.0001010697305900976,0.00010228017345070839,1.210442860610783e-06,52
ai,2022-12-13,Obar,2.8447764179873047e-06,5.019142918172292e-06,2.1743665001849877e-06,50
ai,2022-12-19,Obar,0.002752169268205762,0.0027499536518007517,-2.2156164050102234e-06,44
ai,2022-12-24,Obar,0.0012640270870178938,0.0012651806464418769,1.153559423983097e-06,39
ai,2023-01-06,Obar,0.00023624517780262977,0.00022687335149385035,-9.371826308779418e-06,26
ai,2023-01-07,Obar,0.0007351398235186934,0.0007331438246183097,-1.995998900383711e-06,25
ai,2023-01-10,Obar,0.00034440887975506485,0.00034877346479333937,4.364585038274527e-06,22
ai,2023-01-11,Obar,0.00044156439253129065,0.00044288241770118475,1.3180251698940992e-06,21
ai,2023-01-13,Obar,0.00022539393103215843,0.00022703268041368574,1.6387493815273046e-06,19
ai,2023-01-15,Obar,0.0003370524209458381,0.0003387701290193945,1.7177080735564232e-06,17
ai,2023-01-20,Obar,7.835961150703952e-05,6.497518188552931e-05,-1.3384429621510208e-05,12
ai,2023-01-23,Obar,0.0002053945790976286,0.0002558888809289783,5.049430183134973e-05,9
ai,2023-01-24,Obar,0.0010611505713313818,0.001109821256250143,4.867068491876125e-05,8
ai,2023-01-25,Obar,0.0034530912525951862,0.0035948508884757757,0.00014175963588058949,7
ai,2023-01-26,Obar,0.0010685668094083667,0.0012582415947690606,0.00018967478536069393,6
ai,2023-01-27,Obar,0.00047515262849628925,0.00045521915308199823,-1.9933475414291024e-05,5
ai,2023-01-28,Obar,0.0,0.0024686618708074093,0.0024686618708074093,4
ai,2023-01-29,Obar,0.0,0.003333811881020665,0.003333811881020665,3
ai,2023-01-30,Obar,0.0,0.0018053061794489622,0.0018053061794489622,2
ai,2023-01-31,Obar,0.0,0.00046516343718394637,0.00046516343718394637,1
ai,2023-02-01,Obar,0.0,0.0002787552075460553,0.0002787552075460553,0
ai,2023-02-02,Obar,0.05303660035133362,0.0,-0.05303660035133362,1
ai,2023-02-04,Obar,7.775707490509376e-05,0.0,-7.775707490509376e-05,3
ai,2024-03-28,Obar,0.0,0.026493582874536514,0.026493582874536514,3
ai,2024-03-29,Obar,0.0,0.010256181471049786,0.010256181471049786,2
ai,2024-03-30,Obar,0.0,0.025253862142562866,0.025253862142562866,1
ai,2024-03-31,Obar,0.0,0.016876552253961563,0.016876552253961563,0
ai,2024-04-01,Obar,0.13638079166412354,0.024078860878944397,-0.11230193078517914,1
ai,2025-06-18,Obar,0.0,0.017174899578094482,0.017174899578094482,4
ai,2026-06-05,Obar,0.0,0.20671521127223969,0.20671521127223969,3
ai,2026-06-07,Obar,0.0,0.015163209289312363,0.015163209289312363,1
ai_central,2021-03-18,Obar,0.0005162923480384052,0.00041089567821472883,-0.00010539666982367635,5
ai_central,2021-03-20,Obar,0.0,0.004461906384676695,0.004461906384676695,3
ai_central,2021-03-21,Obar,0.0,0.009249608032405376,0.009249608032405376,2
ai_central,2021-03-22,Obar,0.0,0.001454068929888308,0.001454068929888308,1
ai_central,2021-03-23,Obar,0.0,0.005597325041890144,0.005597325041890144,0
ai_central,2021-03-24,Obar,0.1726367473602295,0.031149858608841896,-0.1414868887513876,1
ai_central,2021-03-26,Obar,0.0004411217523738742,0.0,-0.0004411217523738742,3
ai_central,2021-08-04,Obar,0.04345171898603439,0.043453726917505264,2.0079314708709717e-06,34
ai_central,2021-08-06,Obar,0.001379308057948947,0.0013509682612493634,-2.833979669958353e-05,32
ai_central,2021-08-07,Obar,0.011863457038998604,0.011900142766535282,3.6685727536678314e-05,31
ai_central,2021-08-08,Obar,0.011709459125995636,0.01174276601523161,3.330688923597336e-05,30
ai_central,2021-08-09,Obar,0.01858426071703434,0.01859101466834545,6.75395131111145e-06,29
ai_central,2021-08-10,Obar,0.03541019931435585,0.03505358472466469,-0.0003566145896911621,28
ai_central,2021-08-11,Obar,0.037295810878276825,0.03667810931801796,-0.0006177015602588654,27
ai_central,2021-08-12,Obar,0.014910602942109108,0.014896729961037636,-1.3872981071472168e-05,26
ai_central,2021-08-13,Obar,0.01829785667359829,0.018290525302290916,-7.331371307373047e-06,25
ai_central,2021-08-19,Obar,0.0007593376212753356,0.000629539368674159,-0.0001297982526011765,19
ai_central,2021-08-20,Obar,0.008682949468493462,0.008688068948686123,5.119480192661285e-06,18
ai_central,2021-08-21,Obar,0.0023839001078158617,0.0023670094087719917,-1.6890699043869972e-05,17
ai_central,2021-08-23,Obar,0.021503996104002,0.021145295351743698,-0.0003587007522583008,15
ai_central,2021-08-24,Obar,0.01217454019933939,0.01175806112587452,-0.00041647907346487045,14
ai_central,2021-08-25,Obar,0.008971896953880787,0.009063605219125748,9.170826524496078e-05,13
ai_central,2021-08-26,Obar,0.013194385915994644,0.012835499830543995,-0.00035888608545064926,12
ai_central,2021-08-28,Obar,0.0046739354729652405,0.004740334581583738,6.639910861849785e-05,10
ai_central,2021-08-29,Obar,0.0063295792788267136,0.005769810173660517,-0.0005597691051661968,9
ai_central,2021-08-30,Obar,0.0036529493518173695,0.003719452302902937,6.650295108556747e-05,8
ai_central,2021-08-31,Obar,0.003494440345093608,0.00357113778591156,7.669744081795216e-05,7
ai_central,2021-09-01,Obar,0.0051641929894685745,0.004930748604238033,-0.00023344438523054123,6
ai_central,2021-09-02,Obar,0.007561482023447752,0.007132883183658123,-0.000428598839789629,5
ai_central,2021-09-03,Obar,0.0,0.021122122183442116,0.021122122183442116,4
ai_central,2021-09-04,Obar,0.0,0.012446609325706959,0.012446609325706959,3
ai_central,2021-09-05,Obar,0.0,0.0006056769634597003,0.0006056769634597003,2
ai_central,2021-09-07,Obar,0.0,0.00021448852203320712,0.00021448852203320712,0
ai_central,2021-09-08,Obar,0.11899580806493759,8.948188042268157e-05,-0.11890632618451491,1
ai_central,2021-09-10,Obar,6.0048303566873074e-05,5.3179479436948895e-05,-6.868824129924178e-06,3
ai_central,2021-09-12,Obar,4.476938192965463e-05,0.0,-4.476938192965463e-05,5
ai_central,2021-09-13,Obar,0.000300390092888847,6.112967093940824e-05,-0.00023926042194943875,6
ai_central,2022-10-20,Obar,0.003935713786631823,0.0029766301158815622,-0.0009590836707502604,1
ai_central,2022-12-02,Obar,0.011894689872860909,0.011884325183928013,-1.036468893289566e-05,44
ai_central,2022-12-03,Obar,0.0015835525700822473,0.0015424148878082633,-4.1137682273983955e-05,45
ai_central,2022-12-11,Obar,0.00012999304453842342,0.00013219429820310324,2.2012536646798253e-06,52
ai_central,2022-12-13,Obar,5.204547051107511e-06,9.182571375276893e-06,3.9780243241693825e-06,50
ai_central,2022-12-22,Obar,0.0010556505294516683,0.0010574283078312874,1.7777783796191216e-06,41
ai_central,2022-12-24,Obar,0.0020429755095392466,0.0020450002048164606,2.0246952772140503e-06,39
ai_central,2023-01-06,Obar,0.00042757406481541693,0.0004106122360099107,-1.696182880550623e-05,26
ai_central,2023-01-07,Obar,0.0012701053638011217,0.0012658621417358518,-4.243222065269947e-06,25
ai_central,2023-01-08,Obar,0.00022813414398115128,0.00022924900986254215,1.1148658813908696e-06,24
ai_central,2023-01-09,Obar,0.0004642204148694873,0.00046573177678510547,1.5113619156181812e-06,23
ai_central,2023-01-10,Obar,0.00047926403931342065,0.0004862298956140876,6.965856300666928e-06,22
ai_central,2023-01-11,Obar,0.0006005472387187183,0.0006028044153936207,2.257176674902439e-06,21
ai_central,2023-01-23,Obar,0.0002687751257326454,0.00035898719215765595,9.021206642501056e-05,9
ai_central,2023-01-24,Obar,0.0015805885195732117,0.00170102808624506,0.0001204395666718483,8
ai_central,2023-01-25,Obar,0.0059384978376328945,0.006170993205159903,0.00023249536752700806,7
ai_central,2023-01-26,Obar,0.0016557772178202868,0.0019911197014153004,0.0003353424835950136,6
ai_central,2023-01-27,Obar,0.00025982526130974293,0.0002584629983175546,-1.3622629921883345e-06,5
ai_central,2023-01-28,Obar,0.0,0.0024288755375891924,0.0024288755375891924,4
ai_central,2023-01-29,Obar,0.0,0.0037256854120641947,0.0037256854120641947,3
ai_central,2023-01-30,Obar,0.0,0.0020397109910845757,0.0020397109910845757,2
ai_central,2023-01-31,Obar,0.0,0.00047552151954732835,0.00047552151954732835,1
ai_central,2023-02-01,Obar,0.0,0.0001813562266761437,0.0001813562266761437,0
ai_central,2023-02-02,Obar,0.060235489159822464,0.0,-0.060235489159822464,1
ai_central,2023-02-04,Obar,9.630270506022498e-05,0.0,-9.630270506022498e-05,3
ai_central,2024-03-28,Obar,0.0,0.03954581916332245,0.03954581916332245,3
ai_central,2024-03-29,Obar,0.0,0.013646873645484447,0.013646873645484447,2
ai_central,2024-03-30,Obar,0.0,0.02222246117889881,0.02222246117889881,1
ai_central,2024-03-31,Obar,0.0,0.02058478444814682,0.02058478444814682,0
ai_central,2024-04-01,Obar,0.15424779057502747,0.027955709025263786,-0.12629208154976368,1
ai_central,2026-06-07,Obar,0.0,0.09783935546875,0.09783935546875,1
ai_east,2021-08-20,Obar,0.0027070995420217514,0.002704062033444643,-3.037508577108383e-06,18
ai_east,2021-08-21,Obar,0.009911371394991875,0.009428364224731922,-0.00048300717025995255,17
ai_east,2021-08-22,Obar,0.008694200776517391,0.008414341136813164,-0.00027985963970422745,16
ai_east,2021-08-26,Obar,0.12301954627037048,0.12279026210308075,-0.0002292841672897339,12
ai_east,2021-08-28,Obar,0.09724897891283035,0.09704206138849258,-0.00020691752433776855,10
ai_east,2021-08-31,Obar,0.016196507960557938,0.015680529177188873,-0.0005159787833690643,7
ai_east,2021-09-01,Obar,0.012021033093333244,0.009743516333401203,-0.002277516759932041,6
ai_east,2021-09-02,Obar,0.04891606792807579,0.04196871817111969,-0.0069473497569561005,5
ai_east,2021-09-03,Obar,0.0,0.02088151127099991,0.02088151127099991,4
ai_east,2021-09-04,Obar,0.0,0.009767746552824974,0.009767746552824974,3
ai_east,2021-09-05,Obar,0.0,0.013254002667963505,0.013254002667963505,2
ai_east,2021-09-06,Obar,0.0,0.002436080016195774,0.002436080016195774,1
ai_east,2021-09-07,Obar,0.0,0.006302149500697851,0.006302149500697851,0
ai_east,2021-09-08,Obar,0.15414507687091827,0.007024968508630991,-0.14712010836228728,1
ai_east,2022-10-20,Obar,0.031923942267894745,0.01250921655446291,-0.019414725713431835,1
ai_east,2023-01-10,Obar,0.0006373801734298468,0.0006408187327906489,3.4385593608021736e-06,22
ai_east,2023-01-23,Obar,0.00022132055892143399,0.00026673232787288725,4.541176895145327e-05,9
ai_east,2023-01-24,Obar,0.0018714559264481068,0.0017678648000583053,-0.0001035911263898015,8
ai_east,2023-01-25,Obar,0.0010617122752591968,0.0010392213007435203,-2.24909745156765e-05,7
ai_east,2023-01-27,Obar,0.0026050934102386236,0.002462902804836631,-0.0001421906054019928,5
ai_east,2023-01-28,Obar,0.0,0.008223986253142357,0.008223986253142357,4
ai_east,2023-01-29,Obar,0.0,0.008295545354485512,0.008295545354485512,3
ai_east,2023-01-30,Obar,0.0,0.0040572346188127995,0.0040572346188127995,2
ai_east,2023-01-31,Obar,0.0,0.000616383389569819,0.000616383389569819,1
ai_east,2023-02-01,Obar,0.0,0.00010735618707258254,0.00010735618707258254,0
ai_east,2023-02-02,Obar,0.08727002143859863,0.0,-0.08727002143859863,1
ai_west,2021-07-23,Obar,0.2567540407180786,0.2436966747045517,-0.013057366013526917,46
ai_west,2021-07-28,Obar,0.0808001235127449,0.08080331981182098,3.1962990760803223e-06,41
ai_west,2021-07-29,Obar,0.08882823586463928,0.08885257691144943,2.4341046810150146e-05,40
ai_west,2021-08-01,Obar,0.00446524191647768,0.004443644545972347,-2.1597370505332947e-05,37
ai_west,2021-08-02,Obar,0.0027801250107586384,0.0027937344275414944,1.3609416782855988e-05,36
ai_west,2021-08-03,Obar,0.012177725322544575,0.012189601548016071,1.1876225471496582e-05,35
ai_west,2021-08-04,Obar,0.02350648306310177,0.02355455979704857,4.807673394680023e-05,34
ai_west,2021-08-08,Obar,0.0019888095557689667,0.001996711827814579,7.902272045612335e-06,30
ai_west,2021-08-09,Obar,0.004787971265614033,0.004575466271489859,-0.00021250499412417412,29
ai_west,2021-08-10,Obar,0.007671216502785683,0.007659078575670719,-1.2137927114963531e-05,28
ai_west,2021-08-12,Obar,0.003663238137960434,0.0036644574720412493,1.2193340808153152e-06,26
ai_west,2021-08-17,Obar,0.0002284194197272882,0.00021858054969925433,-9.838870028033853e-06,21
ai_west,2021-08-18,Obar,0.0022267289459705353,0.002287199953570962,6.0471007600426674e-05,20
ai_west,2021-08-19,Obar,0.002550127450376749,0.0025715804658830166,2.1453015506267548e-05,19
ai_west,2021-08-20,Obar,0.005213955417275429,0.005156798753887415,-5.715666338801384e-05,18
ai_west,2021-08-24,Obar,0.005463284905999899,0.0026138536632061005,-0.0028494312427937984,14
ai_west,2021-08-25,Obar,0.0005098815308883786,0.0005365795223042369,2.669799141585827e-05,13
ai_west,2021-08-27,Obar,0.0009906233754009008,0.0009934465633705258,2.823187969624996e-06,11
ai_west,2021-08-28,Obar,0.0005800703656859696,0.0006235371110960841,4.346674541011453e-05,10
ai_west,2021-08-29,Obar,0.0033728827256709337,0.0032194906380027533,-0.00015339208766818047,9
ai_west,2021-08-30,Obar,0.0038816549349576235,0.0039107841439545155,2.9129208996891975e-05,8
ai_west,2021-08-31,Obar,0.021129323169589043,0.020582715049386024,-0.0005466081202030182,7
ai_west,2021-09-01,Obar,0.008448864333331585,0.006970619782805443,-0.0014782445505261421,6
ai_west,2021-09-02,Obar,0.008361207321286201,0.008219721727073193,-0.00014148559421300888,5
ai_west,2021-09-03,Obar,0.0,0.0023554491344839334,0.0023554491344839334,4
ai_west,2021-09-04,Obar,0.0,0.0011876421049237251,0.0011876421049237251,3
ai_west,2021-09-05,Obar,0.0,0.000503874325659126,0.000503874325659126,2
ai_west,2021-09-08,Obar,0.03568820655345917,0.0,-0.03568820655345917,1
ai_west,2021-09-11,Obar,0.00019827924552373588,0.0,-0.00019827924552373588,4
ai_west,2022-10-06,Obar,0.03631263226270676,0.013666593469679356,-0.0226460387930274,13
ai_west,2022-10-15,Obar,0.0,0.021394463256001472,0.021394463256001472,4
ai_west,2022-10-20,Obar,0.020479584112763405,0.0052233608439564705,-0.015256223268806934,1
ai_west,2022-10-21,Obar,0.0027701184153556824,0.002343460451811552,-0.0004266579635441303,2
ai_west,2022-10-22,Obar,0.007334670517593622,0.00645945779979229,-0.0008752127178013325,3
ai_west,2022-10-23,Obar,0.011660069227218628,0.0110749751329422,-0.0005850940942764282,4
ai_west,2022-10-24,Obar,0.013083595782518387,0.012420805171132088,-0.0006627906113862991,5
ai_west,2022-12-19,Obar,0.00116049125790596,0.0011543013388291001,-6.189919076859951e-06,44
ai_west,2023-01-07,Obar,4.032880315207876e-05,4.162955519859679e-05,1.3007520465180278e-06,25
ai_west,2023-01-08,Obar,0.0010759225115180016,0.0010745844338089228,-1.3380777090787888e-06,24
ai_west,2023-01-13,Obar,0.0007031268323771656,0.0007085413672029972,5.414534825831652e-06,19
ai_west,2023-01-15,Obar,0.0007254383526742458,0.0007309388020075858,5.50044933333993e-06,17
ai_west,2023-01-20,Obar,0.00022047887614462525,0.00018281936354469508,-3.765951259993017e-05,12
ai_west,2023-01-25,Obar,0.0002606261696200818,0.0003112102276645601,5.05840580444783e-05,7
ai_west,2023-01-27,Obar,8.086527668638155e-05,7.981772068887949e-05,-1.0475559975020587e-06,5
ai_west,2023-01-28,Obar,0.0,0.00011428639118093997,0.00011428639118093997,4
ai_west,2023-01-30,Obar,0.0,4.1641731513664126e-05,4.1641731513664126e-05,2
ai_west,2023-01-31,Obar,0.0,0.00035761314211413264,0.00035761314211413264,1
ai_west,2023-02-01,Obar,0.0,0.0005930550396442413,0.0005930550396442413,0
ai_west,2023-02-02,Obar,0.013907280750572681,0.0,-0.013907280750572681,1
ai_west,2023-02-04,Obar,8.067909220699221e-05,0.0,-8.067909220699221e-05,3
ai_west,2024-03-30,Obar,0.0,0.03293437883257866,0.03293437883257866,1
ai_west,2024-04-01,Obar,0.019560061395168304,0.005826266016811132,-0.013733795378357172,1
ai_west,2025-06-18,Obar,0.0,0.017174899578094482,0.017174899578094482,4
ai_west,2026-06-05,Obar,0.0,0.20671521127223969,0.20671521127223969,3
ai_west,2026-06-07,Obar,0.0,0.008883815258741379,0.008883815258741379,1
beaufort,2022-10-15,Obar,0.0,0.006128834094852209,0.006128834094852209,4
beaufort,2022-10-20,Obar,0.021031774580478668,0.0,-0.021031774580478668,1
beaufort,2022-10-23,Obar,0.025536779314279556,0.02319595031440258,-0.002340828999876976,4
chukchi,2022-10-15,Obar,0.0,0.002105321967974305,0.002105321967974305,4
chukchi,2022-10-16,Obar,0.0,0.0010790545493364334,0.0010790545493364334,3
chukchi,2022-10-21,Obar,0.06006638705730438,0.021726856008172035,-0.03833953104913235,2
chukchi,2022-10-22,Obar,0.0204917062073946,0.014603158459067345,-0.005888547748327255,3
chukchi,2022-10-23,Obar,0.04419810324907303,0.03569154441356659,-0.00850655883550644,4
chukchi,2025-06-17,Obar,0.4579566717147827,0.6619487404823303,0.2039920687675476,5
chukchi,2025-06-18,Obar,0.0,0.5864589214324951,0.5864589214324951,4
chukchi,2025-06-19,Obar,0.0,0.2193576544523239,0.2193576544523239,3
chukchi,2025-06-20,Obar,0.0,0.2939356863498688,0.2939356863498688,2
chukchi,2025-06-21,Obar,0.0,0.156966432929039,0.156966432929039,1
chukchi,2025-06-22,Obar,0.0,0.15158379077911377,0.15158379077911377,0
chukchi,2025-06-23,Obar,1.1835057735443115,0.08540087193250656,-1.098104901611805,1
chukchi,2025-06-24,Obar,0.0134158656001091,0.008675958961248398,-0.0047399066388607025,2
chukchi,2025-06-25,Obar,0.014520137570798397,0.009891103021800518,-0.004629034548997879,3
chukchi,2025-06-26,Obar,0.008960830979049206,0.006571224890649319,-0.002389606088399887,4
ebs,2021-03-06,Obar,0.0010995658813044429,0.001093349070288241,-6.216811016201973e-06,17
ebs,2021-03-13,Obar,0.04172920063138008,0.041238926351070404,-0.0004902742803096771,10
ebs,2021-03-14,Obar,0.015095669776201248,0.015047146938741207,-4.8522837460041046e-05,9
ebs,2021-03-19,Obar,0.0,0.0062762475572526455,0.0062762475572526455,4
ebs,2021-03-20,Obar,0.0,0.005131712183356285,0.005131712183356285,3
ebs,2021-03-21,Obar,0.0,0.006481780670583248,0.006481780670583248,2
ebs,2021-03-22,Obar,0.0,0.00327640981413424,0.00327640981413424,1
ebs,2021-03-23,Obar,0.0,0.030626295134425163,0.030626295134425163,0
ebs,2021-03-24,Obar,0.426294207572937,0.02034809999167919,-0.4059461075812578,1
ebs,2021-03-25,Obar,0.06468804180622101,0.05654756724834442,-0.008140474557876587,2
ebs,2021-03-26,Obar,0.015767741948366165,0.013627389445900917,-0.002140352502465248,3
ebs,2021-03-27,Obar,0.01482854038476944,0.013978103175759315,-0.0008504372090101242,4
ebs,2021-08-10,Obar,0.05194476991891861,0.04902193695306778,-0.00292283296585083,28
ebs,2021-08-11,Obar,0.07312282919883728,0.07336180657148361,0.0002389773726463318,27
ebs,2021-08-13,Obar,0.050899770110845566,0.05103937163949013,0.00013960152864456177,25
ebs,2021-08-14,Obar,0.004942487459629774,0.005314056295901537,0.00037156883627176285,24
ebs,2021-08-21,Obar,0.008399158716201782,0.008601977489888668,0.00020281877368688583,17
ebs,2021-08-22,Obar,0.0032110840547829866,0.003381171030923724,0.00017008697614073753,16
ebs,2021-08-23,Obar,0.009262285195291042,0.007757197599858046,-0.0015050875954329967,15
ebs,2021-08-25,Obar,0.04020862653851509,0.040082693099975586,-0.000125933438539505,13
ebs,2021-08-26,Obar,0.012354946695268154,0.011721137911081314,-0.0006338087841868401,12
ebs,2021-08-27,Obar,0.003928133752197027,0.001572448993101716,-0.002355684759095311,11
ebs,2021-08-28,Obar,0.005877748131752014,0.005457188468426466,-0.00042055966332554817,10
ebs,2021-08-30,Obar,0.0027181380428373814,0.0026423612143844366,-7.577682845294476e-05,8
ebs,2021-09-01,Obar,0.003230589907616377,0.003354511456564069,0.00012392154894769192,6
ebs,2021-09-02,Obar,0.005537833087146282,0.005216801073402166,-0.00032103201374411583,5
ebs,2021-09-03,Obar,0.0,0.021976148709654808,0.021976148709654808,4
ebs,2021-09-04,Obar,0.0,0.033697180449962616,0.033697180449962616,3
ebs,2021-09-05,Obar,0.0,0.00789524894207716,0.00789524894207716,2
ebs,2021-09-06,Obar,0.0,0.004637739155441523,0.004637739155441523,1
ebs,2021-09-07,Obar,0.0,0.0059835035353899,0.0059835035353899,0
ebs,2021-09-08,Obar,0.27640581130981445,0.00812985934317112,-0.26827595196664333,1
ebs,2021-09-09,Obar,0.002107972512021661,0.001915683620609343,-0.00019228889141231775,2
ebs,2021-09-10,Obar,0.006622361019253731,0.006061260588467121,-0.0005611004307866096,3
ebs,2021-09-11,Obar,0.0038186274468898773,0.0035594655200839043,-0.00025916192680597305,4
ebs,2022-10-17,Obar,0.0,0.09050709009170532,0.09050709009170532,2
ebs,2022-10-18,Obar,0.0,0.03740648925304413,0.03740648925304413,1
ebs,2022-10-19,Obar,0.0,0.0046746511943638325,0.0046746511943638325,0
ebs,2022-10-20,Obar,1.3980625867843628,0.0,-1.3980625867843628,1
ebs,2022-12-15,Obar,0.008478005416691303,0.008706336840987206,0.00022833142429590225,48
ebs,2022-12-16,Obar,0.0021838040556758642,0.0023992573842406273,0.00021545332856476307,47
ebs,2022-12-18,Obar,0.02605048380792141,0.02632885053753853,0.00027836672961711884,45
ebs,2023-01-06,Obar,0.03207659721374512,0.03145921230316162,-0.0006173849105834961,26
ebs,2023-01-07,Obar,0.02291175350546837,0.02309085801243782,0.0001791045069694519,25
ebs,2023-01-08,Obar,0.04526267945766449,0.04529232904314995,2.9649585485458374e-05,24
ebs,2023-01-09,Obar,0.008415802381932735,0.008235706016421318,-0.0001800963655114174,23
ebs,2023-01-10,Obar,0.008363164961338043,0.008255695924162865,-0.00010746903717517853,22
ebs,2023-01-11,Obar,0.006588676944375038,0.006497045513242483,-9.163143113255501e-05,21
ebs,2023-01-12,Obar,0.0036239975597709417,0.0034602985251694918,-0.00016369903460144997,20
ebs,2023-01-13,Obar,0.006196005269885063,0.006167583633214235,-2.8421636670827866e-05,19
ebs,2023-01-20,Obar,0.0015958818839862943,0.0008094257791526616,-0.0007864561048336327,12
ebs,2023-01-21,Obar,0.0014675670536234975,0.00025862816255539656,-0.001208938891068101,11
ebs,2023-01-22,Obar,0.006223616190254688,0.0022821486927568913,-0.003941467497497797,10
ebs,2023-01-23,Obar,0.022626418620347977,0.014052209444344044,-0.008574209176003933,9
ebs,2023-01-24,Obar,0.013720161281526089,0.012159232050180435,-0.0015609292313456535,8
ebs,2023-01-26,Obar,0.004784041084349155,0.004658692050725222,-0.0001253490336239338,6
ebs,2023-01-27,Obar,0.02625860832631588,0.022249968722462654,-0.004008639603853226,5
ebs,2023-01-28,Obar,0.0,0.015779320150613785,0.015779320150613785,4
ebs,2023-01-29,Obar,0.0,0.021969564259052277,0.021969564259052277,3
ebs,2023-01-30,Obar,0.0,0.011433291248977184,0.011433291248977184,2
ebs,2023-01-31,Obar,0.0,0.005731180310249329,0.005731180310249329,1
ebs,2023-02-01,Obar,0.0,0.0029872923623770475,0.0029872923623770475,0
ebs,2023-02-02,Obar,0.2046499252319336,0.007480734493583441,-0.19716919073835015,1
ebs,2023-02-03,Obar,0.004764245357364416,0.004695459268987179,-6.878608837723732e-05,2
ebs,2023-02-04,Obar,0.000924072926864028,0.0009108155500143766,-1.3257376849651337e-05,3
ebs,2023-02-05,Obar,0.0010839400347322226,0.0006052235257811844,-0.0004787165089510381,4
ebs,2025-06-15,Obar,0.12354177236557007,0.12739236652851105,0.003850594162940979,7
ebs,2025-06-18,Obar,0.0,0.042502261698246,0.042502261698246,4
ebs,2025-06-19,Obar,0.0,0.06780180335044861,0.06780180335044861,3
ebs,2025-06-20,Obar,0.0,0.09988155215978622,0.09988155215978622,2
ebs,2025-06-21,Obar,0.0,0.06625574082136154,0.06625574082136154,1
ebs,2025-06-22,Obar,0.0,0.19218701124191284,0.19218701124191284,0
ebs,2025-06-23,Obar,0.7160893678665161,0.07269106805324554,-0.6433982998132706,1
ebs,2025-06-24,Obar,0.0484621562063694,0.04609507694840431,-0.002367079257965088,2
ebs,2026-06-03,Obar,0.09125985205173492,0.07559505105018616,-0.015664801001548767,5
ebs,2026-06-04,Obar,0.0,0.08560321480035782,0.08560321480035782,4
ebs,2026-06-05,Obar,0.0,0.030776284635066986,0.030776284635066986,3
ebs,2026-06-06,Obar,0.0,0.04838532209396362,0.04838532209396362,2
ebs,2026-06-07,Obar,0.0,0.003628430888056755,0.003628430888056755,1
ebs,2026-06-08,Obar,0.0,0.012011350132524967,0.012011350132524967,0
ebs,2026-06-09,Obar,0.22698265314102173,0.007871824316680431,-0.2191108288243413,1
ebs,2026-06-11,Obar,0.01782922074198723,0.012251303531229496,-0.005577917210757732,3
ebs,2026-06-12,Obar,0.07779013365507126,0.06367865204811096,-0.014111481606960297,4
ebs,2026-06-13,Obar,0.051584042608737946,0.04564416781067848,-0.0059398747980594635,5
ebs,2026-06-14,Obar,0.034617502242326736,0.0038704636972397566,-0.03074703854508698,6
egoa,2021-03-19,Obar,0.0,0.07381144165992737,0.07381144165992737,4
egoa,2021-03-23,Obar,0.0,0.010565019212663174,0.010565019212663174,0
egoa,2021-03-24,Obar,0.1741127371788025,0.0,-0.1741127371788025,1
egoa,2021-03-28,Obar,0.20138372480869293,0.16097594797611237,-0.040407776832580566,5
egoa,2021-09-08,Obar,0.11181122064590454,0.046386782079935074,-0.06542443856596947,1
egoa,2022-08-20,Obar,0.20423558354377747,0.2042086124420166,-2.6971101760864258e-05,60
egoa,2022-09-17,Obar,0.008943285793066025,0.008947297930717468,4.0121376514434814e-06,32
egoa,2022-09-18,Obar,0.004194457549601793,0.004205011762678623,1.055421307682991e-05,31
egoa,2022-09-21,Obar,0.001112149329856038,0.0011182704474776983,6.1211176216602325e-06,28
egoa,2022-09-23,Obar,0.00012142672494519502,9.152577695203945e-05,-2.990094799315557e-05,26
egoa,2022-09-24,Obar,7.990342419361696e-05,8.484527643304318e-05,4.9418522394262254e-06,25
egoa,2022-09-25,Obar,0.00013915260205976665,0.00010525355173740536,-3.389905032236129e-05,24
egoa,2022-09-27,Obar,0.0015697127673774958,0.0015911967493593693,2.1483981981873512e-05,22
egoa,2022-09-28,Obar,0.0033991311211138964,0.003389385063201189,-9.746057912707329e-06,21
egoa,2022-09-29,Obar,0.0033596698194742203,0.003364505711942911,4.835892468690872e-06,20
egoa,2022-09-30,Obar,0.002017419086769223,0.0019361256854608655,-8.129340130835772e-05,19
egoa,2022-10-03,Obar,0.0019424455240368843,0.0019561827648431063,1.3737240806221962e-05,16
egoa,2022-10-04,Obar,0.002816876396536827,0.0028665910940617323,4.9714697524905205e-05,15
egoa,2022-10-05,Obar,0.00490040285512805,0.004740159027278423,-0.00016024382784962654,14
egoa,2022-10-06,Obar,0.0028691194020211697,0.0028814987745136023,1.2379372492432594e-05,13
egoa,2022-10-08,Obar,0.009596617892384529,0.00919879786670208,-0.00039782002568244934,11
egoa,2022-10-09,Obar,0.005802706349641085,0.005790925584733486,-1.1780764907598495e-05,10
egoa,2022-10-10,Obar,0.00027653484721668065,0.00023998583492357284,-3.654901229310781e-05,9
egoa,2022-10-14,Obar,0.0008316424791701138,0.000852365221362561,2.0722742192447186e-05,5
egoa,2022-10-15,Obar,0.0,0.0005378194618970156,0.0005378194618970156,4
egoa,2022-10-16,Obar,0.0,0.00016340868023689836,0.00016340868023689836,3
egoa,2022-10-17,Obar,0.0,0.001047429395839572,0.001047429395839572,2
egoa,2022-10-20,Obar,0.012795768678188324,0.0,-0.012795768678188324,1
egoa,2022-10-24,Obar,0.00037685222923755646,0.0,-0.00037685222923755646,5
egoa,2022-10-25,Obar,0.002154315123334527,0.0,-0.002154315123334527,6
egoa,2024-03-23,Obar,0.00455875601619482,0.004522151313722134,-3.660470247268677e-05,8
egoa,2024-03-28,Obar,0.0,0.00047826621448621154,0.00047826621448621154,3
egoa,2024-04-05,Obar,0.0072729079984128475,0.0,-0.0072729079984128475,5
egoa,2024-04-06,Obar,0.0043513053096830845,0.0018299343064427376,-0.002521371003240347,6
egoa,2025-06-19,Obar,0.0,0.12869930267333984,0.12869930267333984,3
egoa,2026-06-03,Obar,0.22583597898483276,0.04312693327665329,-0.18270904570817947,5
egoa,2026-06-07,Obar,0.0,0.012356582097709179,0.012356582097709179,1
egoa,2026-06-08,Obar,0.0,0.04174017906188965,0.04174017906188965,0
egoa,2026-06-09,Obar,0.32964009046554565,0.0,-0.32964009046554565,1
egoa,2026-06-10,Obar,0.17009858787059784,0.13906660676002502,-0.031031981110572815,2
egoa,2026-06-11,Obar,0.11169187724590302,0.09045948833227158,-0.02123238891363144,3
goa,2021-03-13,Obar,0.0014844315592199564,0.0021833686623722315,0.0006989371031522751,10
goa,2021-03-18,Obar,0.24307259917259216,0.17550627887248993,-0.06756632030010223,5
goa,2021-03-19,Obar,0.0,0.08109080791473389,0.08109080791473389,4
goa,2021-03-20,Obar,0.0,0.05234149843454361,0.05234149843454361,3
goa,2021-03-21,Obar,0.0,0.03797456994652748,0.03797456994652748,2
goa,2021-03-22,Obar,0.0,0.03511539846658707,0.03511539846658707,1
goa,2021-03-23,Obar,0.0,0.06933566927909851,0.06933566927909851,0
goa,2021-03-24,Obar,1.1073130369186401,0.0,-1.1073130369186401,1
goa,2021-03-28,Obar,0.04387244954705238,0.03506941348314285,-0.00880303606390953,5
goa,2021-09-04,Obar,0.0,0.01338698249310255,0.01338698249310255,3
goa,2021-09-08,Obar,0.11181122064590454,0.029311910271644592,-0.08249931037425995,1
goa,2022-08-20,Obar,0.20423558354377747,0.2042086124420166,-2.6971101760864258e-05,60
goa,2022-09-17,Obar,0.008943285793066025,0.008947297930717468,4.0121376514434814e-06,32
goa,2022-09-18,Obar,0.004194457549601793,0.004205011762678623,1.055421307682991e-05,31
goa,2022-09-21,Obar,0.001112149329856038,0.0011182704474776983,6.1211176216602325e-06,28
goa,2022-09-23,Obar,0.00012142672494519502,9.152577695203945e-05,-2.990094799315557e-05,26
goa,2022-09-24,Obar,7.990342419361696e-05,8.484527643304318e-05,4.9418522394262254e-06,25
goa,2022-09-25,Obar,0.00013915260205976665,0.00010525355173740536,-3.389905032236129e-05,24
goa,2022-09-27,Obar,0.0015697127673774958,0.0015911967493593693,2.1483981981873512e-05,22
goa,2022-09-28,Obar,0.0033991311211138964,0.003389385063201189,-9.746057912707329e-06,21
goa,2022-09-29,Obar,0.0033596698194742203,0.003364505711942911,4.835892468690872e-06,20
goa,2022-09-30,Obar,0.002017419086769223,0.0019361256854608655,-8.129340130835772e-05,19
goa,2022-10-03,Obar,0.0024405333679169416,0.002454159315675497,1.3625947758555412e-05,16
goa,2022-10-04,Obar,0.0028584161773324013,0.0029076184146106243,4.920223727822304e-05,15
goa,2022-10-05,Obar,0.005074860528111458,0.004916544072329998,-0.0001583164557814598,14
goa,2022-10-06,Obar,0.003093992592766881,0.003106171265244484,1.2178672477602959e-05,13
goa,2022-10-08,Obar,0.009574477560818195,0.00918300449848175,-0.00039147306233644485,11
goa,2022-10-09,Obar,0.005715793464332819,0.00570418918505311,-1.1604279279708862e-05,10
goa,2022-10-10,Obar,0.0002734455920290202,0.00023730489192530513,-3.614070010371506e-05,9
goa,2022-10-14,Obar,0.0008316424791701138,0.000852365221362561,2.0722742192447186e-05,5
goa,2022-10-15,Obar,0.0,0.0005378194618970156,0.0005378194618970156,4
goa,2022-10-16,Obar,0.0,0.00016340868023689836,0.00016340868023689836,3
goa,2022-10-17,Obar,0.0,0.001047429395839572,0.001047429395839572,2
goa,2022-10-20,Obar,0.012795768678188324,0.0,-0.012795768678188324,1
goa,2022-10-24,Obar,0.00037685222923755646,0.0,-0.00037685222923755646,5
goa,2022-10-25,Obar,0.002154315123334527,0.0,-0.002154315123334527,6
goa,2022-12-23,Obar,0.011640630662441254,0.011237374506890774,-0.0004032561555504799,40
goa,2022-12-24,Obar,0.008393676951527596,0.008179684169590473,-0.00021399278193712234,39
goa,2022-12-25,Obar,0.0031697219237685204,0.002884813118726015,-0.00028490880504250526,38
goa,2022-12-26,Obar,0.0020024869590997696,0.0019490189151838422,-5.346804391592741e-05,37
goa,2023-01-08,Obar,0.0006898442516103387,0.0007066518301144242,1.680757850408554e-05,24
goa,2023-01-09,Obar,0.0001531234011054039,0.00016272060747724026,9.597206371836364e-06,23
goa,2023-01-10,Obar,0.00026790384436026216,7.872677815612406e-05,-0.0001891770662041381,22
goa,2023-01-20,Obar,0.0005346380639821291,0.0003814648953266442,-0.00015317316865548491,12
goa,2023-01-24,Obar,0.0015881165163591504,0.0015808541793376207,-7.2623370215296745e-06,8
goa,2023-01-25,Obar,0.002375134499743581,0.002214285312220454,-0.0001608491875231266,7
goa,2023-01-26,Obar,0.001211916678585112,0.0010416442528367043,-0.00017027242574840784,6
goa,2023-01-27,Obar,0.0034888512454926968,0.00345225865021348,-3.6592595279216766e-05,5
goa,2023-01-28,Obar,0.0,0.005644608289003372,0.005644608289003372,4
goa,2023-01-29,Obar,0.0,0.0013924173545092344,0.0013924173545092344,3
goa,2023-01-30,Obar,0.0,0.006100187078118324,0.006100187078118324,2
goa,2023-01-31,Obar,0.0,0.0007710569771006703,0.0007710569771006703,1
goa,2023-02-01,Obar,0.0,0.0007706223987042904,0.0007706223987042904,0
goa,2023-02-02,Obar,0.1219567209482193,0.0,-0.1219567209482193,1
goa,2024-03-23,Obar,0.004500729497522116,0.004464590456336737,-3.613904118537903e-05,8
goa,2024-03-28,Obar,0.0,0.0004706874897237867,0.0004706874897237867,3
goa,2024-04-05,Obar,0.0072729079984128475,0.0,-0.0072729079984128475,5
goa,2024-04-06,Obar,0.0043513053096830845,0.0018299343064427376,-0.002521371003240347,6
goa,2025-06-19,Obar,0.0,0.054851170629262924,0.054851170629262924,3
goa,2025-06-20,Obar,0.0,0.04618512839078903,0.04618512839078903,2
goa,2025-06-25,Obar,0.08235611021518707,0.06270761787891388,-0.019648492336273193,3
goa,2025-06-27,Obar,0.1824132204055786,0.169590026140213,-0.0128231942653656,5
goa,2026-06-03,Obar,0.22583597898483276,0.04312693327665329,-0.18270904570817947,5
goa,2026-06-05,Obar,0.0,0.11397453397512436,0.11397453397512436,3
goa,2026-06-06,Obar,0.0,0.11656138300895691,0.11656138300895691,2
goa,2026-06-07,Obar,0.0,0.01008215919137001,0.01008215919137001,1
goa,2026-06-08,Obar,0.0,0.019968098029494286,0.019968098029494286,0
goa,2026-06-09,Obar,0.24462495744228363,0.0,-0.24462495744228363,1
goa,2026-06-10,Obar,0.16206702589988708,0.11577703058719635,-0.046289995312690735,2
goa,2026-06-11,Obar,0.09797754138708115,0.07718414068222046,-0.020793400704860687,3
goa,2026-06-12,Obar,0.018889708444476128,0.0182783305644989,-0.0006113778799772263,4
goa,2026-06-13,Obar,0.007307223044335842,0.007087451871484518,-0.00021977117285132408,5
goa,2026-06-15,Obar,0.02416798658668995,0.0,-0.02416798658668995,7
nbs,2023-01-30,Obar,0.0,0.07752346247434616,0.07752346247434616,2
nbs,2023-01-31,Obar,0.0,0.009976879693567753,0.009976879693567753,1
nbs,2023-02-02,Obar,0.24935081601142883,0.0,-0.24935081601142883,1
nbs,2025-06-15,Obar,0.19231507182121277,0.19830921292304993,0.005994141101837158,7
nbs,2025-06-18,Obar,0.0,0.041213251650333405,0.041213251650333405,4
nbs,2025-06-19,Obar,0.0,0.07358496636152267,0.07358496636152267,3
nbs,2025-06-20,Obar,0.0,0.10562499612569809,0.10562499612569809,2
nbs,2025-06-21,Obar,0.0,0.0686856359243393,0.0686856359243393,1
nbs,2025-06-22,Obar,0.0,0.19556686282157898,0.19556686282157898,0
nbs,2025-06-23,Obar,0.7214629650115967,0.07320696115493774,-0.6482560038566589,1
nbs,2025-06-24,Obar,0.048020415008068085,0.04564477503299713,-0.0023756399750709534,2
nbs,2026-06-03,Obar,0.07907076925039291,0.06091637536883354,-0.018154393881559372,5
nbs,2026-06-04,Obar,0.0,0.07510870695114136,0.07510870695114136,4
nbs,2026-06-05,Obar,0.0,0.028553275391459465,0.028553275391459465,3
nbs,2026-06-06,Obar,0.0,0.0616147555410862,0.0616147555410862,2
nbs,2026-06-07,Obar,0.0,0.0048744892701506615,0.0048744892701506615,1
nbs,2026-06-08,Obar,0.0,0.006755656097084284,0.006755656097084284,0
nbs,2026-06-09,Obar,0.1102968081831932,0.0108193913474679,-0.09947741683572531,1
nbs,2026-06-12,Obar,0.03885272145271301,0.024213265627622604,-0.014639455825090408,4
nbs,2026-06-13,Obar,0.01865101046860218,0.014914965257048607,-0.0037360452115535736,5
nbs,2026-06-14,Obar,0.05964182689785957,0.006668346934020519,-0.052973479963839054,6
sebs,2021-03-06,Obar,0.0010995658813044429,0.001093349070288241,-6.216811016201973e-06,17
sebs,2021-03-13,Obar,0.04172920063138008,0.041238926351070404,-0.0004902742803096771,10
sebs,2021-03-14,Obar,0.015095669776201248,0.015047146938741207,-4.8522837460041046e-05,9
sebs,2021-03-19,Obar,0.0,0.0062762475572526455,0.0062762475572526455,4
sebs,2021-03-20,Obar,0.0,0.005131712183356285,0.005131712183356285,3
sebs,2021-03-21,Obar,0.0,0.006481780670583248,0.006481780670583248,2
sebs,2021-03-22,Obar,0.0,0.00327640981413424,0.00327640981413424,1
sebs,2021-03-23,Obar,0.0,0.030626295134425163,0.030626295134425163,0
sebs,2021-03-24,Obar,0.426294207572937,0.02034809999167919,-0.4059461075812578,1
sebs,2021-03-25,Obar,0.06468804180622101,0.05654756724834442,-0.008140474557876587,2
sebs,2021-03-26,Obar,0.015767741948366165,0.013627389445900917,-0.002140352502465248,3
sebs,2021-03-27,Obar,0.01482854038476944,0.013978103175759315,-0.0008504372090101242,4
sebs,2021-08-10,Obar,0.05194476991891861,0.04902193695306778,-0.00292283296585083,28
sebs,2021-08-11,Obar,0.07312282919883728,0.07336180657148361,0.0002389773726463318,27
sebs,2021-08-13,Obar,0.050899770110845566,0.05103937163949013,0.00013960152864456177,25
sebs,2021-08-14,Obar,0.004942487459629774,0.005314056295901537,0.00037156883627176285,24
sebs,2021-08-21,Obar,0.008399158716201782,0.008601977489888668,0.00020281877368688583,17
sebs,2021-08-22,Obar,0.0032110840547829866,0.003381171030923724,0.00017008697614073753,16
sebs,2021-08-23,Obar,0.009262285195291042,0.007757197599858046,-0.0015050875954329967,15
sebs,2021-08-25,Obar,0.04020862653851509,0.040082693099975586,-0.000125933438539505,13
sebs,2021-08-26,Obar,0.012354946695268154,0.011721137911081314,-0.0006338087841868401,12
sebs,2021-08-27,Obar,0.003928133752197027,0.001572448993101716,-0.002355684759095311,11
sebs,2021-08-28,Obar,0.005877748131752014,0.005457188468426466,-0.00042055966332554817,10
sebs,2021-08-30,Obar,0.0027181380428373814,0.0026423612143844366,-7.577682845294476e-05,8
sebs,2021-09-01,Obar,0.003230589907616377,0.003354511456564069,0.00012392154894769192,6
sebs,2021-09-02,Obar,0.005537833087146282,0.005216801073402166,-0.00032103201374411583,5
sebs,2021-09-03,Obar,0.0,0.021976148709654808,0.021976148709654808,4
sebs,2021-09-04,Obar,0.0,0.033697180449962616,0.033697180449962616,3
sebs,2021-09-05,Obar,0.0,0.00789524894207716,0.00789524894207716,2
sebs,2021-09-06,Obar,0.0,0.004637739155441523,0.004637739155441523,1
sebs,2021-09-07,Obar,0.0,0.0059835035353899,0.0059835035353899,0
sebs,2021-09-08,Obar,0.27640581130981445,0.00812985934317112,-0.26827595196664333,1
sebs,2021-09-09,Obar,0.002107972512021661,0.001915683620609343,-0.00019228889141231775,2
sebs,2021-09-10,Obar,0.0057869586162269115,0.005292016081511974,-0.0004949425347149372,3
sebs,2021-09-11,Obar,0.0033494906965643167,0.003119210945442319,-0.00023027975112199783,4
sebs,2022-10-17,Obar,0.0,0.09050709009170532,0.09050709009170532,2
sebs,2022-10-18,Obar,0.0,0.03740648925304413,0.03740648925304413,1
sebs,2022-10-19,Obar,0.0,0.0046746511943638325,0.0046746511943638325,0
sebs,2022-10-20,Obar,1.3980625867843628,0.0,-1.3980625867843628,1
sebs,2022-12-15,Obar,0.008478005416691303,0.008706336840987206,0.00022833142429590225,48
sebs,2022-12-16,Obar,0.0021838040556758642,0.0023992573842406273,0.00021545332856476307,47
sebs,2022-12-18,Obar,0.02605048380792141,0.02632885053753853,0.00027836672961711884,45
sebs,2023-01-06,Obar,0.03207659721374512,0.03145921230316162,-0.0006173849105834961,26
sebs,2023-01-07,Obar,0.02291175350546837,0.02309085801243782,0.0001791045069694519,25
sebs,2023-01-08,Obar,0.036188770085573196,0.03621979057788849,3.102049231529236e-05,24
sebs,2023-01-09,Obar,0.007871324196457863,0.007683180272579193,-0.00018814392387866974,23
sebs,2023-01-10,Obar,0.008666324429214,0.008554959669709206,-0.00011136475950479507,22
sebs,2023-01-11,Obar,0.006797810550779104,0.006703270133584738,-9.454041719436646e-05,21
sebs,2023-01-12,Obar,0.003733646823093295,0.0035649947822093964,-0.00016865204088389874,20
sebs,2023-01-13,Obar,0.006349106319248676,0.006319982465356588,-2.9123853892087936e-05,19
sebs,2023-01-20,Obar,0.0015958818839862943,0.0008094257791526616,-0.0007864561048336327,12
sebs,2023-01-21,Obar,0.0014675670536234975,0.00025862816255539656,-0.001208938891068101,11
sebs,2023-01-22,Obar,0.006223616190254688,0.0022821486927568913,-0.003941467497497797,10
sebs,2023-01-23,Obar,0.022626418620347977,0.014052209444344044,-0.008574209176003933,9
sebs,2023-01-24,Obar,0.013720161281526089,0.012159232050180435,-0.0015609292313456535,8
sebs,2023-01-26,Obar,0.004784041084349155,0.004658692050725222,-0.0001253490336239338,6
sebs,2023-01-27,Obar,0.02625860832631588,0.022249968722462654,-0.004008639603853226,5
sebs,2023-01-28,Obar,0.0,0.015779320150613785,0.015779320150613785,4
sebs,2023-01-29,Obar,0.0,0.021969564259052277,0.021969564259052277,3
sebs,2023-01-30,Obar,0.0,0.0108726117759943,0.0108726117759943,2
sebs,2023-01-31,Obar,0.0,0.0056913625448942184,0.0056913625448942184,1
sebs,2023-02-01,Obar,0.0,0.0030147205106914043,0.0030147205106914043,0
sebs,2023-02-02,Obar,0.20425744354724884,0.007545428350567818,-0.19671201519668102,1
sebs,2023-02-03,Obar,0.004804692231118679,0.004734741989523172,-6.995024159550667e-05,2
sebs,2023-02-04,Obar,0.0006252679158933461,0.0006162039935588837,-9.063922334462404e-06,3
sebs,2023-02-05,Obar,0.001095292274840176,0.0006114911520853639,-0.00048380112275481224,4
sebs,2025-06-18,Obar,0.0,0.052452899515628815,0.052452899515628815,4
sebs,2026-06-04,Obar,0.0,0.11397558450698853,0.11397558450698853,4
sebs,2026-06-05,Obar,0.0,0.03594553843140602,0.03594553843140602,3
sebs,2026-06-06,Obar,0.0,0.00985538586974144,0.00985538586974144,2
sebs,2026-06-08,Obar,0.0,0.025494465604424477,0.025494465604424477,0
sebs,2026-06-09,Obar,0.3815833330154419,0.0,-0.3815833330154419,1
wgoa,2021-03-13,Obar,0.0015709359431639314,0.0023106031585484743,0.0007396672153845429,10
wgoa,2021-03-19,Obar,0.0,0.08481141924858093,0.08481141924858093,4
wgoa,2021-03-20,Obar,0.0,0.06567005813121796,0.06567005813121796,3
wgoa,2021-03-21,Obar,0.0,0.04387037083506584,0.04387037083506584,2
wgoa,2021-03-22,Obar,0.0,0.039025772362947464,0.039025772362947464,1
wgoa,2021-03-23,Obar,0.0,0.0753941610455513,0.0753941610455513,0
wgoa,2021-03-24,Obar,1.150483250617981,0.0,-1.150483250617981,1
wgoa,2021-09-04,Obar,0.0,0.01915900968015194,0.01915900968015194,3
wgoa,2022-12-23,Obar,0.011640630662441254,0.011237374506890774,-0.0004032561555504799,40
wgoa,2022-12-24,Obar,0.008393676951527596,0.008179684169590473,-0.00021399278193712234,39
wgoa,2022-12-25,Obar,0.0031697219237685204,0.002884813118726015,-0.00028490880504250526,38
wgoa,2022-12-26,Obar,0.0020024869590997696,0.0019490189151838422,-5.346804391592741e-05,37
wgoa,2023-01-08,Obar,0.0006898442516103387,0.0007066518301144242,1.680757850408554e-05,24
wgoa,2023-01-09,Obar,0.0001531234011054039,0.00016272060747724026,9.597206371836364e-06,23
wgoa,2023-01-10,Obar,0.00026790384436026216,7.872677815612406e-05,-0.0001891770662041381,22
wgoa,2023-01-20,Obar,0.0005346380639821291,0.0003814648953266442,-0.00015317316865548491,12
wgoa,2023-01-24,Obar,0.0015881165163591504,0.0015808541793376207,-7.2623370215296745e-06,8
wgoa,2023-01-25,Obar,0.002375134499743581,0.002214285312220454,-0.0001608491875231266,7
wgoa,2023-01-26,Obar,0.001211916678585112,0.0010416442528367043,-0.00017027242574840784,6
wgoa,2023-01-27,Obar,0.0034888512454926968,0.00345225865021348,-3.6592595279216766e-05,5
wgoa,2023-01-28,Obar,0.0,0.005644608289003372,0.005644608289003372,4
wgoa,2023-01-29,Obar,0.0,0.0013924173545092344,0.0013924173545092344,3
wgoa,2023-01-30,Obar,0.0,0.006100187078118324,0.006100187078118324,2
wgoa,2023-01-31,Obar,0.0,0.0007710569771006703,0.0007710569771006703,1
wgoa,2023-02-01,Obar,0.0,0.0007706223987042904,0.0007706223987042904,0
wgoa,2023-02-02,Obar,0.1219567209482193,0.0,-0.1219567209482193,1
wgoa,2025-06-20,Obar,0.0,0.07201321423053741,0.07201321423053741,2
wgoa,2025-06-27,Obar,0.23591004312038422,0.21932613849639893,-0.01658390462398529,5
wgoa,2026-06-05,Obar,0.0,0.36954841017723083,0.36954841017723083,3
wgoa,2026-06-06,Obar,0.0,0.1830061376094818,0.1830061376094818,2
wgoa,2026-06-07,Obar,0.0,0.008512802422046661,0.008512802422046661,1
wgoa,2026-06-09,Obar,0.14396202564239502,0.0,-0.14396202564239502,1
wgoa,2026-06-10,Obar,0.13555793464183807,0.06836146116256714,-0.06719647347927094,2
wgoa,2026-06-11,Obar,0.02152111753821373,0.01738809607923031,-0.004133021458983421,3
wgoa,2026-06-13,Obar,0.035925883799791336,0.031173402443528175,-0.004752481356263161,5
wgoa,2026-06-15,Obar,0.12122669070959091,0.0,-0.12122669070959091,7
ai,2021-03-18,area_frac,0.022537248209118843,0.02324286662042141,0.0007056184113025665,5
ai,2021-03-19,area_frac,0.02217690646648407,0.02324286662042141,0.0010659601539373398,4
ai,2021-03-20,area_frac,0.015142037533223629,0.017938528209924698,0.002796490676701069,3
ai,2021-03-21,area_frac,0.014095455408096313,0.019312940537929535,0.0052174851298332214,2
ai,2021-03-22,area_frac,0.012692799791693687,0.018630968406796455,0.005938168615102768,1
ai,2021-03-23,area_frac,0.011279345490038395,0.020428337156772614,0.009148991666734219,0
ai,2021-03-24,area_frac,0.025099817663431168,0.028642980381846428,0.0035431627184152603,1
ai,2021-03-25,area_frac,0.025099817663431168,0.028284775093197823,0.003184957429766655,2
ai,2021-03-26,area_frac,0.025445053353905678,0.028284775093197823,0.0028397217392921448,3
ai,2021-03-27,area_frac,0.025445053353905678,0.02792871557176113,0.0024836622178554535,4
ai,2021-09-01,area_frac,0.7213942408561707,0.7229188680648804,0.0015246272087097168,6
ai,2021-09-02,area_frac,0.7665021419525146,0.7691457271575928,0.002643585205078125,5
ai,2021-09-03,area_frac,0.7641900181770325,0.830966055393219,0.06677603721618652,4
ai,2021-09-04,area_frac,0.7641900181770325,0.8796080946922302,0.11541807651519775,3
ai,2021-09-05,area_frac,0.7641900181770325,0.8908087611198425,0.12661874294281006,2
ai,2021-09-06,area_frac,0.7637984156608582,0.8922080397605896,0.12840962409973145,1
ai,2021-09-07,area_frac,0.6552855968475342,0.8984203934669495,0.24313479661941528,0
ai,2021-09-08,area_frac,0.7476062178611755,0.9028373956680298,0.15523117780685425,1
ai,2021-09-09,area_frac,0.7476062178611755,0.8957312107086182,0.14812499284744263,2
ai,2021-09-10,area_frac,0.7480117678642273,0.8499857783317566,0.1019740104675293,3
ai,2021-09-11,area_frac,0.7483826875686646,0.8128384351730347,0.06445574760437012,4
ai,2021-09-12,area_frac,0.748755693435669,0.7495017647743225,0.0007460713386535645,5
ai,2022-10-15,area_frac,0.08475378155708313,0.08587907254695892,0.0011252909898757935,4
ai,2022-10-16,area_frac,0.06494074314832687,0.06606603413820267,0.0011252909898757935,3
ai,2022-10-17,area_frac,0.05188706889748573,0.053012363612651825,0.001125294715166092,2
ai,2022-10-18,area_frac,0.04875674843788147,0.04988203942775726,0.0011252909898757935,1
ai,2022-10-19,area_frac,0.048361144959926605,0.04988203942775726,0.001520894467830658,0
ai,2022-10-20,area_frac,0.05457232892513275,0.054967932403087616,0.0003956034779548645,1
ai,2022-10-21,area_frac,0.06240308657288551,0.06279869377613068,0.00039560720324516296,2
ai,2022-10-22,area_frac,0.07766086608171463,0.0780564695596695,0.0003956034779548645,3
ai,2022-10-23,area_frac,0.09211260825395584,0.0925082117319107,0.0003956034779548645,4
ai,2023-01-26,area_frac,0.7475355863571167,0.749283492565155,0.00174790620803833,6
ai,2023-01-27,area_frac,0.7450098395347595,0.7509223222732544,0.005912482738494873,5
ai,2023-01-28,area_frac,0.7398033142089844,0.779853343963623,0.04005002975463867,4
ai,2023-01-29,area_frac,0.727535605430603,0.8222895264625549,0.0947539210319519,3
ai,2023-01-30,area_frac,0.7252912521362305,0.8529559969902039,0.1276647448539734,2
ai,2023-01-31,area_frac,0.7248916625976562,0.86216139793396,0.1372697353363037,1
ai,2023-02-01,area_frac,0.685063898563385,0.8648061156272888,0.1797422170639038,0
ai,2023-02-02,area_frac,0.7919476628303528,0.8591070771217346,0.06715941429138184,1
ai,2023-02-03,area_frac,0.7919476628303528,0.8391545414924622,0.047206878662109375,2
ai,2023-02-04,area_frac,0.7935001254081726,0.8303999900817871,0.0368998646736145,3
ai,2023-02-05,area_frac,0.7935001254081726,0.8179147243499756,0.02441459894180298,4
ai,2024-03-28,area_frac,0.00039961488801054657,0.0012107579968869686,0.000811143108876422,3
ai,2024-03-29,area_frac,0.00039961488801054657,0.001608372083865106,0.0012087571958545595,2
ai,2024-03-30,area_frac,0.00039961488801054657,0.002817129250615835,0.0024175143626052886,1
ai,2024-03-31,area_frac,0.00039961488801054657,0.004425501450896263,0.0040258865628857166,0
ai,2024-04-01,area_frac,0.006039898842573166,0.006843084469437599,0.0008031856268644333,1
ai,2024-04-02,area_frac,0.006039898842573166,0.006843084469437599,0.0008031856268644333,2
ai,2024-04-03,area_frac,0.006039898842573166,0.006843084469437599,0.0008031856268644333,3
ai,2024-04-04,area_frac,0.006039898842573166,0.006843084469437599,0.0008031856268644333,4
ai,2025-06-18,area_frac,0.0019719807896763086,0.0030973225366324186,0.00112534174695611,4
ai,2025-06-19,area_frac,0.0019719807896763086,0.0030973225366324186,0.00112534174695611,3
ai,2025-06-20,area_frac,0.0015783909475430846,0.0027037328109145164,0.0011253418633714318,2
ai,2025-06-21,area_frac,0.0,0.00112534174695611,0.00112534174695611,1
ai,2025-06-22,area_frac,0.0,0.00112534174695611,0.00112534174695611,0
ai,2025-06-23,area_frac,0.0,0.00037511391565203667,0.00037511391565203667,1
ai,2026-06-05,area_frac,0.0,0.004420172423124313,0.004420172423124313,3
ai,2026-06-06,area_frac,0.0,0.004420172423124313,0.004420172423124313,2
ai,2026-06-07,area_frac,0.0,0.00548938661813736,0.00548938661813736,1
ai,2026-06-08,area_frac,0.0,0.00548938661813736,0.00548938661813736,0
ai,2026-06-09,area_frac,0.0,0.00548938661813736,0.00548938661813736,1
ai,2026-06-10,area_frac,0.0,0.00548938661813736,0.00548938661813736,2
ai,2026-06-11,area_frac,0.0,0.005148528143763542,0.005148528143763542,3
ai_central,2021-03-18,area_frac,0.041559092700481415,0.04286026582121849,0.0013011731207370758,5
ai_central,2021-03-19,area_frac,0.04089461639523506,0.04286026582121849,0.001965649425983429,4
ai_central,2021-03-20,area_frac,0.027922190725803375,0.03307897225022316,0.0051567815244197845,3
ai_central,2021-03-21,area_frac,0.025992274284362793,0.03561341017484665,0.009621135890483856,2
ai_central,2021-03-22,area_frac,0.02340575121343136,0.03435584157705307,0.010950090363621712,1
ai_central,2021-03-23,area_frac,0.020799316465854645,0.03767022117972374,0.016870904713869095,0
ai_central,2021-03-24,area_frac,0.046284519135951996,0.0528181716799736,0.0065336525440216064,1
ai_central,2021-03-25,area_frac,0.046284519135951996,0.05215763673186302,0.005873117595911026,2
ai_central,2021-03-26,area_frac,0.04692113772034645,0.05215763673186302,0.005236499011516571,3
ai_central,2021-03-27,area_frac,0.04692113772034645,0.05150105804204941,0.004579920321702957,4
ai_central,2021-09-01,area_frac,0.7699124217033386,0.7713714241981506,0.0014590024948120117,6
ai_central,2021-09-02,area_frac,0.8124616742134094,0.8153001070022583,0.002838432788848877,5
ai_central,2021-09-03,area_frac,0.8109952807426453,0.9056631326675415,0.09466785192489624,4
ai_central,2021-09-04,area_frac,0.8109952807426453,0.9694859981536865,0.15849071741104126,3
ai_central,2021-09-05,area_frac,0.8109952807426453,0.9774507284164429,0.1664554476737976,2
ai_central,2021-09-06,area_frac,0.8109952807426453,0.9774507284164429,0.1664554476737976,1
ai_central,2021-09-07,area_frac,0.7070623636245728,0.9788417816162109,0.2717794179916382,0
ai_central,2021-09-08,area_frac,0.8196195363998413,0.9781985282897949,0.1585789918899536,1
ai_central,2021-09-09,area_frac,0.8196195363998413,0.9650945663452148,0.14547502994537354,2
ai_central,2021-09-10,area_frac,0.8203673958778381,0.9263285398483276,0.1059611439704895,3
ai_central,2021-09-11,area_frac,0.8203673958778381,0.896405041217804,0.07603764533996582,4
ai_central,2021-09-12,area_frac,0.8210552334785461,0.8224309682846069,0.001375734806060791,5
ai_central,2023-01-26,area_frac,0.7726385593414307,0.7758617401123047,0.0032231807708740234,6
ai_central,2023-01-27,area_frac,0.7755029201507568,0.7806480526924133,0.005145132541656494,5
ai_central,2023-01-28,area_frac,0.7755029201507568,0.8156539797782898,0.04015105962753296,4
ai_central,2023-01-29,area_frac,0.7747808694839478,0.8853920102119446,0.11061114072799683,3
ai_central,2023-01-30,area_frac,0.7747808694839478,0.9267856478691101,0.15200477838516235,2
ai_central,2023-01-31,area_frac,0.7747808694839478,0.9344443678855896,0.15966349840164185,1
ai_central,2023-02-01,area_frac,0.7605739831924438,0.9386253356933594,0.17805135250091553,0
ai_central,2023-02-02,area_frac,0.8793932795524597,0.9386253356933594,0.05923205614089966,1
ai_central,2023-02-03,area_frac,0.8793932795524597,0.9299551248550415,0.05056184530258179,2
ai_central,2023-02-04,area_frac,0.8808854222297668,0.9194080233573914,0.03852260112762451,3
ai_central,2023-02-05,area_frac,0.8808854222297668,0.9039261341094971,0.023040711879730225,4
ai_central,2024-03-28,area_frac,0.0,0.0014957624953240156,0.0014957624953240156,3
ai_central,2024-03-29,area_frac,0.0,0.0022289701737463474,0.0022289701737463474,2
ai_central,2024-03-30,area_frac,0.0,0.003724732669070363,0.003724732669070363,1
ai_central,2024-03-31,area_frac,0.0,0.0066905999556183815,0.0066905999556183815,0
ai_central,2024-04-01,area_frac,0.009660213254392147,0.01040809415280819,0.0007478808984160423,1
ai_central,2024-04-02,area_frac,0.009660213254392147,0.01040809415280819,0.0007478808984160423,2
ai_central,2024-04-03,area_frac,0.009660213254392147,0.01040809415280819,0.0007478808984160423,3
ai_central,2024-04-04,area_frac,0.009660213254392147,0.01040809415280819,0.0007478808984160423,4
ai_central,2026-06-07,area_frac,0.0,0.0007145517738536,0.0007145517738536,1
ai_central,2026-06-08,area_frac,0.0,0.0007145517738536,0.0007145517738536,0
ai_central,2026-06-09,area_frac,0.0,0.0007145517738536,0.0007145517738536,1
ai_central,2026-06-10,area_frac,0.0,0.0007145517738536,0.0007145517738536,2
ai_central,2026-06-11,area_frac,0.0,0.0007145517738536,0.0007145517738536,3
ai_east,2021-09-03,area_frac,0.24886666238307953,0.3078918159008026,0.059025153517723083,4
ai_east,2021-09-04,area_frac,0.24886666238307953,0.38268935680389404,0.13382269442081451,3
ai_east,2021-09-05,area_frac,0.24886666238307953,0.42150700092315674,0.1726403385400772,2
ai_east,2021-09-06,area_frac,0.24653053283691406,0.42985549569129944,0.18332496285438538,1
ai_east,2021-09-07,area_frac,0.18226978182792664,0.4691199064254761,0.28685012459754944,0
ai_east,2021-09-08,area_frac,0.3425317704677582,0.5154570937156677,0.17292532324790955,1
ai_east,2021-09-09,area_frac,0.3425317704677582,0.5154570937156677,0.17292532324790955,2
ai_east,2021-09-10,area_frac,0.3425317704677582,0.4870150685310364,0.1444832980632782,3
ai_east,2021-09-11,area_frac,0.3425317704677582,0.4585568904876709,0.11602512001991272,4
ai_east,2023-01-28,area_frac,0.516402006149292,0.5975680351257324,0.08116602897644043,4
ai_east,2023-01-29,area_frac,0.516402006149292,0.6850327849388123,0.16863077878952026,3
ai_east,2023-01-30,area_frac,0.516402006149292,0.7430450916290283,0.22664308547973633,2
ai_east,2023-01-31,area_frac,0.516402006149292,0.7602937817573547,0.24389177560806274,1
ai_east,2023-02-01,area_frac,0.516402006149292,0.7646440863609314,0.2482420802116394,0
ai_east,2023-02-02,area_frac,0.7233678698539734,0.7646440863609314,0.04127621650695801,1
ai_east,2023-02-03,area_frac,0.7233678698539734,0.7624061107635498,0.039038240909576416,2
ai_east,2023-02-04,area_frac,0.7233678698539734,0.7601931095123291,0.03682523965835571,3
ai_east,2023-02-05,area_frac,0.7233678698539734,0.74716717004776,0.02379930019378662,4
ai_west,2021-09-01,area_frac,0.9407362341880798,0.9432644844055176,0.002528250217437744,6
ai_west,2021-09-02,area_frac,0.9783212542533875,0.9821281433105469,0.003806889057159424,5
ai_west,2021-09-03,area_frac,0.9744420051574707,0.9935562014579773,0.019114196300506592,4
ai_west,2021-09-04,area_frac,0.9744420051574707,0.9987069368362427,0.024264931678771973,3
ai_west,2021-09-05,area_frac,0.9744420051574707,1.0,0.025557994842529297,2
ai_west,2021-09-06,area_frac,0.9744420051574707,1.0,0.025557994842529297,1
ai_west,2021-09-07,area_frac,0.8317990303039551,0.9961279630661011,0.164328932762146,0
ai_west,2021-09-08,area_frac,0.8470340371131897,0.9857833981513977,0.138749361038208,1
ai_west,2021-09-09,area_frac,0.8470340371131897,0.9857833981513977,0.138749361038208,2
ai_west,2021-09-10,area_frac,0.8470340371131897,0.9169930815696716,0.06995904445648193,3
ai_west,2021-09-11,area_frac,0.8483126759529114,0.8613211512565613,0.013008475303649902,4
ai_west,2022-10-15,area_frac,0.0027343635447323322,0.006613435223698616,0.003879071678966284,4
ai_west,2022-10-16,area_frac,0.0027343635447323322,0.006613435223698616,0.003879071678966284,3
ai_west,2022-10-17,area_frac,0.0027343635447323322,0.006613435223698616,0.003879071678966284,2
ai_west,2022-10-18,area_frac,0.0027343635447323322,0.006613435223698616,0.003879071678966284,1
ai_west,2022-10-19,area_frac,0.00137064338196069,0.006613435223698616,0.005242791841737926,0
ai_west,2022-10-20,area_frac,0.006300280336290598,0.007664000615477562,0.001363720279186964,1
ai_west,2022-10-21,area_frac,0.00749036343768239,0.008854083716869354,0.001363720279186964,2
ai_west,2022-10-22,area_frac,0.010064858011901379,0.01142857875674963,0.0013637207448482513,3
ai_west,2022-10-23,area_frac,0.025813207030296326,0.027176927775144577,0.0013637207448482513,4
ai_west,2023-01-27,area_frac,0.8200939893722534,0.8308572173118591,0.010763227939605713,5
ai_west,2023-01-28,area_frac,0.802146315574646,0.8182510733604431,0.01610475778579712,4
ai_west,2023-01-29,area_frac,0.7612072825431824,0.7836326360702515,0.022425353527069092,3
ai_west,2023-01-30,area_frac,0.7534705996513367,0.778445839881897,0.024975240230560303,2
ai_west,2023-01-31,area_frac,0.7520930767059326,0.7858951687812805,0.0338020920753479,1
ai_west,2023-02-01,area_frac,0.6413580179214478,0.7846826314926147,0.143324613571167,0
ai_west,2023-02-02,area_frac,0.6681032180786133,0.7650371789932251,0.09693396091461182,1
ai_west,2023-02-03,area_frac,0.6681032180786133,0.7137582302093506,0.045655012130737305,2
ai_west,2023-02-04,area_frac,0.6706655621528625,0.7045749425888062,0.033909380435943604,3
ai_west,2023-02-05,area_frac,0.6706655621528625,0.6980039477348328,0.027338385581970215,4
ai_west,2024-03-30,area_frac,0.0013775405241176486,0.0027481839060783386,0.00137064338196069,1
ai_west,2024-03-31,area_frac,0.0013775405241176486,0.0027481839060783386,0.00137064338196069,0
ai_west,2024-04-01,area_frac,0.0027619521133601665,0.004132595378905535,0.0013706432655453682,1
ai_west,2024-04-02,area_frac,0.0027619521133601665,0.004132595378905535,0.0013706432655453682,2
ai_west,2024-04-03,area_frac,0.0027619521133601665,0.004132595378905535,0.0013706432655453682,3
ai_west,2024-04-04,area_frac,0.0027619521133601665,0.004132595378905535,0.0013706432655453682,4
ai_west,2025-06-18,area_frac,0.006797752808779478,0.01067699771374464,0.0038792449049651623,4
ai_west,2025-06-19,area_frac,0.006797752808779478,0.01067699771374464,0.0038792449049651623,3
ai_west,2025-06-20,area_frac,0.005440982058644295,0.00932022649794817,0.003879244439303875,2
ai_west,2025-06-21,area_frac,0.0,0.003879244439303875,0.003879244439303875,1
ai_west,2025-06-22,area_frac,0.0,0.003879244439303875,0.003879244439303875,0
ai_west,2025-06-23,area_frac,0.0,0.001293081440962851,0.001293081440962851,1
ai_west,2026-06-05,area_frac,0.0,0.015237085521221161,0.015237085521221161,3
ai_west,2026-06-06,area_frac,0.0,0.015237085521221161,0.015237085521221161,2
ai_west,2026-06-07,area_frac,0.0,0.017587080597877502,0.017587080597877502,1
ai_west,2026-06-08,area_frac,0.0,0.017587080597877502,0.017587080597877502,0
ai_west,2026-06-09,area_frac,0.0,0.017587080597877502,0.017587080597877502,1
ai_west,2026-06-10,area_frac,0.0,0.017587080597877502,0.017587080597877502,2
ai_west,2026-06-11,area_frac,0.0,0.01641208305954933,0.01641208305954933,3
beaufort,2022-10-15,area_frac,0.03437136113643646,0.03550960123538971,0.001138240098953247,4
beaufort,2022-10-16,area_frac,0.03437136113643646,0.03550960123538971,0.001138240098953247,3
beaufort,2022-10-17,area_frac,0.03437136113643646,0.03550960123538971,0.001138240098953247,2
beaufort,2022-10-18,area_frac,0.029788510873913765,0.03092675283551216,0.0011382419615983963,1
beaufort,2022-10-19,area_frac,0.009165695868432522,0.03092675283551216,0.02176105696707964,0
beaufort,2022-10-20,area_frac,0.010303937830030918,0.03092675283551216,0.020622815005481243,1
beaufort,2022-10-21,area_frac,0.010303937830030918,0.025220604613423347,0.01491666678339243,2
beaufort,2022-10-22,area_frac,0.010303937830030918,0.013763484545052052,0.0034595467150211334,3
beaufort,2022-10-23,area_frac,0.011427216231822968,0.01258039940148592,0.0011531831696629524,4
chukchi,2022-10-14,area_frac,0.05571899935603142,0.05683524161577225,0.0011162422597408295,5
chukchi,2022-10-15,area_frac,0.047172874212265015,0.04926536604762077,0.0020924918353557587,4
chukchi,2022-10-16,area_frac,0.0463034026324749,0.050605274736881256,0.004301872104406357,3
chukchi,2022-10-17,area_frac,0.04226945713162422,0.04657132923603058,0.004301872104406357,2
chukchi,2022-10-18,area_frac,0.03809750825166702,0.04349249601364136,0.005394987761974335,1
chukchi,2022-10-19,area_frac,0.001081517431885004,0.03446222469210625,0.03338070726022124,0
chukchi,2022-10-20,area_frac,0.001081517431885004,0.026986299082636833,0.02590478165075183,1
chukchi,2022-10-21,area_frac,0.008605671115219593,0.023791365325450897,0.015185694210231304,2
chukchi,2022-10-22,area_frac,0.010757088661193848,0.015094755217432976,0.004337666556239128,3
chukchi,2022-10-23,area_frac,0.018199840560555458,0.022537507116794586,0.004337666556239128,4
chukchi,2025-06-18,area_frac,0.001987798372283578,0.00693966168910265,0.004951863316819072,4
chukchi,2025-06-19,area_frac,0.001987798372283578,0.010950447991490364,0.008962649619206786,3
chukchi,2025-06-20,area_frac,0.001987798372283578,0.0219595767557621,0.019971778383478522,2
chukchi,2025-06-21,area_frac,0.001987798372283578,0.036626800894737244,0.034639002522453666,1
chukchi,2025-06-22,area_frac,0.0,0.048298340290784836,0.048298340290784836,0
chukchi,2025-06-23,area_frac,0.03776365891098976,0.06158529594540596,0.0238216370344162,1
chukchi,2025-06-24,area_frac,0.03987889736890793,0.06166578829288483,0.021786890923976898,2
chukchi,2025-06-25,area_frac,0.04218043386936188,0.06192087009549141,0.019740436226129532,3
chukchi,2025-06-26,area_frac,0.04331972450017929,0.05907280743122101,0.015753082931041718,4
ebs,2021-03-19,area_frac,0.023152664303779602,0.027944546192884445,0.004791881889104843,4
ebs,2021-03-20,area_frac,0.00948281679302454,0.015717288479208946,0.006234471686184406,3
ebs,2021-03-21,area_frac,0.009012443944811821,0.01816360279917717,0.009151158854365349,2
ebs,2021-03-22,area_frac,0.009012443944811821,0.018627606332302094,0.009615162387490273,1
ebs,2021-03-23,area_frac,0.003762601874768734,0.022380828857421875,0.01861822698265314,0
ebs,2021-03-24,area_frac,0.01605098694562912,0.020328344777226448,0.004277357831597328,1
ebs,2021-03-25,area_frac,0.019800744950771332,0.022651221603155136,0.0028504766523838043,2
ebs,2021-03-26,area_frac,0.022654205560684204,0.025015417486429214,0.0023612119257450104,3
ebs,2021-03-27,area_frac,0.02308911830186844,0.024493876844644547,0.0014047585427761078,4
ebs,2021-09-01,area_frac,0.1177237331867218,0.11818133294582367,0.0004575997591018677,6
ebs,2021-09-02,area_frac,0.12176995724439621,0.12789584696292877,0.006125889718532562,5
ebs,2021-09-03,area_frac,0.12176995724439621,0.16280512511730194,0.04103516787290573,4
ebs,2021-09-04,area_frac,0.11381742358207703,0.21563327312469482,0.1018158495426178,3
ebs,2021-09-05,area_frac,0.11184480786323547,0.23783642053604126,0.1259916126728058,2
ebs,2021-09-06,area_frac,0.11184480786323547,0.2507413923740387,0.13889658451080322,1
ebs,2021-09-07,area_frac,0.09772169589996338,0.26492422819137573,0.16720253229141235,0
ebs,2021-09-08,area_frac,0.2625958323478699,0.2898766100406647,0.0272807776927948,1
ebs,2021-09-09,area_frac,0.2717853784561157,0.29906612634658813,0.027280747890472412,2
ebs,2021-09-10,area_frac,0.29469916224479675,0.32197993993759155,0.0272807776927948,3
ebs,2021-09-11,area_frac,0.3118695616722107,0.3345765173435211,0.022706955671310425,4
ebs,2022-10-17,area_frac,0.0,0.0018941747257485986,0.0018941747257485986,2
ebs,2022-10-18,area_frac,0.0,0.005202620290219784,0.005202620290219784,1
ebs,2022-10-19,area_frac,0.0,0.006152869667857885,0.006152869667857885,0
ebs,2022-10-20,area_frac,0.0037788362242281437,0.006152869667857885,0.0023740334436297417,1
ebs,2022-10-21,area_frac,0.0037788362242281437,0.006152869667857885,0.0023740334436297417,2
ebs,2022-10-22,area_frac,0.0037788362242281437,0.006152869667857885,0.0023740334436297417,3
ebs,2022-10-23,area_frac,0.0037788362242281437,0.0052057914435863495,0.0014269552193582058,4
ebs,2023-01-26,area_frac,0.16330352425575256,0.16769744455814362,0.004393920302391052,6
ebs,2023-01-27,area_frac,0.18596293032169342,0.20534206926822662,0.019379138946533203,5
ebs,2023-01-28,area_frac,0.1794290989637375,0.2464623600244522,0.06703326106071472,4
ebs,2023-01-29,area_frac,0.1720147430896759,0.3209771513938904,0.14896240830421448,3
ebs,2023-01-30,area_frac,0.1696724146604538,0.3591778576374054,0.1895054429769516,2
ebs,2023-01-31,area_frac,0.1696724146604538,0.37165015935897827,0.20197774469852448,1
ebs,2023-02-01,area_frac,0.16686290502548218,0.37954431772232056,0.21268141269683838,0
ebs,2023-02-02,area_frac,0.39673566818237305,0.4027448296546936,0.006009161472320557,1
ebs,2023-02-03,area_frac,0.4101952910423279,0.41620445251464844,0.006009161472320557,2
ebs,2023-02-04,area_frac,0.4128437042236328,0.41885286569595337,0.006009161472320557,3
ebs,2023-02-05,area_frac,0.4164559841156006,0.4211215078830719,0.0046655237674713135,4
ebs,2025-06-18,area_frac,0.006485058460384607,0.007726514711976051,0.001241456251591444,4
ebs,2025-06-19,area_frac,0.006485058460384607,0.011274825781583786,0.004789767321199179,3
ebs,2025-06-20,area_frac,0.006485058460384607,0.01629599742591381,0.009810938965529203,2
ebs,2025-06-21,area_frac,0.006485058460384607,0.025047527626156807,0.0185624691657722,1
ebs,2025-06-22,area_frac,0.006485058460384607,0.051272328943014145,0.04478727048262954,0
ebs,2025-06-23,area_frac,0.05883009731769562,0.062179096043109894,0.003348998725414276,1
ebs,2025-06-24,area_frac,0.06521636247634888,0.06856536120176315,0.003348998725414276,2
ebs,2025-06-25,area_frac,0.06521636247634888,0.06819059699773788,0.0029742345213890076,3
ebs,2025-06-26,area_frac,0.06521636247634888,0.06707654148340225,0.0018601790070533752,4
ebs,2026-06-04,area_frac,0.012395977042615414,0.019413264468312263,0.00701728742569685,4
ebs,2026-06-05,area_frac,0.010474595241248608,0.020366651937365532,0.009892056696116924,3
ebs,2026-06-06,area_frac,0.01008287351578474,0.02568954974412918,0.01560667622834444,2
ebs,2026-06-07,area_frac,0.009687782265245914,0.025686180219054222,0.015998397953808308,1
ebs,2026-06-08,area_frac,0.006922385189682245,0.026558836922049522,0.019636451732367277,0
ebs,2026-06-09,area_frac,0.017318375408649445,0.027342375367879868,0.010023999959230423,1
ebs,2026-06-10,area_frac,0.017318375408649445,0.025816092267632484,0.00849771685898304,2
ebs,2026-06-11,area_frac,0.017759812995791435,0.025845708325505257,0.008085895329713821,3
ebs,2026-06-12,area_frac,0.021683551371097565,0.025302840396761894,0.0036192890256643295,4
ebs,2026-06-13,area_frac,0.024724313989281654,0.02794179692864418,0.003217482939362526,5
egoa,2021-03-19,area_frac,0.0030592400580644608,0.004083785694092512,0.0010245456360280514,4
egoa,2021-03-20,area_frac,0.0030592400580644608,0.004083785694092512,0.0010245456360280514,3
egoa,2021-03-21,area_frac,0.0030592400580644608,0.004083785694092512,0.0010245456360280514,2
egoa,2021-03-22,area_frac,0.0030592400580644608,0.004083785694092512,0.0010245456360280514,1
egoa,2021-03-23,area_frac,0.0,0.005108331795781851,0.005108331795781851,0
egoa,2021-03-24,area_frac,0.001024545868858695,0.0040909843519330025,0.0030664384830743074,1
egoa,2021-03-25,area_frac,0.001024545868858695,0.00204909173771739,0.001024545868858695,2
egoa,2021-03-26,area_frac,0.001024545868858695,0.00204909173771739,0.001024545868858695,3
egoa,2021-03-27,area_frac,0.001024545868858695,0.00204909173771739,0.001024545868858695,4
egoa,2021-09-07,area_frac,0.0,0.00108844053465873,0.00108844053465873,0
egoa,2022-10-14,area_frac,0.5211282968521118,0.522152841091156,0.0010245442390441895,5
egoa,2022-10-15,area_frac,0.5170773863792419,0.5223256349563599,0.00524824857711792,4
egoa,2022-10-16,area_frac,0.5061058402061462,0.5123786330223083,0.006272792816162109,3
egoa,2022-10-17,area_frac,0.5051320791244507,0.5145414471626282,0.00940936803817749,2
egoa,2022-10-18,area_frac,0.49581223726272583,0.5052216053009033,0.00940936803817749,1
egoa,2022-10-19,area_frac,0.3066250681877136,0.4742622673511505,0.1676371991634369,0
egoa,2022-10-20,area_frac,0.3088434636592865,0.4412924349308014,0.1324489712715149,1
egoa,2022-10-21,area_frac,0.3088434636592865,0.4096844792366028,0.10084101557731628,2
egoa,2022-10-22,area_frac,0.3088434636592865,0.38559064269065857,0.07674717903137207,3
egoa,2022-10-23,area_frac,0.3088434636592865,0.34542983770370483,0.036586374044418335,4
egoa,2022-10-24,area_frac,0.31085649132728577,0.32545000314712524,0.014593511819839478,5
egoa,2024-03-28,area_frac,0.1157689020037651,0.11683622747659683,0.001067325472831726,3
egoa,2024-03-29,area_frac,0.11131066083908081,0.11237798631191254,0.001067325472831726,2
egoa,2024-03-30,area_frac,0.08837121725082397,0.0894385427236557,0.001067325472831726,1
egoa,2024-03-31,area_frac,0.00860169529914856,0.05633946880698204,0.04773777350783348,0
egoa,2024-04-01,area_frac,0.00860169529914856,0.02790353074669838,0.01930183544754982,1
egoa,2024-04-02,area_frac,0.00860169529914856,0.01719598099589348,0.008594285696744919,2
egoa,2024-04-03,area_frac,0.00860169529914856,0.012877723202109337,0.004276027902960777,3
egoa,2024-04-04,area_frac,0.00860169529914856,0.012877723202109337,0.004276027902960777,4
egoa,2024-04-05,area_frac,0.010722164064645767,0.011775308288633823,0.0010531442239880562,5
egoa,2025-06-19,area_frac,0.0,0.0021204885561019182,0.0021204885561019182,3
egoa,2025-06-20,area_frac,0.0,0.0021204885561019182,0.0021204885561019182,2
egoa,2025-06-21,area_frac,0.0,0.0021204885561019182,0.0021204885561019182,1
egoa,2025-06-22,area_frac,0.0,0.0021204885561019182,0.0021204885561019182,0
egoa,2025-06-23,area_frac,0.0,0.0021204885561019182,0.0021204885561019182,1
egoa,2025-06-24,area_frac,0.0,0.0010602442780509591,0.0010602442780509591,2
egoa,2026-06-07,area_frac,0.002232589293271303,0.003348894650116563,0.0011163053568452597,1
egoa,2026-06-08,area_frac,0.0,0.004451309330761433,0.004451309330761433,0
egoa,2026-06-09,area_frac,0.002218720270320773,0.004451309330761433,0.0022325890604406595,1
egoa,2026-06-10,area_frac,0.010005119256675243,0.01223770808428526,0.002232588827610016,2
goa,2021-03-18,area_frac,0.0011992288054898381,0.0016609074082225561,0.000461678602732718,5
goa,2021-03-19,area_frac,0.0011992288054898381,0.004732913337647915,0.0035336845321580768,4
goa,2021-03-20,area_frac,0.0011992288054898381,0.007887434214353561,0.006688205408863723,3
goa,2021-03-21,area_frac,0.0011992288054898381,0.011911870911717415,0.010712642106227577,2
goa,2021-03-22,area_frac,0.0011992288054898381,0.01597660779953003,0.014777378994040191,1
goa,2021-03-23,area_frac,0.0,0.021427595987915993,0.021427595987915993,0
goa,2021-03-24,area_frac,0.009083425626158714,0.0210287943482399,0.011945368722081184,1
goa,2021-03-25,area_frac,0.009083425626158714,0.020228367298841476,0.011144941672682762,2
goa,2021-03-26,area_frac,0.009083425626158714,0.020228367298841476,0.011144941672682762,3
goa,2021-03-27,area_frac,0.009083425626158714,0.013535157777369022,0.004451732151210308,4
goa,2021-09-04,area_frac,0.0023629367351531982,0.002832486992701888,0.00046955025754868984,3
goa,2021-09-05,area_frac,0.0019869785755872726,0.002456529065966606,0.0004695504903793335,2
goa,2021-09-06,area_frac,0.0008533421787433326,0.0013228924944996834,0.00046955031575635076,1
goa,2021-09-07,area_frac,0.0,0.0008962214342318475,0.0008962214342318475,0
goa,2021-09-08,area_frac,0.0008060627151280642,0.0012756130890920758,0.00046955037396401167,1
goa,2021-09-09,area_frac,0.0008060627151280642,0.0012756130890920758,0.00046955037396401167,2
goa,2021-09-10,area_frac,0.0008060627151280642,0.0012756130890920758,0.00046955037396401167,3
goa,2021-09-11,area_frac,0.0008060627151280642,0.0012756130890920758,0.00046955037396401167,4
goa,2022-10-14,area_frac,0.2042834311723709,0.2046850472688675,0.00040161609649658203,5
goa,2022-10-15,area_frac,0.20269547402858734,0.20475280284881592,0.0020573288202285767,4
goa,2022-10-16,area_frac,0.19839459657669067,0.20085354149341583,0.0024589449167251587,3
goa,2022-10-17,area_frac,0.19801288843154907,0.20170138776302338,0.003688499331474304,2
goa,2022-10-18,area_frac,0.19435948133468628,0.19804798066616058,0.003688499331474304,1
goa,2022-10-19,area_frac,0.12019769847393036,0.1859118491411209,0.06571415066719055,0
goa,2022-10-20,area_frac,0.12106731534004211,0.17298761010169983,0.051920294761657715,1
goa,2022-10-21,area_frac,0.12106731534004211,0.16059722006320953,0.03952990472316742,2
goa,2022-10-22,area_frac,0.12106731534004211,0.1511523723602295,0.030085057020187378,3
goa,2022-10-23,area_frac,0.12106731534004211,0.13540925085544586,0.014341935515403748,4
goa,2022-10-24,area_frac,0.12185642123222351,0.12757712602615356,0.005720704793930054,5
goa,2023-01-28,area_frac,0.12871408462524414,0.14714086055755615,0.01842677593231201,4
goa,2023-01-29,area_frac,0.12871408462524414,0.1521100550889969,0.023395970463752747,3
goa,2023-01-30,area_frac,0.12834390997886658,0.1644306480884552,0.03608673810958862,2
goa,2023-01-31,area_frac,0.12797664105892181,0.1654004156589508,0.03742377460002899,1
goa,2023-02-01,area_frac,0.11447024345397949,0.16760192811489105,0.05313168466091156,0
goa,2023-02-02,area_frac,0.14096474647521973,0.16678336262702942,0.025818616151809692,1
goa,2023-02-03,area_frac,0.14096474647521973,0.16362084448337555,0.022656098008155823,2
goa,2023-02-04,area_frac,0.14096474647521973,0.14820514619350433,0.007240399718284607,3
goa,2023-02-05,area_frac,0.14096474647521973,0.14503978192806244,0.004075035452842712,4
goa,2024-03-28,area_frac,0.04611911252140999,0.046537503600120544,0.00041839107871055603,3
goa,2024-03-29,area_frac,0.04437147080898285,0.044789861887693405,0.00041839107871055603,2
goa,2024-03-30,area_frac,0.03537915647029877,0.03579755127429962,0.0004183948040008545,1
goa,2024-03-31,area_frac,0.0033718834165483713,0.02282264269888401,0.01945075928233564,0
goa,2024-04-01,area_frac,0.0033718834165483713,0.011308419518172741,0.00793653610162437,1
goa,2024-04-02,area_frac,0.0033718834165483713,0.006740862037986517,0.0033689786214381456,2
goa,2024-04-03,area_frac,0.0033718834165483713,0.005048095714300871,0.0016762122977524996,3
goa,2024-04-04,area_frac,0.0033718834165483713,0.005048095714300871,0.0016762122977524996,4
goa,2024-04-05,area_frac,0.004203111864626408,0.004615946672856808,0.0004128348082304001,5
goa,2025-06-19,area_frac,0.001119123655371368,0.0019503597868606448,0.0008312361314892769,3
goa,2025-06-20,area_frac,0.001119123655371368,0.0023176316171884537,0.0011985079618170857,2
goa,2025-06-21,area_frac,0.001119123655371368,0.0023176316171884537,0.0011985079618170857,1
goa,2025-06-22,area_frac,0.0007345437770709395,0.0023176316171884537,0.0015830878401175141,0
goa,2025-06-23,area_frac,0.0007345437770709395,0.0019330518553033471,0.0011985080782324076,1
goa,2025-06-24,area_frac,0.0007345437770709395,0.0015174337895587087,0.0007828900124877691,2
goa,2025-06-25,area_frac,0.001172137912362814,0.0015394098591059446,0.0003672719467431307,3
goa,2025-06-26,area_frac,0.001172137912362814,0.0015394098591059446,0.0003672719467431307,4
goa,2026-06-05,area_frac,0.0008751798886805773,0.001265471102669835,0.0003902912139892578,3
goa,2026-06-06,area_frac,0.0008751798886805773,0.0024104733020067215,0.0015352934133261442,2
goa,2026-06-07,area_frac,0.0008751798886805773,0.0032153392676264048,0.0023401593789458275,1
goa,2026-06-08,area_frac,0.0,0.003647488309070468,0.003647488309070468,0
goa,2026-06-09,area_frac,0.0016042869538068771,0.003647488309070468,0.002043201355263591,1
goa,2026-06-10,area_frac,0.005110300146043301,0.007153501734137535,0.0020432015880942345,2
goa,2026-06-11,area_frac,0.01079602912068367,0.011186320334672928,0.0003902912139892578,3
goa,2026-06-12,area_frac,0.011668498627841473,0.01205878984183073,0.0003902912139892578,4
goa,2026-06-13,area_frac,0.012586573138833046,0.012976864352822304,0.0003902912139892578,5
goa,2026-06-14,area_frac,0.012586573138833046,0.012976864352822304,0.0003902912139892578,6
nbs,2023-01-30,area_frac,0.0,0.008403693325817585,0.008403693325817585,2
nbs,2023-01-31,area_frac,0.0,0.00960422120988369,0.00960422120988369,1
nbs,2023-02-01,area_frac,0.0,0.00960422120988369,0.00960422120988369,0
nbs,2025-06-18,area_frac,0.01681833155453205,0.019025390967726707,0.0022070594131946564,4
nbs,2025-06-19,area_frac,0.01681833155453205,0.028894394636154175,0.012076063081622124,3
nbs,2025-06-20,area_frac,0.01681833155453205,0.04285990074276924,0.02604156918823719,2
nbs,2025-06-21,area_frac,0.01681833155453205,0.06720074266195297,0.05038241110742092,1
nbs,2025-06-22,area_frac,0.01681833155453205,0.14014042913913727,0.12332209758460522,0
nbs,2025-06-23,area_frac,0.16240686178207397,0.17172150313854218,0.0093146413564682,1
nbs,2025-06-24,area_frac,0.178968608379364,0.1882832646369934,0.009314656257629395,2
nbs,2025-06-25,area_frac,0.178968608379364,0.18724091351032257,0.008272305130958557,3
nbs,2025-06-26,area_frac,0.178968608379364,0.1841423660516739,0.0051737576723098755,4
nbs,2026-06-04,area_frac,0.029602376744151115,0.03941541910171509,0.009813042357563972,4
nbs,2026-06-05,area_frac,0.024258391931653023,0.039611540734767914,0.015353148803114891,3
nbs,2026-06-06,area_frac,0.023168886080384254,0.05318845808506012,0.030019572004675865,2
nbs,2026-06-07,area_frac,0.022070011124014854,0.05317908897995949,0.031109077855944633,1
nbs,2026-06-08,area_frac,0.014378543011844158,0.05315069481730461,0.03877215180546045,0
nbs,2026-06-09,area_frac,0.027449974790215492,0.05532996729016304,0.027879992499947548,1
nbs,2026-06-10,area_frac,0.027449974790215492,0.05108487978577614,0.023634904995560646,2
nbs,2026-06-11,area_frac,0.027449974790215492,0.04993947222828865,0.022489497438073158,3
nbs,2026-06-12,area_frac,0.030996616929769516,0.041063033044338226,0.01006641611456871,4
nbs,2026-06-13,area_frac,0.03572548180818558,0.0446743443608284,0.008948862552642822,5
sebs,2021-03-19,area_frac,0.03615010902285576,0.043632056564092636,0.0074819475412368774,4
sebs,2021-03-20,area_frac,0.014806280843913555,0.02454066276550293,0.009734381921589375,3
sebs,2021-03-21,area_frac,0.014071851037442684,0.028360286727547646,0.014288435690104961,2
sebs,2021-03-22,area_frac,0.014071851037442684,0.029084771871566772,0.015012920834124088,1
sebs,2021-03-23,area_frac,0.00587485171854496,0.03494498133659363,0.029070129618048668,0
sebs,2021-03-24,area_frac,0.02506169117987156,0.03174027055501938,0.0066785793751478195,1
sebs,2021-03-25,area_frac,0.0309164896607399,0.03536716476082802,0.0044506751000881195,2
sebs,2021-03-26,area_frac,0.035371825098991394,0.03905857726931572,0.0036867521703243256,3
sebs,2021-03-27,area_frac,0.036050889641046524,0.038244251161813736,0.002193361520767212,4
sebs,2021-09-01,area_frac,0.1838115006685257,0.1845259815454483,0.0007144808769226074,6
sebs,2021-09-02,area_frac,0.19012919068336487,0.19969403743743896,0.009564846754074097,5
sebs,2021-09-03,area_frac,0.19012919068336487,0.25420069694519043,0.06407150626182556,4
sebs,2021-09-04,area_frac,0.17771226167678833,0.33668550848960876,0.15897324681282043,3
sebs,2021-09-05,area_frac,0.174632266163826,0.37135306000709534,0.19672079384326935,2
sebs,2021-09-06,area_frac,0.174632266163826,0.39150264859199524,0.21687038242816925,1
sebs,2021-09-07,area_frac,0.15258070826530457,0.41364744305610657,0.261066734790802,0
sebs,2021-09-08,area_frac,0.4100119173526764,0.45260757207870483,0.04259565472602844,1
sebs,2021-09-09,area_frac,0.4243602752685547,0.46695592999458313,0.04259565472602844,2
sebs,2021-09-10,area_frac,0.4554402530193329,0.49803587794303894,0.042595624923706055,3
sebs,2021-09-11,area_frac,0.4802381694316864,0.5156923532485962,0.03545418381690979,4
sebs,2022-10-17,area_frac,0.0,0.002957526594400406,0.002957526594400406,2
sebs,2022-10-18,area_frac,0.0,0.008123267441987991,0.008123267441987991,1
sebs,2022-10-19,area_frac,0.0,0.009606968611478806,0.009606968611478806,0
sebs,2022-10-20,area_frac,0.0059001995250582695,0.009606968611478806,0.003706769086420536,1
sebs,2022-10-21,area_frac,0.0059001995250582695,0.009606968611478806,0.003706769086420536,2
sebs,2022-10-22,area_frac,0.0059001995250582695,0.009606968611478806,0.003706769086420536,3
sebs,2022-10-23,area_frac,0.0059001995250582695,0.008128219284117222,0.0022280197590589523,4
sebs,2023-01-26,area_frac,0.25497886538505554,0.26183944940567017,0.006860584020614624,6
sebs,2023-01-27,area_frac,0.2903588116168976,0.32061702013015747,0.030258208513259888,5
sebs,2023-01-28,area_frac,0.28015702962875366,0.38482144474983215,0.10466441512107849,4
sebs,2023-01-29,area_frac,0.2685804069042206,0.5011672973632812,0.23258689045906067,3
sebs,2023-01-30,area_frac,0.2649231255054474,0.5560954809188843,0.2911723554134369,2
sebs,2023-01-31,area_frac,0.2649231255054474,0.5748955607414246,0.3099724352359772,1
sebs,2023-02-01,area_frac,0.26053643226623535,0.5872213244438171,0.3266848921775818,0
sebs,2023-02-02,area_frac,0.614063560962677,0.6234461665153503,0.00938260555267334,1
sebs,2023-02-03,area_frac,0.6350791454315186,0.6444617509841919,0.00938260555267334,2
sebs,2023-02-04,area_frac,0.6378664374351501,0.6472489833831787,0.009382545948028564,3
sebs,2023-02-05,area_frac,0.6435065865516663,0.6507912278175354,0.007284641265869141,4
sebs,2025-06-18,area_frac,0.0006841648137196898,0.001383550581522286,0.0006993857678025961,4
sebs,2025-06-19,area_frac,0.0006841648137196898,0.001383550581522286,0.0006993857678025961,3
sebs,2025-06-20,area_frac,0.0006841648137196898,0.001383550581522286,0.0006993857678025961,2
sebs,2025-06-21,area_frac,0.0006841648137196898,0.001383550581522286,0.0006993857678025961,1
sebs,2025-06-22,area_frac,0.0006841648137196898,0.001383550581522286,0.0006993857678025961,0
sebs,2026-06-04,area_frac,0.0027366462163627148,0.008184452541172504,0.00544780632480979,4
sebs,2026-06-05,area_frac,0.0027366462163627148,0.009562956169247627,0.0068263099528849125,3
sebs,2026-06-06,area_frac,0.0027366462163627148,0.010252207517623901,0.007515561301261187,2
sebs,2026-06-07,area_frac,0.0027366462163627148,0.010252207517623901,0.007515561301261187,1
sebs,2026-06-08,area_frac,0.0027366462163627148,0.01163069810718298,0.008894051890820265,0
wgoa,2021-03-18,area_frac,0.0,0.0007593425107188523,0.0007593425107188523,5
wgoa,2021-03-19,area_frac,0.0,0.005151433404535055,0.005151433404535055,4
wgoa,2021-03-20,area_frac,0.0,0.010339808650314808,0.010339808650314808,3
wgoa,2021-03-21,area_frac,0.0,0.016958972439169884,0.016958972439169884,2
wgoa,2021-03-22,area_frac,0.0,0.023644419386982918,0.023644419386982918,1
wgoa,2021-03-23,area_frac,0.0,0.031949322670698166,0.031949322670698166,0
wgoa,2021-03-24,area_frac,0.014279330149292946,0.031949322670698166,0.01766999252140522,1
wgoa,2021-03-25,area_frac,0.014279330149292946,0.031949322670698166,0.01766999252140522,2
wgoa,2021-03-26,area_frac,0.014279330149292946,0.031949322670698166,0.01766999252140522,3
wgoa,2021-03-27,area_frac,0.014279330149292946,0.020940715447068214,0.0066613852977752686,4
wgoa,2021-09-04,area_frac,0.0024828948080539703,0.0032551842741668224,0.0007722894661128521,3
wgoa,2021-09-05,area_frac,0.0018645405070856214,0.0026368300896137953,0.0007722895825281739,2
wgoa,2021-09-06,area_frac,0.0,0.000772289524320513,0.000772289524320513,1
wgoa,2021-09-07,area_frac,0.0,0.000772289524320513,0.000772289524320513,0
wgoa,2021-09-08,area_frac,0.0,0.000772289524320513,0.000772289524320513,1
wgoa,2021-09-09,area_frac,0.0,0.000772289524320513,0.000772289524320513,2
wgoa,2021-09-10,area_frac,0.0,0.000772289524320513,0.000772289524320513,3
wgoa,2021-09-11,area_frac,0.0,0.000772289524320513,0.000772289524320513,4
wgoa,2023-01-28,area_frac,0.21170157194137573,0.24200886487960815,0.030307292938232422,4
wgoa,2023-01-29,area_frac,0.21170157194137573,0.2501819133758545,0.03848034143447876,3
wgoa,2023-01-30,area_frac,0.2110927253961563,0.27044612169265747,0.05935339629650116,2
wgoa,2023-01-31,area_frac,0.21048866212368011,0.2720411419868469,0.06155247986316681,1
wgoa,2023-02-01,area_frac,0.1882741004228592,0.27566206455230713,0.08738796412944794,0
wgoa,2023-02-02,area_frac,0.2318507432937622,0.274315744638443,0.042465001344680786,1
wgoa,2023-02-03,area_frac,0.2318507432937622,0.2691141963005066,0.037263453006744385,2
wgoa,2023-02-04,area_frac,0.2318507432937622,0.24375934898853302,0.011908605694770813,3
wgoa,2023-02-05,area_frac,0.2318507432937622,0.23855313658714294,0.006702393293380737,4
wgoa,2024-03-31,area_frac,0.0,0.0012129093520343304,0.0012129093520343304,0
wgoa,2024-04-01,area_frac,0.0,0.0006088415975682437,0.0006088415975682437,1
wgoa,2025-06-20,area_frac,0.001840670476667583,0.0024447382893413305,0.0006040678126737475,2
wgoa,2025-06-21,area_frac,0.001840670476667583,0.0024447382893413305,0.0006040678126737475,1
wgoa,2025-06-22,area_frac,0.001208135625347495,0.0024447382893413305,0.0012366026639938354,0
wgoa,2025-06-23,area_frac,0.001208135625347495,0.0018122034380212426,0.0006040678126737475,1
wgoa,2025-06-24,area_frac,0.001208135625347495,0.0018122034380212426,0.0006040678126737475,2
wgoa,2025-06-25,area_frac,0.001208135625347495,0.0018122034380212426,0.0006040678126737475,3
wgoa,2025-06-26,area_frac,0.001208135625347495,0.0018122034380212426,0.0006040678126737475,4
wgoa,2026-06-05,area_frac,0.0,0.000641928578261286,0.000641928578261286,3
wgoa,2026-06-06,area_frac,0.0,0.00252516265027225,0.00252516265027225,2
wgoa,2026-06-07,area_frac,0.0,0.0031292305793613195,0.0031292305793613195,1
wgoa,2026-06-08,area_frac,0.0,0.0031292305793613195,0.0031292305793613195,0
wgoa,2026-06-09,area_frac,0.001208135625347495,0.0031292305793613195,0.0019210949540138245,1
wgoa,2026-06-10,area_frac,0.001954400911927223,0.0038754958659410477,0.0019210949540138245,2
wgoa,2026-06-11,area_frac,0.002700666431337595,0.00334259495139122,0.0006419285200536251,3
wgoa,2026-06-12,area_frac,0.002700666431337595,0.00334259495139122,0.0006419285200536251,4
wgoa,2026-06-13,area_frac,0.004210662096738815,0.00485259061679244,0.0006419285200536251,5
wgoa,2026-06-14,area_frac,0.004210662096738815,0.00485259061679244,0.0006419285200536251,6
